pair_id,pair_name,common_name,preferred_name,year,event_date,trading_event_date,preferred_dividend,common_dividend,spread_t-60,spread_t-40,spread_t-20,spread_t-10,spread_t-5,spread_t-1,spread_t0,change_t-60_to_t-1,change_t-20_to_t-1,change_t-5_to_t-1,ex_date_change_t0_minus_t-1,preferred_yield_t-60,common_yield_t-60,yield_gap_t-60,endpoint_dividend_removed_change,preferred_only_removed_change,current_common_market_cap,current_preferred_market_cap,current_preferred_market_cap_ratio,current_preferred_avg_traded_value_20
hyundai_motor_3pref,현대차/3우,현대차,현대차3우B,2001,2001-12-27,2001-12-27,800.0,750.0,58.91,61.92,63.65,62.69,63.17,60.89,65.89,1.980000000000004,-2.759999999999998,-2.280000000000001,5.0,11.799410029498524,4.545454545454546,7.2539554840439795,4.090000000000003,5.211212121212128,117121400000000,572600000000,0.48889442919910453,3688383382.0
sebang,세방,세방,세방우,2001,2001-12-27,2001-12-27,80.0,57.8327,23.58,27.79,21.15,20.54,21.57,19.35,21.19,-4.229999999999997,-1.7999999999999972,-2.219999999999999,1.8399999999999999,9.696969696969697,5.35487962962963,4.3420900673400675,-1.9894384054656555,0.9361290322580658,304300000000,38700000000,12.717712783437396,69159619.0
amore_holdings,아모레G,아모레퍼시픽홀딩스,아모레퍼시픽홀딩스우,2002,2002-12-27,2002-12-27,501.306,488.1138,47.0,46.51,47.08,51.58,50.55,52.89,53.23,5.890000000000001,5.810000000000002,2.3400000000000034,0.3399999999999963,10.99837648091268,5.675741860465116,5.322634620447564,9.979037504058383,12.922977709238758,2072000000000,76600000000,3.696911196911197,180063238.0
hyundai_motor_3pref,현대차/3우,현대차,현대차3우B,2002,2002-12-27,2002-12-27,900.0,850.0,56.63,57.98,57.69,56.07,56.12,57.98,61.2,1.3499999999999943,0.28999999999999915,1.8599999999999994,3.220000000000006,7.43801652892562,3.046594982078853,4.391421546846767,3.168994974874373,4.282052117263845,117121400000000,572600000000,0.48889442919910453,3688383382.0
sebang,세방,세방,세방우,2002,2002-12-27,2002-12-27,80.0,57.8327,24.96,22.75,18.69,20.58,22.91,22.19,16.0,-2.7699999999999996,3.5,-0.7199999999999989,-6.190000000000001,5.369127516778524,2.912019133937563,2.45710838284096,-0.7101905554312786,1.7592784667418258,304300000000,38700000000,12.717712783437396,69159619.0
amore_holdings,아모레G,아모레퍼시픽홀딩스,아모레퍼시픽홀딩스우,2003,2003-12-29,2003-12-29,620.0364,606.8442,49.57,60.01,59.19,61.01,62.45,59.55,59.77,9.979999999999997,0.35999999999999943,-2.9000000000000057,0.22000000000000597,13.242981631781289,6.537156091780674,6.705825540000615,13.218895987697543,15.077595686887797,2072000000000,76600000000,3.696911196911197,180063238.0
hyundai_motor_3pref,현대차/3우,현대차,현대차3우B,2003,2003-12-29,2003-12-29,1050.0,1000.0,58.9,59.7,60.42,60.37,61.42,60.82,62.37,1.9200000000000017,0.3999999999999986,-0.6000000000000014,1.5499999999999972,7.394366197183098,2.894356005788712,4.500010191394386,3.331759656652366,4.125210084033611,117121400000000,572600000000,0.48889442919910453,3688383382.0
sebang,세방,세방,세방우,2003,2003-12-29,2004-01-02,105.0,77.1102,25.08,23.37,32.08,32.09,33.46,28.9,32.18,3.8200000000000003,-3.1799999999999997,-4.560000000000002,3.280000000000001,7.954545454545454,4.376288308740069,3.578257145805386,6.134645601642102,8.50676207513417,304300000000,38700000000,12.717712783437396,69159619.0
amore_holdings,아모레G,아모레퍼시픽홀딩스,아모레퍼시픽홀딩스우,2004,2004-12-29,2004-12-29,646.421,633.2287,69.19,64.53,61.8,59.77,56.51,56.29,57.25,-12.899999999999999,-5.509999999999998,-0.21999999999999886,0.9600000000000009,13.080149736948604,3.947809850374065,9.13233988657454,-10.518401969087712,-8.900552670623142,2072000000000,76600000000,3.696911196911197,180063238.0
hyundai_motor_3pref,현대차/3우,현대차,현대차3우B,2004,2004-12-29,2004-12-29,1200.0,1150.0,51.1,51.06,47.55,47.93,47.45,46.73,49.16,-4.3700000000000045,-0.8200000000000003,-0.720000000000006,2.4299999999999997,4.1522491349480966,1.94585448392555,2.2063946510225465,-3.2140609636184863,-2.0615384615384684,117121400000000,572600000000,0.48889442919910453,3688383382.0
sebang,세방,세방,세방우,2004,2004-12-29,2004-12-29,130.0,96.3878,42.82,44.28,38.93,41.9,43.69,33.39,37.28,-9.43,-5.539999999999999,-10.299999999999997,3.8900000000000006,6.63265306122449,2.811779463243874,3.820873597980616,-7.849059286727446,-6.368310890621309,304300000000,38700000000,12.717712783437396,69159619.0
amore_holdings,아모레G,아모레퍼시픽홀딩스,아모레퍼시픽홀딩스우,2005,2005-12-28,2005-12-28,804.7281,791.5358,47.74,45.35,48.37,47.69,46.34,44.21,43.07,-3.530000000000001,-4.159999999999997,-2.1300000000000026,-1.1400000000000006,7.373356239692138,3.789791247725749,3.58356499196639,-1.8279416734161487,0.10507901390644747,2072000000000,76600000000,3.696911196911197,180063238.0
byc,BYC,BYC,BYC우,2005,2005-12-28,2005-12-28,80.0,75.0,41.98,50.47,48.79,54.88,53.13,53.8,54.83,11.82,5.009999999999998,0.6699999999999946,1.0300000000000011,1.391304347826087,0.756811301715439,0.634493046110648,12.217802197802207,12.517816593886465,306700000000,70600000000,23.019237039452236,73590341.0
gs,GS,GS,GS우,2005,2005-12-28,2005-12-28,1050.0,1000.0,29.63,20.08,20.42,18.57,20.79,22.87,20.34,-6.759999999999998,2.4499999999999993,2.080000000000002,-2.530000000000001,5.526315789473684,3.7037037037037033,1.8226120857699806,-5.579367088607594,-2.5044939271255053,7303100000000,102600000000,1.4048828579644261,368476671.0
hanwha_solutions,한화솔루션,한화솔루션,한화솔루션우,2005,2005-12-28,2005-12-28,399.1371,337.7278,30.57,17.24,25.82,23.49,22.9,32.03,33.16,1.4600000000000009,6.210000000000001,9.130000000000003,1.1299999999999955,4.848604227405247,2.8483410643501728,2.0002631630550747,2.9739230116780533,4.91394070360446,8147700000000,71900000000,0.8824576260785252,932607368.0
hyundai_motor,현대차/2우B,현대차,현대차2우B,2005,2005-12-28,2005-12-28,1350.0,1250.0,32.72,30.94,30.36,31.29,35.1,34.63,34.29,1.9100000000000037,4.270000000000003,-0.46999999999999886,-0.3400000000000034,2.459016393442623,1.531862745098039,0.9271536483445838,2.458479048111748,3.286128702757921,117121400000000,8968200000000,7.657183059628728,51327869559.0
hyundai_motor_3pref,현대차/3우,현대차,현대차3우B,2005,2005-12-28,2005-12-28,1300.0,1250.0,33.66,35.72,36.09,35.57,36.56,38.3,39.12,4.640000000000001,2.2099999999999937,1.7399999999999949,0.8200000000000003,2.41635687732342,1.5413070283600494,0.8750498489633709,5.191526125194002,5.9722778345250305,117121400000000,572600000000,0.48889442919910453,3688383382.0
hyundai_motor_pref,현대차/우,현대차,현대차우,2005,2005-12-28,2005-12-28,1300.0,1250.0,35.17,32.77,32.26,31.29,34.16,35.65,35.32,0.4799999999999969,3.3900000000000006,1.490000000000002,-0.3299999999999983,2.4574669187145557,1.531862745098039,0.9256041736165165,0.9914071391619217,1.8065066394279867,117121400000000,6010300000000,5.131683876729616,23876662676.0
korea_circuit,코리아써키트/우,코리아써키트,코리아써키트우,2005,2005-12-28,2005-12-28,75.7586,70.0902,58.01,54.99,55.95,57.46,56.61,55.41,57.71,-2.6000000000000014,-0.5400000000000063,-1.2000000000000028,2.3000000000000043,2.5236042638241174,0.980419639110365,1.5431846247137522,-1.9540991148206004,-1.5146568697389,2451000000000,71200000000,2.9049367605059158,71846911.0
kumho_petro,금호석유,금호석유,금호석유우,2005,2005-12-28,2005-12-28,700.0,650.0,41.61,30.43,36.89,34.62,38.9,40.8,43.26,-0.8100000000000023,3.9099999999999966,1.8999999999999986,2.460000000000001,5.511811023622047,2.9885057471264367,2.5233052764956105,0.806452442159383,2.6686069651741278,3315700000000,175700000000,5.299031878637995,525681394.0
lg,LG,LG,LG우,2005,2005-12-28,2005-12-28,550.0,548.494,36.67,37.68,37.64,38.93,41.04,40.35,39.08,3.6799999999999997,2.710000000000001,-0.6899999999999977,-1.2700000000000031,2.964959568733154,1.87263229771253,1.0923272710206235,4.311565030095423,5.2181451816170465,16131600000000,218600000000,1.3551042674006297,595146865.0
lg_chem,LG화학,LG화학,LG화학우,2005,2005-12-28,2005-12-28,1300.0,1250.0,29.2,23.41,31.73,22.22,20.5,27.19,27.54,-2.009999999999998,-4.539999999999999,6.690000000000001,0.34999999999999787,4.0625,2.765486725663717,1.2970132743362832,-1.307623318385648,0.2736842105263122,30001700000000,1486200000000,4.953719289240277,7677886829.0
lg_elec,LG전자,LG전자,LG전자우,2005,2005-12-28,2005-12-28,1300.0,1226.4762,34.23,36.49,33.85,33.2,34.46,33.99,33.75,-0.23999999999999488,0.14000000000000057,-0.46999999999999886,-0.240000000000002,2.9279279279279278,1.816867195022591,1.111060732905337,0.3204631684500967,1.2185042400375892,24221200000000,1103300000000,4.555100490479415,11166996771.0
lg_household,LG생활건강,LG생활건강,LG생활건강우,2005,2005-12-28,2005-12-28,1050.0,1000.0,45.34,36.05,41.86,44.22,41.71,43.28,44.02,-2.0600000000000023,1.4200000000000017,1.5700000000000003,0.740000000000002,3.255813953488372,1.694915254237288,1.5608986992510838,-1.2014564831261154,-0.2265619546247848,4208200000000,246900000000,5.867116581911506,1048198600.0
lotte_chilsung,롯데칠성,롯데칠성,롯데칠성우,2005,2005-12-28,2005-12-27,230.0,225.0,55.65,52.68,46.99,51.35,50.6,55.4,54.31,-0.25,8.409999999999997,4.799999999999997,-1.0899999999999963,0.5637254901960784,0.24456521739130438,0.31916027280477405,-0.12077002317795404,-0.01793422404933409,1108800000000,62600000000,5.645743145743146,101673918.0
namyang_dairy,남양유업,남양유업,남양유업우,2005,2005-12-28,2006-01-02,98.8237,95.0,55.64,54.21,54.71,52.8,51.47,54.45,55.63,-1.1899999999999977,-0.259999999999998,2.980000000000004,1.1799999999999997,0.430098359228794,0.1833976833976834,0.24670067583111066,-1.095484392661504,-1.0205144097222174,297600000000,73800000000,24.798387096774192,308281850.0
nexen_tire,넥센타이어,넥센타이어,넥센타이어1우B,2005,2005-12-28,2005-12-28,50.0,45.0,46.32,48.48,48.11,47.0,52.09,46.83,52.08,0.509999999999998,-1.2800000000000011,-5.260000000000005,5.25,5.159958720330237,2.4930747922437675,2.66688392808647,1.8096758104738129,2.9482926829268266,710000000000,28400000000,4.0,45546689.0
samsung_sdi,삼성SDI,삼성SDI,삼성SDI우,2005,2005-12-28,2005-12-28,1550.0,1465.6891,39.19,33.07,34.57,31.87,30.91,30.26,32.29,-8.929999999999996,-4.309999999999999,-0.6499999999999986,2.0299999999999976,2.286135693215339,1.3145193721973096,0.9716163210180296,-8.470549537055799,-7.595172413793101,55926400000000,555700000000,0.9936273387881216,9648202882.0
sebang,세방,세방,세방우,2005,2005-12-28,2005-12-28,130.0,125.0,51.36,57.27,55.56,57.33,54.89,54.71,54.79,3.3500000000000014,-0.8500000000000014,-0.17999999999999972,0.0799999999999983,2.264808362369338,1.059322033898305,1.205486328471033,4.114070193818762,4.6896380558428135,304300000000,38700000000,12.717712783437396,69159619.0
sk_discovery,SK디스커버리,SK디스커버리,SK디스커버리우,2005,2005-12-28,2005-12-28,350.0,606.472,21.51,14.69,14.7,18.6,14.74,19.36,20.28,-2.150000000000002,4.66,4.619999999999999,0.9200000000000017,3.863134657836645,5.254024083860348,-1.390889426023703,-3.0122292564120876,-0.0596684785855075,1051800000000,52500000000,4.991443240159726,171104200.0
amore_holdings,아모레G,아모레퍼시픽홀딩스,아모레퍼시픽홀딩스우,2006,2006-12-27,2006-12-27,130.0,125.0,47.21,48.47,52.19,53.7,49.32,58.26,56.88,11.049999999999997,6.07,8.939999999999998,-1.3799999999999955,1.908957415565345,0.9689922480620154,0.9399651675033295,11.505328467153284,11.804492753623194,2072000000000,76600000000,3.696911196911197,180063238.0
amorepacific,아모레퍼시픽,아모레퍼시픽,아모레퍼시픽우,2006,2006-12-27,2006-12-27,455.0,450.0,55.5,52.81,50.48,52.08,51.68,56.66,56.66,1.1599999999999966,6.18,4.979999999999997,0.0,2.3697916666666665,1.0428736964078795,1.326917970258787,1.6262309758281077,1.96891651865009,7598200000000,484100000000,6.371245821378747,1027015362.0
byc,BYC,BYC,BYC우,2006,2006-12-27,2006-12-27,80.0,75.0,59.87,54.68,57.65,57.92,59.74,59.35,56.07,-0.519999999999996,1.7000000000000028,-0.39000000000000057,-3.280000000000001,1.2779552715654952,0.4807692307692308,0.7971860407962643,-0.19733224222585477,-0.0002931596091215738,306700000000,70600000000,23.019237039452236,73590341.0
gs,GS,GS,GS우,2006,2006-12-27,2006-12-27,1050.0,1000.0,35.79,39.0,35.93,33.22,34.11,33.66,35.28,-2.1300000000000026,-2.270000000000003,-0.45000000000000284,1.6200000000000045,5.25,3.210272873194221,2.0397271268057784,-0.8237837837837816,1.3015032679738567,7303100000000,102600000000,1.4048828579644261,368476671.0
hanwha_solutions,한화솔루션,한화솔루션,한화솔루션우,2006,2006-12-27,2006-12-26,399.1371,337.7278,30.67,36.97,40.8,38.1,39.37,42.25,41.49,11.579999999999998,1.4500000000000028,2.8800000000000026,-0.759999999999998,5.996651141826923,3.517997916666667,2.4786532251602558,13.345643549911443,14.933839563208736,8147700000000,71900000000,0.8824576260785252,932607368.0
hyundai_motor,현대차/2우B,현대차,현대차2우B,2006,2006-12-27,2006-12-27,1100.0,1000.0,40.49,42.25,42.04,44.14,43.89,44.74,44.37,4.25,2.700000000000003,0.8500000000000014,-0.37000000000000455,2.2988505747126435,1.2437810945273633,1.0550694801852805,5.058961424332345,5.855029239766083,117121400000000,8968200000000,7.657183059628728,51327869559.0
hyundai_motor_3pref,현대차/3우,현대차,현대차3우B,2006,2006-12-27,2006-12-27,1050.0,1000.0,47.24,48.11,47.2,47.07,47.72,48.17,48.74,0.9299999999999997,0.9699999999999989,0.45000000000000284,0.5700000000000003,2.4447031431897557,1.2285012285012284,1.2162019146885272,1.7214243323442062,2.4676023391812834,117121400000000,572600000000,0.48889442919910453,3688383382.0
hyundai_motor_pref,현대차/우,현대차,현대차우,2006,2006-12-27,2006-12-27,1050.0,1000.0,42.54,43.36,42.18,43.84,44.4,44.59,44.44,2.0500000000000043,2.4100000000000037,0.19000000000000483,-0.15000000000000568,2.272727272727273,1.2437810945273633,1.0289461781999096,2.786409495548966,3.585730994152051,117121400000000,6010300000000,5.131683876729616,23876662676.0
kumho_petro,금호석유,금호석유,금호석유우,2006,2006-12-27,2006-12-27,750.0,700.0,54.46,50.97,57.77,55.66,55.81,57.81,58.88,3.3500000000000014,0.03999999999999915,2.0,1.0700000000000003,5.88235294117647,2.5,3.3823529411764706,4.8051757188498385,5.696249999999999,3315700000000,175700000000,5.299031878637995,525681394.0
lg,LG,LG,LG우,2006,2006-12-27,2006-12-27,550.0,548.494,48.19,49.34,48.88,48.84,48.95,49.19,48.74,1.0,0.30999999999999517,0.23999999999999488,-0.44999999999999574,3.481012658227848,1.7985768625393497,1.6824357956884983,1.8339175658711042,2.6654787040407726,16131600000000,218600000000,1.3551042674006297,595146865.0
lg_chem,LG화학,LG화학,LG화학우,2006,2006-12-27,2006-12-27,1050.0,1000.0,38.26,37.89,40.6,39.88,39.15,40.02,41.09,1.7600000000000051,-0.5799999999999983,0.8700000000000045,1.0700000000000003,4.487179487179487,2.638522427440633,1.8486570597388539,2.832636579572444,4.199396751740146,30001700000000,1486200000000,4.953719289240277,7677886829.0
lg_elec,LG전자,LG전자,LG전자우,2006,2006-12-27,2006-12-27,800.0,735.8857,39.53,40.37,40.17,39.24,39.2,39.49,40.61,-0.03999999999999915,-0.6799999999999997,0.28999999999999915,1.1199999999999974,2.247191011235955,1.2499969424674289,0.9971940687685261,0.6227706727161575,1.4315102100778603,24221200000000,1103300000000,4.555100490479415,11166996771.0
lg_household,LG생활건강,LG생활건강,LG생활건강우,2006,2006-12-27,2006-12-27,1100.0,1050.0,53.18,55.04,53.24,58.89,62.67,59.11,58.72,5.93,5.869999999999997,-3.5600000000000023,-0.39000000000000057,3.0470914127423825,1.3618677042801557,1.6852237084622266,6.477002858309518,6.82,4208200000000,246900000000,5.867116581911506,1048198600.0
lotte_chilsung,롯데칠성,롯데칠성,롯데칠성우,2006,2006-12-27,2006-12-27,230.0,225.0,45.45,53.41,46.81,47.97,48.45,53.14,50.83,7.689999999999998,6.329999999999998,4.689999999999998,-2.3100000000000023,0.3833333333333333,0.20454545454545456,0.17878787878787875,7.781118682566721,7.86065759637188,1108800000000,62600000000,5.645743145743146,101673918.0
namyang_dairy,남양유업,남양유업,남양유업우,2006,2006-12-27,2006-12-26,98.8237,95.0,60.55,58.09,50.47,53.18,54.48,55.95,55.29,-4.599999999999994,5.480000000000004,1.470000000000006,-0.6600000000000037,0.33898295201179984,0.12855209742895804,0.21043085458284178,-4.535497014655327,-4.485152168674695,297600000000,73800000000,24.798387096774192,308281850.0
nexen_tire,넥센타이어,넥센타이어,넥센타이어1우B,2006,2006-12-27,2006-12-22,50.0,45.0,35.73,45.41,39.27,42.94,46.91,47.08,46.08,11.350000000000001,7.809999999999995,0.1700000000000017,-1.0,5.44069640914037,3.146853146853147,2.293843262287223,12.841428571428573,14.130724233983294,710000000000,28400000000,4.0,45546689.0
s_oil,S-Oil,S-Oil,S-Oil우,2006,2006-12-27,2006-12-27,2900.0,2875.0,21.65,19.91,20.7,22.14,22.0,23.01,24.49,1.360000000000003,2.3100000000000023,1.0100000000000016,1.4799999999999969,5.7654075546719685,4.478193146417445,1.287214408254523,2.3601707228478013,5.40718270571827,13307300000000,225200000000,1.6923042239973547,1363291359.0
samsung_elec,삼성전자,삼성전자,삼성전자우,2006,2006-12-27,2006-12-27,101.0,100.0,25.11,25.37,22.59,18.33,20.36,19.28,21.82,-5.829999999999998,-3.3099999999999987,-1.0799999999999983,2.539999999999999,1.0171198388721048,0.7541478129713424,0.2629720259007624,-5.666478405315615,-5.0029159802306395,1587264600000000,148759600000000,9.372073188049427,701114439976.0
samsung_electro,삼성전기,삼성전기,삼성전기우,2006,2006-12-27,2006-12-27,550.0,500.0,47.98,49.18,50.0,48.99,50.52,50.12,51.05,2.1400000000000006,0.11999999999999744,-0.4000000000000057,0.9299999999999997,2.849740932642487,1.3477088948787064,1.5020320377637808,2.865410628019333,3.451980906921243,68494100000000,1109000000000,1.619117559030632,25204450647.0
samsung_sdi,삼성SDI,삼성SDI,삼성SDI우,2006,2006-12-27,2006-12-27,650.0,586.2756,37.52,35.89,33.74,32.96,35.53,34.96,34.69,-2.5600000000000023,1.2199999999999989,-0.5700000000000003,-0.2700000000000031,1.352757544224766,0.7623869960988297,0.5903705481259361,-2.138359182961338,-1.5510077519379877,55926400000000,555700000000,0.9936273387881216,9648202882.0
sebang,세방,세방,세방우,2006,2006-12-27,2006-12-27,155.0,150.0,51.23,47.05,55.99,52.57,54.45,52.59,52.81,1.3600000000000065,-3.3999999999999986,-1.8599999999999994,0.21999999999999886,4.613095238095238,2.1770682148040637,2.4360270232911745,2.3714405762304978,3.1921698113207597,304300000000,38700000000,12.717712783437396,69159619.0
sk_discovery,SK디스커버리,SK디스커버리,SK디스커버리우,2006,2006-12-27,2006-12-27,300.0,505.3933,28.08,29.97,32.6,28.6,30.81,29.18,30.57,1.1000000000000014,-3.4200000000000017,-1.629999999999999,1.3900000000000006,1.89873417721519,2.3004838636260185,-0.40174968641082875,0.8443208851579058,2.3861344321400964,1051800000000,52500000000,4.991443240159726,171104200.0
amore_holdings,아모레G,아모레퍼시픽홀딩스,아모레퍼시픽홀딩스우,2007,2007-12-27,2007-12-27,150.0,145.0,59.84,61.68,58.73,58.92,55.51,55.26,55.65,-4.580000000000005,-3.469999999999999,-0.25,0.39000000000000057,1.9607843137254901,0.7611548556430446,1.1996294580824456,-4.011371637329795,-3.5900000000000034,2072000000000,76600000000,3.696911196911197,180063238.0
amorepacific,아모레퍼시픽,아모레퍼시픽,아모레퍼시픽우,2007,2007-12-27,2007-12-27,505.0,500.0,62.13,60.34,64.24,66.97,67.88,67.25,67.41,5.119999999999997,3.010000000000005,-0.6299999999999955,0.1599999999999966,1.9611650485436893,0.7352941176470588,1.2258709308966305,5.624050073637697,5.859766081871349,7598200000000,484100000000,6.371245821378747,1027015362.0
byc,BYC,BYC,BYC우,2007,2007-12-27,2007-12-27,85.0,80.0,52.53,54.01,55.8,58.8,60.1,59.05,58.89,6.519999999999996,3.25,-1.0500000000000043,-0.1599999999999966,0.9042553191489361,0.40404040404040403,0.500214915108532,6.76563967417345,6.921073985680188,306700000000,70600000000,23.019237039452236,73590341.0
gs,GS,GS,GS우,2007,2007-12-27,2007-12-27,1050.0,1000.0,33.3,41.78,42.5,44.39,42.68,44.68,44.63,11.380000000000003,2.1799999999999997,2.0,-0.04999999999999716,3.215926493108729,2.0429009193054135,1.1730255738033153,12.223648648648656,13.128571428571433,7303100000000,102600000000,1.4048828579644261,368476671.0
hanwha_solutions,한화솔루션,한화솔루션,한화솔루션우,2007,2007-12-27,2007-12-27,449.0293,385.9746,51.29,56.57,50.59,51.18,49.3,49.82,48.17,-1.4699999999999989,-0.7700000000000031,0.5200000000000031,-1.6499999999999986,4.017799749463135,1.6821730224449771,2.3356267270181577,-0.07306069394970649,0.9352948106892285,8147700000000,71900000000,0.8824576260785252,932607368.0
hyundai_eandc,현대건설,현대건설,현대건설우,2007,2007-12-27,2007-12-27,298.3751,250.0,16.51,32.76,21.21,22.29,25.15,22.98,26.57,6.469999999999999,1.7699999999999996,-2.169999999999998,3.59,0.4219403238351127,0.29515938606847697,0.12678093776663574,6.5877772650534645,6.803552300785636,18641000000000,78200000000,0.41950539134166626,1141199206.0
hyundai_motor,현대차/2우B,현대차,현대차2우B,2007,2007-12-27,2007-12-27,1100.0,1000.0,46.91,47.22,50.29,52.99,52.97,52.77,51.62,5.8600000000000065,2.480000000000004,-0.19999999999999574,-1.1500000000000057,3.0513176144244105,1.4727540500736376,1.578563564350773,6.725116598079559,7.352516914749664,117121400000000,8968200000000,7.657183059628728,51327869559.0
hyundai_motor_3pref,현대차/3우,현대차,현대차3우B,2007,2007-12-27,2007-12-27,1050.0,1000.0,50.68,50.99,51.82,53.11,53.19,50.48,51.62,-0.20000000000000284,-1.3400000000000034,-2.710000000000001,1.1400000000000006,2.904564315352697,1.364256480218281,1.5403078351344162,0.5769832402234627,1.2483746556473818,117121400000000,572600000000,0.48889442919910453,3688383382.0
hyundai_motor_pref,현대차/우,현대차,현대차우,2007,2007-12-27,2007-12-27,1050.0,1000.0,46.32,46.03,51.32,52.5,52.14,52.1,51.34,5.780000000000001,0.7800000000000011,-0.03999999999999915,-0.759999999999998,2.880658436213992,1.4727540500736376,1.4079043861403542,6.560658436213991,7.198267929634646,117121400000000,6010300000000,5.131683876729616,23876662676.0
kumho_petro,금호석유,금호석유,금호석유우,2007,2007-12-27,2007-12-27,800.0,750.0,58.22,57.17,59.64,60.82,57.02,55.36,57.14,-2.8599999999999994,-4.280000000000001,-1.6600000000000037,1.7800000000000011,2.666666666666667,1.0445682451253482,1.6220984215413188,-2.020904977375565,-1.4342857142857142,3315700000000,175700000000,5.299031878637995,525681394.0
lg,LG,LG,LG우,2007,2007-12-27,2007-12-27,800.0,822.741,49.94,54.9,56.04,57.08,58.05,57.23,56.95,7.289999999999999,1.1899999999999977,-0.8200000000000003,-0.27999999999999403,2.5559105431309903,1.3157961233367452,1.240114419794245,7.8601810523849025,8.294337876703771,16131600000000,218600000000,1.3551042674006297,595146865.0
lg_chem,LG화학,LG화학,LG화학우,2007,2007-12-27,2007-12-27,2050.0,2000.0,51.91,57.67,60.53,56.46,54.51,54.7,54.82,2.7900000000000063,-5.829999999999998,0.19000000000000483,0.11999999999999744,4.394426580921758,2.0618556701030926,2.332570910818665,4.039781659388645,4.981025641025639,30001700000000,1486200000000,4.953719289240277,7677886829.0
lg_elec,LG전자,LG전자,LG전자우,2007,2007-12-27,2007-12-27,900.0,834.0038,42.76,46.25,48.94,52.09,49.52,50.41,50.53,7.649999999999999,1.4699999999999989,0.8899999999999935,0.12000000000000455,2.195121951219512,1.1643869544578784,1.0307349967616337,8.133693380984255,8.535042286095084,24221200000000,1103300000000,4.555100490479415,11166996771.0
lg_household,LG생활건강,LG생활건강,LG생활건강우,2007,2007-12-27,2007-12-27,1550.0,1500.0,58.64,61.88,64.71,65.16,64.56,64.47,65.87,5.829999999999998,-0.23999999999999488,-0.09000000000000341,1.4000000000000057,2.6770293609671847,1.0714285714285714,1.6056007895386133,6.359999999999999,6.632727272727266,4208200000000,246900000000,5.867116581911506,1048198600.0
namyang_dairy,남양유업,남양유업,남양유업우,2007,2007-12-27,2007-12-27,98.8237,95.0,43.94,59.04,60.38,65.03,62.68,65.4,66.43,21.460000000000008,5.020000000000003,2.720000000000006,1.0300000000000011,0.19607876984126987,0.10567296996662957,0.09040579987464029,21.532672580910145,21.568559846827128,297600000000,73800000000,24.798387096774192,308281850.0
nexen_tire,넥센타이어,넥센타이어,넥센타이어1우B,2007,2007-12-27,2007-12-24,50.0,45.0,58.26,59.21,58.33,58.96,62.63,64.24,63.92,5.979999999999997,5.909999999999997,1.6099999999999923,-0.3199999999999932,2.785515320334262,1.0465116279069768,1.7390036924272851,6.841522842639598,7.235608531994991,710000000000,28400000000,4.0,45546689.0
s_oil,S-Oil,S-Oil,S-Oil우,2007,2007-12-27,2007-12-27,5150.0,5125.0,14.62,16.31,16.47,17.7,16.81,16.29,19.13,1.67,-0.17999999999999972,-0.5199999999999996,2.84,7.346647646219687,6.242387332521315,1.1042603136983713,2.7643700159489644,7.835089820359281,13307300000000,225200000000,1.6923042239973547,1363291359.0
samsung_elec,삼성전자,삼성전자,삼성전자우,2007,2007-12-27,2007-12-27,151.0,150.0,25.39,22.69,25.85,25.25,25.08,25.43,24.56,0.03999999999999915,-0.4200000000000017,0.3500000000000014,-0.870000000000001,1.7599067599067602,1.3043478260869565,0.4555589338198036,0.3856354075372508,1.3487543252595167,1587264600000000,148759600000000,9.372073188049427,701114439976.0
samsung_electro,삼성전기,삼성전기,삼성전기우,2007,2007-12-27,2007-12-27,550.0,500.0,50.64,49.22,50.19,50.59,51.17,51.91,53.09,1.269999999999996,1.7199999999999989,0.7399999999999949,1.1800000000000068,2.037037037037037,0.9140767824497258,1.1229602545873114,1.895496957403651,2.3720481927710892,68494100000000,1109000000000,1.619117559030632,25204450647.0
sebang,세방,세방,세방우,2007,2007-12-27,2007-12-27,155.0,150.0,62.26,57.34,57.94,60.0,56.39,56.9,57.67,-5.359999999999999,-1.0399999999999991,0.509999999999998,0.7700000000000031,2.6495726495726495,0.967741935483871,1.6818307140887785,-4.574410480349336,-4.027241379310347,304300000000,38700000000,12.717712783437396,69159619.0
sk_discovery,SK디스커버리,SK디스커버리,SK디스커버리우,2007,2007-12-27,2007-12-27,300.0,505.3933,41.77,42.13,45.69,41.79,41.42,43.37,43.08,1.5999999999999943,-2.3200000000000003,1.9499999999999957,-0.28999999999999915,1.079136690647482,1.0585261283904075,0.020610562257074652,1.6265652383259521,2.246112964005711,1051800000000,52500000000,4.991443240159726,171104200.0
sk_innovation,SK이노베이션,SK이노베이션,SK이노베이션우,2007,2007-12-27,2007-12-27,2079.3967,1988.9518,45.28,50.98,55.61,60.56,59.38,58.81,59.49,13.530000000000001,3.200000000000003,-0.5700000000000003,0.6799999999999997,2.5234784349894417,1.3207552858053548,1.2027231491840868,14.29075492210032,14.773149622359668,23295500000000,94500000000,0.40565774505805846,608843965.0
amore_holdings,아모레G,아모레퍼시픽홀딩스,아모레퍼시픽홀딩스우,2008,2008-12-29,2008-12-29,150.0,145.0,64.98,71.68,76.61,71.58,71.14,71.31,73.91,6.329999999999998,-5.299999999999997,0.1700000000000017,2.5999999999999943,3.4403669724770642,1.1646586345381527,2.275708337938912,7.45889755590224,7.868360655737703,2072000000000,76600000000,3.696911196911197,180063238.0
amorepacific,아모레퍼시픽,아모레퍼시픽,아모레퍼시픽우,2008,2008-12-29,2008-12-29,505.0,500.0,76.15,81.03,83.2,80.22,82.74,80.91,80.78,4.759999999999991,-2.2900000000000063,-1.8299999999999983,-0.12999999999999545,3.258064516129032,0.7692307692307693,2.488833746898263,5.4371710526315695,5.587357259380084,7598200000000,484100000000,6.371245821378747,1027015362.0
byc,BYC,BYC,BYC우,2008,2008-12-29,2008-12-29,80.0,75.0,61.54,61.41,64.64,64.2,65.66,62.0,65.27,0.46000000000000085,-2.6400000000000006,-3.6599999999999966,3.269999999999996,1.0666666666666667,0.38461538461538464,0.682051282051282,0.8584526112185671,1.0753846153846212,306700000000,70600000000,23.019237039452236,73590341.0
cj,CJ/우,CJ,CJ우,2008,2008-12-29,2008-12-29,1347.826,1304.3478,57.63,66.1,56.29,58.82,57.66,62.05,62.2,4.419999999999995,5.759999999999998,4.390000000000001,0.15000000000000568,8.030900315795746,3.2930591532227522,4.737841162572994,7.035285981982405,8.394315159378401,6346000000000,202300000000,3.1878348566025845,319652465.0
gs,GS,GS,GS우,2008,2008-12-29,2008-12-29,550.0,500.0,36.4,49.8,46.08,47.82,50.73,49.13,52.04,12.730000000000004,3.0500000000000043,-1.5999999999999943,2.9099999999999966,3.1161473087818696,1.8018018018018018,1.3143455069800678,13.8970297029703,14.862135922330097,7303100000000,102600000000,1.4048828579644261,368476671.0
hanwha_solutions,한화솔루션,한화솔루션,한화솔루션우,2008,2008-12-29,2008-12-29,399.1371,377.5341,51.31,41.37,48.01,53.43,55.78,51.48,52.45,0.1699999999999946,3.469999999999999,-4.300000000000004,0.970000000000006,7.380493713017751,3.3987585523946704,3.98173516062308,3.3630030844596703,5.760717388258371,8147700000000,71900000000,0.8824576260785252,932607368.0
hyundai_eandc,현대건설,현대건설,현대건설우,2008,2008-12-29,2008-12-29,547.0209,500.0,53.02,51.55,56.52,60.16,51.49,52.53,53.22,-0.490000000000002,-3.990000000000002,1.0399999999999991,0.6899999999999977,1.7886436909394108,0.7680491551459293,1.0205945357934816,0.05221989436619623,0.4617118673647411,18641000000000,78200000000,0.41950539134166626,1141199206.0
hyundai_motor,현대차/2우B,현대차,현대차2우B,2008,2008-12-29,2008-12-29,950.0,850.0,66.39,67.92,65.66,65.99,66.81,63.68,65.44,-2.710000000000001,-1.9799999999999969,-3.1300000000000026,1.759999999999998,3.877551020408163,1.1659807956104253,2.711570224797738,-0.9795020188425383,-0.20578947368420586,117121400000000,8968200000000,7.657183059628728,51327869559.0
hyundai_motor_3pref,현대차/3우,현대차,현대차3우B,2008,2008-12-29,2008-12-29,900.0,850.0,69.07,72.21,69.88,70.05,69.34,66.58,68.23,-2.489999999999995,-3.299999999999997,-2.760000000000005,1.6500000000000057,3.9911308203991127,1.1659807956104253,2.825150024788688,-0.8331224764468317,-0.1226315789473631,117121400000000,572600000000,0.48889442919910453,3688383382.0
hyundai_motor_pref,현대차/우,현대차,현대차우,2008,2008-12-29,2008-12-29,900.0,850.0,68.86,70.5,69.04,68.62,68.9,65.92,67.59,-2.9399999999999977,-3.1200000000000045,-2.980000000000004,1.6700000000000017,3.9647577092511015,1.1659807956104253,2.798776913640676,-1.2960699865410419,-0.5705263157894791,117121400000000,6010300000000,5.131683876729616,23876662676.0
kumho_petro,금호석유,금호석유,금호석유우,2008,2008-12-29,2008-12-29,800.0,750.0,70.03,59.13,63.12,61.63,64.55,61.75,64.29,-8.280000000000001,-1.3699999999999974,-2.799999999999997,2.5400000000000063,7.2727272727272725,2.043596730245232,5.229130542482041,-5.614415584415582,-4.280000000000001,3315700000000,175700000000,5.299031878637995,525681394.0
lg,LG,LG,LG우,2008,2008-12-29,2008-12-29,800.0,822.741,62.06,66.18,65.24,65.93,64.52,63.54,64.79,1.4799999999999969,-1.6999999999999957,-0.9799999999999969,1.250000000000007,3.187250996015936,1.2437881719779889,1.9434628240379475,2.581086363726655,3.212502333253738,16131600000000,218600000000,1.3551042674006297,595146865.0
lg_chem,LG화학,LG화학,LG화학우,2008,2008-12-29,2008-12-29,2550.0,2500.0,61.56,58.8,58.15,57.01,59.21,57.78,59.62,-3.780000000000001,-0.36999999999999744,-1.4299999999999997,1.8399999999999963,7.412790697674419,2.793296089385475,4.619494608288945,-1.6036046511627902,-0.19955119214586148,30001700000000,1486200000000,4.953719289240277,7677886829.0
lg_elec,LG전자,LG전자,LG전자우,2008,2008-12-29,2008-12-29,400.0,343.4133,54.82,63.64,61.88,62.04,58.43,57.69,57.82,2.8699999999999974,-4.190000000000005,-0.740000000000002,0.13000000000000256,0.8676789587852495,0.33653783209039323,0.5311411266948562,3.2264546014392224,3.4289878542510124,24221200000000,1103300000000,4.555100490479415,11166996771.0
lg_household,LG생활건강,LG생활건강,LG생활건강우,2008,2008-12-29,2008-12-29,2050.0,2000.0,73.25,81.1,77.43,75.49,76.22,76.45,77.54,3.200000000000003,-0.980000000000004,0.23000000000000398,1.0900000000000034,3.94990366088632,1.0309278350515463,2.9189758258347736,4.100427350427353,4.355633802816897,4208200000000,246900000000,5.867116581911506,1048198600.0
lotte_chilsung,롯데칠성,롯데칠성,롯데칠성우,2008,2008-12-29,2008-12-29,255.0,250.0,45.54,51.52,57.04,60.17,60.26,61.03,61.03,15.490000000000002,3.990000000000002,0.7700000000000031,0.0,0.5151515151515151,0.27502750275027504,0.24012401240124012,15.676138328530257,15.787586206896556,1108800000000,62600000000,5.645743145743146,101673918.0
namyang_dairy,남양유업,남양유업,남양유업우,2008,2008-12-29,2008-12-29,98.8237,95.0,57.67,52.89,53.52,24.94,37.79,35.77,47.87,-21.9,-17.75,-2.019999999999996,12.099999999999994,0.39370423489104023,0.16020236087689713,0.2335018740141431,-21.810279031692204,-21.668077712952154,297600000000,73800000000,24.798387096774192,308281850.0
nexen_tire,넥센타이어,넥센타이어,넥센타이어1우B,2008,2008-12-29,2008-12-29,20.0,15.0,47.74,32.7,58.84,56.08,58.65,61.17,57.92,13.43,2.3299999999999983,2.520000000000003,-3.25,1.7316017316017316,0.6787330316742082,1.0528686999275234,14.118190709046452,14.395922330097079,710000000000,28400000000,4.0,45546689.0
s_oil,S-Oil,S-Oil,S-Oil우,2008,2008-12-29,2008-12-29,1525.0,1500.0,19.34,22.37,31.71,29.31,28.68,25.31,28.44,5.969999999999999,-6.400000000000002,-3.370000000000001,3.1300000000000026,2.708703374777975,2.148997134670487,0.5597062401074882,6.6048818897637815,8.31384615384615,13307300000000,225200000000,1.6923042239973547,1363291359.0
samsung_elec,삼성전자,삼성전자,삼성전자우,2008,2008-12-29,2008-12-29,101.0,100.0,32.58,37.38,31.38,40.28,41.98,40.35,40.09,7.770000000000003,8.970000000000002,-1.6299999999999955,-0.259999999999998,1.4185393258426966,0.946969696969697,0.4715696288729997,8.229312638580929,8.878333333333337,1587264600000000,148759600000000,9.372073188049427,701114439976.0
samsung_electro,삼성전기,삼성전기,삼성전기우,2008,2008-12-29,2008-12-29,300.0,250.0,56.32,65.86,64.84,61.97,63.2,61.36,63.93,5.039999999999999,-3.480000000000004,-1.8400000000000034,2.5700000000000003,1.8292682926829267,0.6657789613848202,1.1634893312981065,5.664732824427482,5.952727272727266,68494100000000,1109000000000,1.619117559030632,25204450647.0
samsung_sdi,삼성SDI,삼성SDI,삼성SDI우,2008,2008-12-29,2008-12-29,300.0,244.2815,54.51,57.24,58.25,53.03,55.94,54.14,55.61,-0.36999999999999744,-4.109999999999999,-1.7999999999999972,1.4699999999999989,0.7633587786259541,0.28273321759259257,0.48062556103336157,-0.019721485508689796,0.18924812030074634,55926400000000,555700000000,0.9936273387881216,9648202882.0
sebang,세방,세방,세방우,2008,2008-12-29,2008-12-30,155.0,150.0,68.72,68.42,70.52,69.1,73.83,71.4,72.12,2.680000000000007,0.8800000000000097,-2.4299999999999926,0.7199999999999989,4.078947368421053,1.2345679012345678,2.844379467186485,3.780000000000001,4.178550724637674,304300000000,38700000000,12.717712783437396,69159619.0
sk_discovery,SK디스커버리,SK디스커버리,SK디스커버리우,2008,2008-12-29,2008-12-29,150.0,202.1573,47.16,47.7,56.97,57.83,56.09,56.02,57.99,8.860000000000007,-0.9499999999999957,-0.07000000000000028,1.9699999999999989,1.5400410677618068,1.0967140454619433,0.44332702229986365,9.251121608554804,9.802342049293138,1051800000000,52500000000,4.991443240159726,171104200.0
sk_innovation,SK이노베이션,SK이노베이션,SK이노베이션우,2008,2008-12-29,2008-12-29,2079.3967,1988.9518,53.15,47.35,56.36,58.22,57.82,53.58,54.19,0.4299999999999997,-2.780000000000001,-4.240000000000002,0.6099999999999994,5.512862748217078,2.470594124588535,3.0422686236285434,2.1657285056893016,3.458246971393663,23295500000000,94500000000,0.40565774505805846,608843965.0
amore_holdings,아모레G,아모레퍼시픽홀딩스,아모레퍼시픽홀딩스우,2009,2009-12-29,2009-12-29,165.0,160.0,67.33,65.16,62.26,61.86,61.81,62.36,61.62,-4.969999999999999,0.10000000000000142,0.5499999999999972,-0.740000000000002,3.36734693877551,1.0666666666666667,2.3006802721088437,-4.299111969111962,-3.9223566878980876,2072000000000,76600000000,3.696911196911197,180063238.0
amorepacific,아모레퍼시픽,아모레퍼시픽,아모레퍼시픽우,2009,2009-12-29,2009-12-29,555.0,550.0,72.31,71.99,69.97,69.94,69.34,70.05,69.56,-2.260000000000005,0.0799999999999983,0.7099999999999937,-0.4899999999999949,2.366737739872068,0.6493506493506493,1.7173870905214188,-1.828862766539089,-1.6523913043478302,7598200000000,484100000000,6.371245821378747,1027015362.0
byc,BYC,BYC,BYC우,2009,2009-12-29,2009-12-29,85.0,80.0,53.86,55.47,49.86,52.67,52.26,54.6,55.47,0.740000000000002,4.740000000000002,2.3400000000000034,0.8699999999999974,1.468048359240069,0.6374501992031872,0.8305981600368818,1.1318831168831238,1.4222580645161358,306700000000,70600000000,23.019237039452236,73590341.0
cj,CJ/우,CJ,CJ우,2009,2009-12-29,2009-12-29,739.1304,695.6522,58.96,55.84,58.22,59.71,60.45,60.21,62.25,1.25,1.990000000000002,-0.240000000000002,2.039999999999999,3.8637239937271297,1.4925276234203695,2.3711963703067607,2.1322597077754395,2.64086137888269,6346000000000,202300000000,3.1878348566025845,319652465.0
daekyo,대교,대교,대교우B,2009,2009-12-29,2009-12-29,93.06,84.6,44.95,38.03,45.25,43.58,45.13,46.39,47.53,1.4399999999999977,1.1400000000000006,1.259999999999998,1.1400000000000006,3.0461538461538464,1.524324324324324,1.5218295218295221,2.249849967606636,3.000588235294117,121100000000,19800000000,16.35012386457473,23757503.0
gs,GS,GS,GS우,2009,2009-12-29,2009-12-29,1050.0,1000.0,45.55,42.49,47.48,46.64,46.35,46.54,45.13,0.990000000000002,-0.9399999999999977,0.18999999999999773,-1.4099999999999966,6.017191977077363,3.1201248049921997,2.8970671720851637,2.5531866464339927,4.081811487481595,7303100000000,102600000000,1.4048828579644261,368476671.0
hanwha_solutions,한화솔루션,한화솔루션,한화솔루션우,2009,2009-12-29,2009-12-29,498.9214,485.401,52.72,52.04,50.36,52.81,52.82,52.52,54.47,-0.19999999999999574,2.1600000000000037,-0.29999999999999716,1.9499999999999957,8.333412393519293,3.8329200884396717,4.500492305079621,1.6374682422861468,3.1015794343113896,8147700000000,71900000000,0.8824576260785252,932607368.0
hyundai_eandc,현대건설,현대건설,현대건설우,2009,2009-12-29,2009-12-29,646.4792,600.0,41.6,40.42,46.22,44.34,43.9,38.24,42.48,-3.3599999999999994,-7.979999999999997,-5.659999999999997,4.239999999999995,1.771127366373524,0.96,0.8111273663735241,-2.9681146099290743,-2.4502402250351594,18641000000000,78200000000,0.41950539134166626,1141199206.0
hyundai_motor,현대차/2우B,현대차,현대차2우B,2009,2009-12-29,2009-12-29,1250.0,1150.0,62.57,63.73,59.09,60.18,61.69,62.5,63.9,-0.07000000000000028,3.4099999999999966,0.8100000000000023,1.3999999999999986,3.24254215304799,1.116504854368932,2.126037298679058,0.6188935633151047,0.971666666666664,117121400000000,8968200000000,7.657183059628728,51327869559.0
hyundai_motor_3pref,현대차/3우,현대차,현대차3우B,2009,2009-12-29,2009-12-29,1200.0,1150.0,67.52,67.35,65.66,66.28,67.42,67.75,68.76,0.23000000000000398,2.0900000000000034,0.3299999999999983,1.0100000000000051,3.587443946188341,1.116504854368932,2.470939091819409,0.9276230542701001,1.230000000000004,117121400000000,572600000000,0.48889442919910453,3688383382.0
hyundai_motor_pref,현대차/우,현대차,현대차우,2009,2009-12-29,2009-12-29,1200.0,1150.0,64.37,64.22,60.4,60.92,63.64,64.21,65.23,-0.1600000000000108,3.809999999999995,0.5699999999999932,1.0200000000000102,3.2697547683923704,1.116504854368932,2.1532499140234385,0.5016870004206879,0.838333333333324,117121400000000,6010300000000,5.131683876729616,23876662676.0
lg,LG,LG,LG우,2009,2009-12-29,2009-12-29,1050.0,1096.988,60.6,60.68,59.29,61.48,60.98,61.03,62.54,0.4299999999999997,1.740000000000002,0.05000000000000426,1.509999999999998,3.431372549019608,1.4124248393783718,2.0189477096412363,1.2257319896740029,1.7530004280929745,16131600000000,218600000000,1.3551042674006297,595146865.0
lg_chem,LG화학,LG화학,LG화학우,2009,2009-12-29,2009-12-29,3550.0,3500.0,65.3,62.39,64.15,63.98,63.33,62.05,63.39,-3.25,-2.1000000000000085,-1.2800000000000011,1.3400000000000034,4.883081155433287,1.6706443914081146,3.2124367640251728,-2.228406466512695,-1.6409090909090907,30001700000000,1486200000000,4.953719289240277,7677886829.0
lg_elec,LG전자,LG전자,LG전자우,2009,2009-12-29,2009-12-29,1800.0,1717.0667,53.88,56.83,56.56,55.64,56.3,56.95,57.61,3.0700000000000003,0.39000000000000057,0.6500000000000057,0.6599999999999966,3.5999999999999996,1.5837176720162334,2.0162823279837663,3.9794789445757672,4.591479802422349,24221200000000,1103300000000,4.555100490479415,11166996771.0
lg_household,LG생활건강,LG생활건강,LG생활건강우,2009,2009-12-29,2009-12-29,2550.0,2500.0,74.98,73.72,75.17,71.99,71.69,70.72,71.41,-4.260000000000005,-4.450000000000003,-0.9699999999999989,0.6899999999999977,3.875379939209726,0.9505703422053232,2.9248095970044035,-3.609893238434168,-3.3574250440917126,4208200000000,246900000000,5.867116581911506,1048198600.0
lotte_chilsung,롯데칠성,롯데칠성,롯데칠성우,2009,2009-12-29,2009-12-29,255.0,250.0,61.24,57.68,58.29,60.68,58.7,59.67,59.19,-1.5700000000000003,1.3800000000000026,0.9699999999999989,-0.480000000000004,0.8173076923076924,0.3105590062111801,0.5067486860965122,-1.3949053356282377,-1.2800457665903977,1108800000000,62600000000,5.645743145743146,101673918.0
namyang_dairy,남양유업,남양유업,남양유업우,2009,2009-12-29,2009-12-29,98.8237,95.0,50.32,47.18,48.98,45.16,49.53,49.6,50.94,-0.7199999999999989,0.6200000000000045,0.07000000000000028,1.3399999999999963,0.36166038426349495,0.17272727272727273,0.18893311153622222,-0.6242850920969047,-0.5377106884057952,297600000000,73800000000,24.798387096774192,308281850.0
nexen_tire,넥센타이어,넥센타이어,넥센타이어1우B,2009,2009-12-29,2009-12-29,65.0,60.0,69.06,71.48,67.64,69.0,67.97,68.27,70.2,-0.7900000000000063,0.6299999999999955,0.29999999999999716,1.9300000000000068,3.5135135135135136,1.0033444816053512,2.5101690319081627,-0.06158982511924194,0.2313385826771679,710000000000,28400000000,4.0,45546689.0
s_oil,S-Oil,S-Oil,S-Oil우,2009,2009-12-29,2009-12-29,775.0,750.0,22.77,18.98,17.0,20.3,17.36,19.86,18.53,-2.91,2.8599999999999994,2.5,-1.3299999999999983,1.5979381443298968,1.194267515923567,0.40367062840632983,-2.6023036187113853,-1.5591986062717744,13307300000000,225200000000,1.6923042239973547,1363291359.0
samsung_elec,삼성전자,삼성전자,삼성전자우,2009,2009-12-29,2009-12-29,151.0,150.0,35.74,34.54,34.03,33.63,34.5,34.56,34.48,-1.1799999999999997,0.5300000000000011,0.060000000000002274,-0.0800000000000054,1.5729166666666665,1.0040160642570282,0.5689006024096385,-0.839422706863374,-0.21903430749682684,1587264600000000,148759600000000,9.372073188049427,701114439976.0
samsung_electro,삼성전기,삼성전기,삼성전기우,2009,2009-12-29,2009-12-29,800.0,750.0,63.18,62.49,63.76,62.97,63.71,64.51,65.24,1.3300000000000054,0.7500000000000071,0.8000000000000043,0.7299999999999898,2.263083451202263,0.78125,1.481833451202263,1.8566748166259188,2.1112621359223382,68494100000000,1109000000000,1.619117559030632,25204450647.0
samsung_sdi,삼성SDI,삼성SDI,삼성SDI우,2009,2009-12-29,2009-12-29,1050.0,977.126,59.1,59.93,59.68,60.35,59.78,61.1,62.21,2.0,1.4200000000000017,1.3200000000000003,1.1099999999999994,1.7826825127334467,0.6785597222222223,1.1041227905112245,2.4631778814473364,2.721305841924398,55926400000000,555700000000,0.9936273387881216,9648202882.0
sebang,세방,세방,세방우,2009,2009-12-29,2009-12-28,180.0,175.0,68.33,65.59,66.59,66.96,67.86,67.03,66.85,-1.2999999999999972,0.4399999999999977,-0.8299999999999983,-0.18000000000000682,3.7894736842105265,1.1666666666666667,2.62280701754386,-0.4033944954128401,0.0033333333333303017,304300000000,38700000000,12.717712783437396,69159619.0
sk_discovery,SK디스커버리,SK디스커버리,SK디스커버리우,2009,2009-12-29,2009-12-29,550.0,1010.7867,52.85,51.41,52.37,52.32,51.19,50.89,51.35,-1.9600000000000009,-1.4799999999999969,-0.29999999999999716,0.46000000000000085,2.813299232736573,2.437980463096961,0.37531876963961197,-1.8157122366406142,-0.5596815124984147,1051800000000,52500000000,4.991443240159726,171104200.0
sk_innovation,SK이노베이션,SK이노베이션,SK이노베이션우,2009,2009-12-29,2009-12-29,2079.3967,1988.9518,62.15,58.87,57.94,59.91,58.41,59.24,60.32,-2.9099999999999966,1.3000000000000043,0.8300000000000054,1.0799999999999983,4.735695871005944,1.7142884970091878,3.021407373996756,-1.7212935814425236,-0.9986887503557753,23295500000000,94500000000,0.40565774505805846,608843965.0
amore_holdings,아모레G,아모레퍼시픽홀딩스,아모레퍼시픽홀딩스우,2010,2010-12-29,2010-12-29,180.0,175.0,56.64,57.43,58.65,53.61,53.4,51.96,53.07,-4.68,-6.689999999999998,-1.4399999999999977,1.1099999999999994,2.25,0.9485094850948509,1.301490514905149,-4.210207570207565,-3.8070702179176763,2072000000000,76600000000,3.696911196911197,180063238.0
amorepacific,아모레퍼시픽,아모레퍼시픽,아모레퍼시픽우,2010,2010-12-29,2010-12-29,605.0,600.0,72.68,73.14,73.07,73.29,72.44,72.56,72.66,-0.12000000000000455,-0.5099999999999909,0.12000000000000455,0.09999999999999432,2.0166666666666666,0.546448087431694,1.4702185792349727,0.2723389232127005,0.4148200175592507,7598200000000,484100000000,6.371245821378747,1027015362.0
byc,BYC,BYC,BYC우,2010,2010-12-29,2010-12-29,90.0,85.0,51.27,54.47,53.67,55.39,55.74,53.14,54.36,1.8699999999999974,-0.5300000000000011,-2.6000000000000014,1.2199999999999989,1.3432835820895521,0.6181818181818182,0.7251017639077341,2.1919032564021492,2.440691823899364,306700000000,70600000000,23.019237039452236,73590341.0
cj,CJ/우,CJ,CJ우,2010,2010-12-29,2010-12-29,739.1304,695.6522,66.43,64.11,64.48,64.99,64.93,63.43,64.38,-3.000000000000007,-1.0500000000000043,-1.500000000000007,0.9499999999999957,2.961615578795528,0.9356703610050036,2.025945217790525,-2.2890481859779612,-1.9272948359122353,6346000000000,202300000000,3.1878348566025845,319652465.0
cj_cheiljedang,CJ제일제당,CJ제일제당,CJ제일제당우,2010,2010-12-29,2010-12-29,4050.0,4000.0,69.8,66.99,66.71,66.48,66.91,66.51,67.48,-3.289999999999992,-0.19999999999998863,-0.3999999999999915,0.9699999999999989,5.450874831763122,1.6260162601626018,3.82485857160052,-2.019626168224306,-1.428440366972481,3485000000000,180900000000,5.190817790530847,578918194.0
daekyo,대교,대교,대교우B,2010,2010-12-29,2010-12-29,140.0,130.0,38.27,35.53,35.57,34.35,32.11,32.4,29.45,-5.8700000000000045,-3.1700000000000017,0.28999999999999915,-2.9499999999999993,3.7991858887381276,2.1775544388609713,1.6216314498771562,-5.042151898734183,-3.6963565891472925,121100000000,19800000000,16.35012386457473,23757503.0
doosan,두산/우,두산,두산우,2010,2010-12-29,2010-12-29,2262.6782,2207.491,69.21,65.41,66.39,67.21,67.46,65.72,67.32,-3.489999999999995,-0.6700000000000017,-1.7399999999999949,1.5999999999999943,4.426295897807077,1.3295015026590138,3.0967943951480636,-2.542592460221144,-2.0873775217921207,29424200000000,2821500000000,9.589045751456284,12443343176.0
doosan_2pref,두산/2우B,두산,두산2우B,2010,2010-12-29,2010-12-29,2207.491,2207.491,69.07,65.01,62.5,66.23,67.35,67.07,66.29,-2.0,4.569999999999993,-0.28000000000000114,-0.7799999999999869,4.445836102551709,1.3750325462031505,3.0708035563485585,-1.0843442761994595,-0.6515475534325361,29424200000000,553700000000,1.8817843815634747,801116324.0
gs,GS,GS,GS우,2010,2010-12-29,2010-12-29,1300.0,1250.0,57.34,57.4,59.78,59.45,59.94,58.6,60.53,1.259999999999998,-1.1799999999999997,-1.3399999999999963,1.9299999999999997,5.263157894736842,2.158894645941278,3.1042632487955637,2.4224350408314734,3.15562682215743,7303100000000,102600000000,1.4048828579644261,368476671.0
hanwha_solutions,한화솔루션,한화솔루션,한화솔루션우,2010,2010-12-29,2010-12-29,498.9214,485.401,65.14,59.95,59.99,60.53,61.31,60.01,61.6,-5.130000000000003,0.01999999999999602,-1.3000000000000043,1.5900000000000034,5.138751673704809,1.7429120287253141,3.395839644979495,-4.22726396987423,-3.672205839330644,8147700000000,71900000000,0.8824576260785252,932607368.0
hyundai_eandc,현대건설,현대건설,현대건설우,2010,2010-12-29,2010-12-29,745.9376,700.0,19.22,33.13,22.04,24.56,28.84,27.28,29.1,8.060000000000002,5.240000000000002,-1.5599999999999987,1.8200000000000003,1.2842393774533434,0.9735744089012517,0.31066496855209175,8.400599999999997,9.12130526315789,18641000000000,78200000000,0.41950539134166626,1141199206.0
hyundai_motor,현대차/2우B,현대차,현대차2우B,2010,2010-12-29,2010-12-29,1600.0,1500.0,63.75,63.99,62.29,62.14,62.7,62.07,63.34,-1.6799999999999997,-0.21999999999999886,-0.6300000000000026,1.2700000000000031,2.7586206896551726,0.9375,1.8211206896551722,-1.0755813953488413,-0.7528818443804113,117121400000000,8968200000000,7.657183059628728,51327869559.0
hyundai_motor_3pref,현대차/3우,현대차,현대차3우B,2010,2010-12-29,2010-12-29,1550.0,1500.0,69.72,69.29,68.16,68.6,68.71,67.55,68.73,-2.1700000000000017,-0.6099999999999994,-1.1599999999999966,1.1800000000000068,3.199174406604747,0.9375,2.2616744066047465,-1.5513953488372039,-1.2761959654178696,117121400000000,572600000000,0.48889442919910453,3688383382.0
hyundai_motor_pref,현대차/우,현대차,현대차우,2010,2010-12-29,2010-12-29,1550.0,1500.0,65.44,65.46,64.8,64.93,64.74,64.67,65.89,-0.769999999999996,-0.12999999999999545,-0.06999999999999318,1.2199999999999989,2.802893309222423,0.9375,1.8653933092224233,-0.17837209302324197,0.12195965417866717,117121400000000,6010300000000,5.131683876729616,23876662676.0
kolon_industries,코오롱인더,코오롱인더,코오롱인더우,2010,2010-12-29,2010-12-29,1250.0,1200.0,60.39,68.26,65.68,67.04,66.14,65.97,68.01,5.579999999999998,0.28999999999999204,-0.1700000000000017,2.0400000000000063,5.01002004008016,1.9051247856734617,3.104895254406699,6.811166180758022,7.375042979942691,2841900000000,85100000000,2.9944755269362044,630915362.0
kumho_petro,금호석유,금호석유,금호석유우,2010,2010-12-29,2010-12-29,1050.0,1000.0,71.41,72.46,72.65,71.03,71.27,70.79,70.67,-0.6199999999999903,-1.8599999999999994,-0.47999999999998977,-0.12000000000000455,5.072463768115942,1.3812154696132597,3.691248298502683,0.23772727272726968,0.556292134831466,3315700000000,175700000000,5.299031878637995,525681394.0
lg,LG,LG,LG우,2010,2010-12-29,2010-12-29,1050.0,1096.988,62.11,64.49,65.19,64.51,64.88,64.04,64.99,1.9300000000000068,-1.1499999999999915,-0.8399999999999892,0.9499999999999886,3.230769230769231,1.2787792595355778,1.951989971233653,2.6376147652214996,3.050890427794343,16131600000000,218600000000,1.3551042674006297,595146865.0
lg_chem,LG화학,LG화학,LG화학우,2010,2010-12-29,2010-12-29,4050.0,4000.0,63.64,64.92,55.63,55.84,56.81,58.27,59.0,-5.369999999999997,2.6400000000000006,1.4600000000000009,0.7299999999999969,3.4322033898305087,1.2326656394453006,2.199537750385208,-4.740795755968165,-4.309291338582682,30001700000000,1486200000000,4.953719289240277,7677886829.0
lg_elec,LG전자,LG전자,LG전자우,2010,2010-12-29,2010-12-29,250.0,196.2362,60.67,60.04,58.45,60.04,60.64,61.02,60.98,0.3500000000000014,2.5700000000000003,0.38000000000000256,-0.04000000000000625,0.6720430107526881,0.2074685471422832,0.464574463610405,0.5063568530569782,0.5744682848330385,24221200000000,1103300000000,4.555100490479415,11166996771.0
lg_household,LG생활건강,LG생활건강,LG생활건강우,2010,2010-12-29,2010-12-29,2700.0,2650.0,75.86,76.66,75.88,76.04,76.03,76.12,76.17,0.2600000000000051,0.2400000000000091,0.09000000000000341,0.04999999999999716,2.7551020408163267,0.6527093596059113,2.1023926812104152,0.7932936456580819,0.952339331619541,4208200000000,246900000000,5.867116581911506,1048198600.0
lotte_chilsung,롯데칠성,롯데칠성,롯데칠성우,2010,2010-12-29,2010-12-29,255.0,250.0,59.47,58.74,61.64,62.5,64.34,63.98,61.4,4.509999999999998,2.3399999999999963,-0.36000000000000654,-2.5799999999999983,0.8333333333333334,0.33112582781456956,0.5022075055187638,4.688258098778547,4.7831779661016895,1108800000000,62600000000,5.645743145743146,101673918.0
lx_hausys,LX하우시스,LX하우시스,LX하우시스우,2010,2010-12-29,2010-12-29,1050.0,1000.0,66.83,63.32,65.84,66.08,65.66,64.97,65.62,-1.8599999999999994,-0.8700000000000045,-0.6899999999999977,0.6500000000000057,3.134328358208955,0.9900990099009901,2.144229348307965,-1.0311834319526696,-0.6311695906432675,358300000000,19700000000,5.498185877756071,201685294.0
namyang_dairy,남양유업,남양유업,남양유업우,2010,2010-12-29,2010-12-29,103.7649,100.0,56.83,62.4,63.6,64.25,63.87,65.45,64.02,8.620000000000005,1.8500000000000014,1.5800000000000054,-1.4300000000000068,0.42168854391026944,0.17543859649122806,0.24624994741904135,8.72346470588235,8.772815042979929,297600000000,73800000000,24.798387096774192,308281850.0
nexen_tire,넥센타이어,넥센타이어,넥센타이어1우B,2010,2010-12-29,2010-12-29,50.0,45.0,62.65,67.93,67.13,68.76,67.88,67.43,67.11,4.780000000000008,0.30000000000001137,-0.44999999999998863,-0.3200000000000074,1.6366612111292964,0.5501222493887531,1.0865389617405432,5.209308671922379,5.3837756332931335,710000000000,28400000000,4.0,45546689.0
s_oil,S-Oil,S-Oil,S-Oil우,2010,2010-12-29,2010-12-29,2225.0,2200.0,35.43,33.73,36.37,33.64,35.56,36.31,38.46,0.8800000000000026,-0.05999999999999517,0.75,2.1499999999999986,4.874041621029573,3.1117397454031117,1.762301875626461,1.8154751131221758,3.3393156732891853,13307300000000,225200000000,1.6923042239973547,1363291359.0
samsung_elec,삼성전자,삼성전자,삼성전자우,2010,2010-12-29,2010-12-29,101.0,100.0,25.6,24.59,29.15,31.22,32.48,31.77,32.17,6.169999999999998,2.620000000000001,-0.7099999999999973,0.40000000000000213,0.8559322033898306,0.6305170239596469,0.22541517943018363,6.345337620578778,6.708102345415774,1587264600000000,148759600000000,9.372073188049427,701114439976.0
samsung_electro,삼성전기,삼성전기,삼성전기우,2010,2010-12-29,2010-12-29,1050.0,1000.0,58.45,59.46,55.87,57.11,57.46,56.73,57.66,-1.720000000000006,0.8599999999999994,-0.730000000000004,0.9299999999999997,2.1233569261880687,0.8403361344537815,1.2830207917342873,-1.2072016460905388,-0.8581632653061249,68494100000000,1109000000000,1.619117559030632,25204450647.0
samsung_sdi,삼성SDI,삼성SDI,삼성SDI우,2010,2010-12-29,2010-12-29,1650.0,1563.4017,59.8,61.49,58.78,59.24,59.17,59.64,60.0,-0.1599999999999966,0.8599999999999994,0.46999999999999886,0.35999999999999943,2.7918781725888326,1.0635385714285712,1.7283396011602614,0.4543716143280321,0.8231454005934751,55926400000000,555700000000,0.9936273387881216,9648202882.0
sebang,세방,세방,세방우,2010,2010-12-29,2010-12-29,180.0,175.0,69.46,67.79,65.42,64.3,64.0,63.29,63.92,-6.169999999999995,-2.1300000000000026,-0.7100000000000009,0.6300000000000026,3.339517625231911,0.9915014164305949,2.3480162088013157,-5.414323001631317,-5.008387096774186,304300000000,38700000000,12.717712783437396,69159619.0
sk_discovery,SK디스커버리,SK디스커버리,SK디스커버리우,2010,2010-12-29,2010-12-29,550.0,1010.7867,53.66,51.45,48.69,49.28,50.25,51.07,52.53,-2.5899999999999963,2.3800000000000026,0.8200000000000003,1.4600000000000009,2.8795811518324608,2.4522943859478867,0.4272867658845738,-2.4347265894157673,-1.0908300395256916,1051800000000,52500000000,4.991443240159726,171104200.0
sk_innovation,SK이노베이션,SK이노베이션,SK이노베이션우,2010,2010-12-29,2010-12-29,2079.3967,1988.9518,63.7,63.62,65.55,65.71,67.37,66.12,67.09,2.4200000000000017,0.5700000000000074,-1.25,0.9699999999999989,4.018701466865083,1.3953443897237305,2.623357077141352,3.202452297377917,3.56445676860217,23295500000000,94500000000,0.40565774505805846,608843965.0
amore_holdings,아모레G,아모레퍼시픽홀딩스,아모레퍼시픽홀딩스우,2011,2011-12-28,2011-12-28,205.0,200.0,66.57,67.99,69.22,70.19,69.5,68.66,68.68,2.0900000000000034,-0.5600000000000023,-0.8400000000000034,0.020000000000010232,2.631578947368421,0.8583690987124464,1.7732098486559746,2.6561904761904884,2.898503937007888,2072000000000,76600000000,3.696911196911197,180063238.0
amorepacific,아모레퍼시픽,아모레퍼시픽,아모레퍼시픽우,2011,2011-12-28,2011-12-28,655.0,650.0,78.52,77.32,74.78,75.18,74.68,75.31,74.05,-3.2099999999999937,0.5300000000000011,0.6299999999999955,-1.2600000000000051,2.439478584729981,0.52,1.9194785847299813,-2.7660850111856803,-2.62587188612099,7598200000000,484100000000,6.371245821378747,1027015362.0
byc,BYC,BYC,BYC우,2011,2011-12-28,2011-12-28,90.0,85.0,51.26,55.74,56.25,54.97,54.61,55.05,55.24,3.789999999999999,-1.2000000000000028,0.4399999999999977,0.19000000000000483,1.3333333333333335,0.6137184115523465,0.7196149217809868,4.128142810350475,4.375179153094464,306700000000,70600000000,23.019237039452236,73590341.0
cj,CJ/우,CJ,CJ우,2011,2011-12-28,2011-12-28,608.6957,565.2174,76.62,75.25,75.25,75.0,73.95,73.52,74.1,-3.1000000000000085,-1.730000000000004,-0.4300000000000068,0.5799999999999983,3.814599862129473,0.8280239082345703,2.986575953894903,-2.400332156249874,-2.1795519696969734,6346000000000,202300000000,3.1878348566025845,319652465.0
cj_cheiljedang,CJ제일제당,CJ제일제당,CJ제일제당우,2011,2011-12-28,2011-12-28,1850.0,1800.0,77.74,78.36,75.98,76.67,75.81,76.08,77.15,-1.6599999999999966,0.09999999999999432,0.269999999999996,1.0700000000000074,2.7205882352941178,0.5891980360065466,2.131390199287571,-1.1676729559748367,-1.0212499999999949,3485000000000,180900000000,5.190817790530847,578918194.0
daekyo,대교,대교,대교우B,2011,2011-12-28,2011-12-28,160.0,150.0,35.0,36.53,34.43,35.7,35.67,36.91,35.69,1.9099999999999966,2.479999999999997,1.2399999999999949,-1.2199999999999989,4.102564102564102,2.5,1.6025641025641024,2.9644588045234244,4.4321766561514195,121100000000,19800000000,16.35012386457473,23757503.0
doosan,두산/우,두산,두산우,2011,2011-12-28,2011-12-28,2814.5508,2759.3635,72.51,74.69,73.97,75.21,74.83,74.52,75.36,2.009999999999991,0.5499999999999972,-0.3100000000000023,0.8400000000000034,7.1615246431388515,1.930326762179254,5.231197880959598,3.373886446445738,3.797085720826985,29424200000000,2821500000000,9.589045751456284,12443343176.0
doosan_2pref,두산/2우B,두산,두산2우B,2011,2011-12-28,2011-12-27,2759.3635,2759.3635,66.25,69.33,73.89,73.93,75.0,75.34,74.54,9.090000000000003,1.4500000000000028,0.3400000000000034,-0.7999999999999972,6.1198152542748785,2.065376381913309,4.05443887236157,10.407209725416948,10.808423393401071,29424200000000,553700000000,1.8817843815634747,801116324.0
gs,GS,GS,GS우,2011,2011-12-28,2011-12-28,1400.0,1350.0,59.14,64.72,62.59,60.79,58.81,57.75,58.39,-1.3900000000000006,-4.840000000000003,-1.0600000000000023,0.6400000000000006,7.000000000000001,2.7579162410623086,4.242083758937692,0.27591137965760026,1.3501960784313667,7303100000000,102600000000,1.4048828579644261,368476671.0
hanwha_solutions,한화솔루션,한화솔루션,한화솔루션우,2011,2011-12-28,2011-12-28,498.9214,485.401,62.77,66.84,66.16,66.41,65.75,64.49,65.76,1.7199999999999918,-1.6700000000000017,-1.2600000000000051,1.2700000000000102,5.6753657149357295,2.0559127488352393,3.6194529661004906,2.9912356320617803,3.627219500994933,8147700000000,71900000000,0.8824576260785252,932607368.0
hyundai_eandc,현대건설,현대건설,현대건설우,2011,2011-12-28,2011-12-28,547.0209,500.0,42.84,49.71,42.95,48.17,50.27,48.47,48.2,5.6299999999999955,5.519999999999996,-1.8000000000000043,-0.269999999999996,1.8333028353106777,0.9578544061302682,0.8754484291804097,6.035204628330995,6.391226880222838,18641000000000,78200000000,0.41950539134166626,1141199206.0
hyundai_motor,현대차/2우B,현대차,현대차2우B,2011,2011-12-28,2011-12-28,1850.0,1750.0,67.16,67.24,67.75,69.9,69.72,68.78,69.34,1.6200000000000045,1.0300000000000011,-0.9399999999999977,0.5600000000000023,2.8593508500772797,0.8883248730964468,1.971025976980833,2.236449704142018,2.487887323943667,117121400000000,8968200000000,7.657183059628728,51327869559.0
hyundai_motor_3pref,현대차/3우,현대차,현대차3우B,2011,2011-12-28,2011-12-28,1800.0,1750.0,75.79,77.03,77.44,76.32,76.67,76.48,76.81,0.6899999999999977,-0.9599999999999937,-0.18999999999999773,0.3299999999999983,3.7735849056603774,0.8883248730964468,2.885260032563931,1.3460946745561984,1.5339436619718185,117121400000000,572600000000,0.48889442919910453,3688383382.0
hyundai_motor_pref,현대차/우,현대차,현대차우,2011,2011-12-28,2011-12-28,1800.0,1750.0,68.27,69.53,69.06,71.05,70.8,70.38,70.8,2.1099999999999994,1.3199999999999932,-0.4200000000000017,0.4200000000000017,2.88,0.8883248730964468,1.9916751269035533,2.7122485207100624,2.950657276995301,117121400000000,6010300000000,5.131683876729616,23876662676.0
kolon_industries,코오롱인더,코오롱인더,코오롱인더우,2011,2011-12-28,2011-12-28,250.0,1200.0,71.16,71.34,72.61,73.03,71.83,72.42,73.93,1.2600000000000051,-0.18999999999999773,0.5900000000000034,1.5100000000000051,1.400560224089636,1.938610662358643,-0.538050438269007,1.1252512155591603,1.6539904610492897,2841900000000,85100000000,2.9944755269362044,630915362.0
kumho_petro,금호석유,금호석유,금호석유우,2011,2011-12-28,2011-12-28,2050.0,2000.0,77.64,77.93,77.02,75.23,75.98,75.0,75.89,-2.6400000000000006,-2.019999999999996,-0.980000000000004,0.8900000000000006,5.694444444444445,1.2422360248447204,4.452208419599724,-1.700606060606063,-1.4124550898203552,3315700000000,175700000000,5.299031878637995,525681394.0
lg,LG,LG,LG우,2011,2011-12-28,2011-12-28,1050.0,1096.988,64.61,65.89,65.89,64.99,66.58,65.67,65.55,1.0600000000000023,-0.21999999999999886,-0.9099999999999966,-0.12000000000000455,4.6875,1.7331079373104148,2.9543920626895854,2.0702111984214895,2.611120549323715,16131600000000,218600000000,1.3551042674006297,595146865.0
lg_chem,LG화학,LG화학,LG화학우,2011,2011-12-28,2011-12-28,4050.0,4000.0,65.4,65.14,63.88,65.77,65.94,66.05,66.56,0.6499999999999915,2.1699999999999946,0.10999999999999943,0.5100000000000051,4.107505070993915,1.4035087719298245,2.7039962990640904,1.4906249999999943,1.8993827160493737,30001700000000,1486200000000,4.953719289240277,7677886829.0
lg_elec,LG전자,LG전자,LG전자우,2011,2011-12-28,2011-12-28,250.0,200.0,64.59,64.31,67.39,67.93,68.9,67.17,67.89,2.5799999999999983,-0.21999999999999886,-1.730000000000004,0.7199999999999989,1.0351966873706004,0.29328953542937586,0.7419071519412245,2.8373858921161883,2.9272413793103453,24221200000000,1103300000000,4.555100490479415,11166996771.0
lg_household,LG생활건강,LG생활건강,LG생활건강우,2011,2011-12-28,2011-12-28,3550.0,3500.0,74.76,74.66,74.53,74.31,75.44,75.84,76.03,1.0799999999999983,1.3100000000000023,0.4000000000000057,0.18999999999999773,2.6792452830188678,0.6666666666666667,2.0125786163522013,1.615372393247256,1.7784615384615279,4208200000000,246900000000,5.867116581911506,1048198600.0
lotte_chilsung,롯데칠성,롯데칠성,롯데칠성우,2011,2011-12-28,2011-12-28,305.0,300.0,66.12,68.88,72.85,73.08,73.77,74.17,74.3,8.049999999999997,1.3200000000000074,0.4000000000000057,0.12999999999999545,0.7577639751552795,0.25252525252525254,0.505238722630027,8.204982602644392,8.258472222222224,1108800000000,62600000000,5.645743145743146,101673918.0
lx_hausys,LX하우시스,LX하우시스,LX하우시스우,2011,2011-12-28,2011-12-28,1050.0,1000.0,68.82,72.06,74.44,73.23,73.21,72.68,73.64,3.8600000000000136,-1.759999999999991,-0.5299999999999869,0.9599999999999937,5.172413793103448,1.5360983102918586,3.6363154828115896,4.794457831325303,5.108571428571437,358300000000,19700000000,5.498185877756071,201685294.0
namyang_dairy,남양유업,남양유업,남양유업우,2011,2011-12-28,2011-12-27,103.7649,100.0,66.78,66.3,64.07,64.23,61.94,61.66,60.8,-5.1200000000000045,-2.4099999999999966,-0.28000000000000114,-0.8599999999999994,0.40776869572051716,0.13054830287206268,0.2772203928484545,-5.0396931077694305,-4.991808635794754,297600000000,73800000000,24.798387096774192,308281850.0
nexen_tire,넥센타이어,넥센타이어,넥센타이어1우B,2011,2011-12-28,2011-12-28,65.0,60.0,86.12,84.92,86.52,85.2,85.63,85.04,85.05,-1.0799999999999983,-1.4799999999999898,-0.5899999999999892,0.009999999999990905,2.376599634369287,0.3045685279187817,2.0720311064505053,-0.7765711195240641,-0.7291644204851764,710000000000,28400000000,4.0,45546689.0
s_oil,S-Oil,S-Oil,S-Oil우,2011,2011-12-28,2011-12-28,3225.0,3200.0,36.44,50.17,44.62,43.4,44.1,43.96,44.95,7.520000000000003,-0.6599999999999966,-0.14000000000000057,0.990000000000002,6.142857142857143,3.87409200968523,2.2687651331719128,8.91505836575876,10.56471698113208,13307300000000,225200000000,1.6923042239973547,1363291359.0
samsung_elec,삼성전자,삼성전자,삼성전자우,2011,2011-12-28,2011-12-28,101.0,100.0,30.76,35.02,38.55,37.79,38.22,38.86,38.17,8.099999999999998,0.3100000000000023,0.6400000000000006,-0.6899999999999977,0.8662092624356776,0.5938242280285035,0.27238503440717404,8.28962546816479,8.573643988816404,1587264600000000,148759600000000,9.372073188049427,701114439976.0
samsung_electro,삼성전기,삼성전기,삼성전기우,2011,2011-12-28,2011-12-28,800.0,750.0,67.57,66.86,67.46,68.38,69.43,67.66,68.31,0.09000000000000341,0.20000000000000284,-1.7700000000000102,0.6500000000000057,3.524229074889868,1.0714285714285714,2.4528005034612965,0.7852220137585988,1.0793184634448636,68494100000000,1109000000000,1.619117559030632,25204450647.0
samsung_sdi,삼성SDI,삼성SDI,삼성SDI우,2011,2011-12-28,2011-12-28,1550.0,1465.6891,62.38,64.1,62.92,64.72,63.91,63.13,63.73,0.75,0.21000000000000085,-0.779999999999994,0.5999999999999943,3.9240506329113924,1.395894380952381,2.5281562519590115,1.522584235286729,1.9218867924528311,55926400000000,555700000000,0.9936273387881216,9648202882.0
sebang,세방,세방,세방우,2011,2011-12-28,2011-12-27,180.0,175.0,68.61,63.31,69.08,71.15,70.16,70.09,72.39,1.480000000000004,1.0100000000000051,-0.06999999999999318,2.299999999999997,3.6290322580645165,1.1075949367088607,2.5214373213556556,2.287637795275586,2.6049532710280374,304300000000,38700000000,12.717712783437396,69159619.0
sk_discovery,SK디스커버리,SK디스커버리,SK디스커버리우,2011,2011-12-28,2011-12-28,450.0,808.6293,66.39,65.82,65.64,64.62,62.8,62.8,62.62,-3.5900000000000034,-2.8400000000000034,0.0,-0.17999999999999972,3.435114503816794,2.074365861166692,1.360748642650102,-3.1821859413665052,-2.3945535170624552,1051800000000,52500000000,4.991443240159726,171104200.0
sk_innovation,SK이노베이션,SK이노베이션,SK이노베이션우,2011,2011-12-28,2011-12-28,2756.4097,2651.9358,66.61,69.49,67.73,68.09,66.4,66.03,66.79,-0.5799999999999983,-1.7000000000000028,-0.37000000000000455,0.7600000000000051,7.116069962566154,2.2857180534726176,4.830351909093538,0.8097323147853217,1.443238772592295,23295500000000,94500000000,0.40565774505805846,608843965.0
amore_holdings,아모레G,아모레퍼시픽홀딩스,아모레퍼시픽홀딩스우,2012,2012-12-27,2012-12-27,230.0,225.0,73.63,69.92,71.07,69.54,71.52,73.5,73.73,-0.12999999999999545,2.430000000000007,1.980000000000004,0.23000000000000398,1.7692307692307692,0.4563894523326572,1.312841316898112,0.24010198604401012,0.3657264957265056,2072000000000,76600000000,3.696911196911197,180063238.0
amorepacific,아모레퍼시픽,아모레퍼시픽,아모레퍼시픽우,2012,2012-12-27,2012-12-27,655.0,650.0,70.97,69.63,68.79,68.6,69.25,68.11,68.37,-2.8599999999999994,-0.6800000000000068,-1.1400000000000006,0.2600000000000051,1.9124087591240877,0.5508474576271186,1.3615613014969692,-2.490756267981922,-2.323229762878171,7598200000000,484100000000,6.371245821378747,1027015362.0
byc,BYC,BYC,BYC우,2012,2012-12-27,2012-12-27,90.0,73.1,63.51,63.61,62.86,62.58,62.93,62.3,62.28,-1.2100000000000009,-0.5600000000000023,-0.6300000000000026,-0.01999999999999602,1.3740458015267176,0.40724233983286906,0.9668034616938486,-0.8723600283097994,-0.7231147540983613,306700000000,70600000000,23.019237039452236,73590341.0
cj,CJ/우,CJ,CJ우,2012,2012-12-27,2012-12-27,608.6957,565.2174,77.31,78.23,77.22,77.56,77.86,77.59,78.28,0.28000000000000114,0.37000000000000455,-0.269999999999996,0.6899999999999977,3.070189145566428,0.6467684315318512,2.4234207140345765,0.7565450542534791,0.8794475066917755,6346000000000,202300000000,3.1878348566025845,319652465.0
cj_cheiljedang,CJ제일제당,CJ제일제당,CJ제일제당우,2012,2012-12-27,2012-12-27,1850.0,1800.0,78.37,80.5,79.73,79.7,80.32,80.2,80.71,1.8299999999999983,0.46999999999999886,-0.11999999999999034,0.5099999999999909,2.781954887218045,0.5853658536585366,2.196589033559509,2.262582322357005,2.362758620689661,3485000000000,180900000000,5.190817790530847,578918194.0
daekyo,대교,대교,대교우B,2012,2012-12-27,2012-12-27,110.0,100.0,40.58,36.07,34.79,35.26,38.93,41.98,41.15,1.3999999999999986,7.189999999999998,3.049999999999997,-0.8299999999999983,3.05980528511822,1.6528925619834711,1.4069127231347487,2.190167427701674,3.0481859070464807,121100000000,19800000000,16.35012386457473,23757503.0
doosan,두산/우,두산,두산우,2012,2012-12-27,2012-12-27,3366.4236,3311.2363,70.04,68.62,68.41,69.85,67.73,67.79,70.24,-2.25,-0.6199999999999903,0.060000000000002274,2.4499999999999886,7.43271129559304,2.1900435199576704,5.24266777563537,-0.48760650236485503,0.2639288562887998,29424200000000,2821500000000,9.589045751456284,12443343176.0
doosan_2pref,두산/2우B,두산,두산2우B,2012,2012-12-27,2012-12-27,3311.2363,3311.2363,69.6,71.07,68.8,69.69,70.11,68.07,71.0,-1.5300000000000011,-0.730000000000004,-2.0400000000000063,2.930000000000007,7.923513519980857,2.4090478719534376,5.51446564802742,0.19300284382889288,0.9385992650073405,29424200000000,553700000000,1.8817843815634747,801116324.0
gs,GS,GS,GS우,2012,2012-12-27,2012-12-27,1400.0,1350.0,66.02,66.35,67.09,66.55,66.85,66.48,67.93,0.46000000000000796,-0.6099999999999994,-0.36999999999999034,1.4500000000000028,6.167400881057269,2.020958083832335,4.146442797224934,1.8191959798995043,2.430704225352116,7303100000000,102600000000,1.4048828579644261,368476671.0
hanwha_solutions,한화솔루션,한화솔루션,한화솔루션우,2012,2012-12-27,2012-12-27,299.3528,269.6672,65.38,62.45,59.32,61.93,62.51,63.01,63.16,-2.3699999999999974,3.6899999999999977,0.5,0.14999999999999858,3.7735131728223874,1.1769179068650983,2.596595265957289,-1.3614001210453068,-0.8766135398451098,8147700000000,71900000000,0.8824576260785252,932607368.0
hyundai_eandc,현대건설,현대건설,현대건설우,2012,2012-12-27,2012-12-27,547.0209,500.0,57.84,53.76,57.59,59.94,61.17,59.56,59.08,1.7199999999999989,1.9699999999999989,-1.6099999999999994,-0.480000000000004,1.8644202453987728,0.7183908045977011,1.1460294408010716,2.217917366136035,2.5048576149425372,18641000000000,78200000000,0.41950539134166626,1141199206.0
hyundai_motor,현대차/2우B,현대차,현대차2우B,2012,2012-12-27,2012-12-27,2000.0,1900.0,69.21,68.44,65.91,64.55,64.42,65.07,66.46,-4.140000000000001,-0.8400000000000034,0.6499999999999915,1.3900000000000006,2.5773195876288657,0.753968253968254,1.8233513336606118,-3.5383582089552164,-3.245874439461886,117121400000000,8968200000000,7.657183059628728,51327869559.0
hyundai_motor_3pref,현대차/3우,현대차,현대차3우B,2012,2012-12-27,2012-12-27,1950.0,1900.0,78.65,76.0,75.02,74.84,74.38,74.8,75.34,-3.8500000000000085,-0.21999999999999886,0.4200000000000017,0.5400000000000063,3.62453531598513,0.753968253968254,2.870567062016876,-3.1864088647670883,-2.977354260089683,117121400000000,572600000000,0.48889442919910453,3688383382.0
hyundai_motor_pref,현대차/우,현대차,현대차우,2012,2012-12-27,2012-12-27,1950.0,1900.0,71.43,70.67,67.78,67.83,67.99,68.21,68.92,-3.220000000000013,0.4299999999999926,0.21999999999999886,0.710000000000008,2.7083333333333335,0.753968253968254,1.9543650793650793,-2.614984170058804,-2.349282511210774,117121400000000,6010300000000,5.131683876729616,23876662676.0
kolon_industries,코오롱인더,코오롱인더,코오롱인더우,2012,2012-12-27,2012-12-27,950.0,900.0,72.0,70.36,71.39,71.61,72.35,72.27,73.53,0.269999999999996,0.8799999999999955,-0.0799999999999983,1.2600000000000051,5.428571428571429,1.44,3.988571428571429,1.4094616639477948,1.7942122186495197,2841900000000,85100000000,2.9944755269362044,630915362.0
kumho_petro,금호석유,금호석유,금호석유우,2012,2012-12-27,2012-12-27,2050.0,2000.0,75.83,75.73,76.17,77.06,77.31,76.83,77.62,1.0,0.6599999999999966,-0.480000000000004,0.7900000000000063,6.867671691792294,1.6194331983805668,5.248238493411728,2.292448979591839,2.6438955823293213,3315700000000,175700000000,5.299031878637995,525681394.0
lg,LG,LG,LG우,2012,2012-12-27,2012-12-27,1050.0,1096.988,68.49,68.18,66.3,66.15,66.08,66.65,67.21,-1.8399999999999892,0.3500000000000085,0.5700000000000074,0.5599999999999881,4.883720930232558,1.607708879867513,3.276012050365045,-0.875516282703785,-0.38183180011672846,16131600000000,218600000000,1.3551042674006297,595146865.0
lg_chem,LG화학,LG화학,LG화학우,2012,2012-12-27,2012-12-27,4050.0,4000.0,70.08,68.1,68.25,68.96,69.02,68.67,69.45,-1.4099999999999966,0.4200000000000017,-0.3499999999999943,0.7800000000000011,4.08266129032258,1.206636500754148,2.876024789568433,-0.5525609756097509,-0.18542168674699155,30001700000000,1486200000000,4.953719289240277,7677886829.0
lg_elec,LG전자,LG전자,LG전자우,2012,2012-12-27,2012-12-27,250.0,200.0,72.46,73.84,72.47,72.49,71.95,71.61,71.93,-0.8499999999999943,-0.8599999999999994,-0.3400000000000034,0.3200000000000074,1.3157894736842104,0.2898550724637681,1.0259344012204423,-0.5849999999999937,-0.5070914127423833,24221200000000,1103300000000,4.555100490479415,11166996771.0
lg_household,LG생활건강,LG생활건강,LG생활건강우,2012,2012-12-27,2012-12-27,3800.0,3750.0,69.92,70.41,71.73,72.98,72.22,71.17,71.56,1.25,-0.5600000000000023,-1.0499999999999972,0.39000000000000057,1.9895287958115182,0.5905511811023622,1.398977614709156,1.6650366370998881,1.8284662576687083,4208200000000,246900000000,5.867116581911506,1048198600.0
lotte_chilsung,롯데칠성,롯데칠성,롯데칠성우,2012,2012-12-27,2012-12-27,355.0,350.0,76.15,76.31,77.55,76.96,76.92,77.96,78.2,1.809999999999988,0.4099999999999966,1.039999999999992,0.2400000000000091,1.107644305772231,0.26041666666666663,0.8472276391055643,1.996391053880032,2.0481068289384723,1108800000000,62600000000,5.645743145743146,101673918.0
lx_hausys,LX하우시스,LX하우시스,LX하우시스우,2012,2012-12-27,2012-12-27,1050.0,1000.0,72.64,70.68,73.22,70.66,71.66,71.37,71.76,-1.269999999999996,-1.8499999999999943,-0.28999999999999204,0.39000000000000057,4.708520179372197,1.2269938650306749,3.4815263143415223,-0.2732899869961045,0.08143774069318965,358300000000,19700000000,5.498185877756071,201685294.0
namyang_dairy,남양유업,남양유업,남양유업우,2012,2012-12-27,2012-12-26,103.7649,100.0,75.81,77.27,73.8,74.01,73.73,74.45,74.8,-1.3599999999999994,0.6500000000000057,0.7199999999999989,0.3499999999999943,0.47297005332968683,0.11025358324145534,0.3627164700882315,-1.2786335476956054,-1.2513652034261327,297600000000,73800000000,24.798387096774192,308281850.0
nexen_tire,넥센타이어,넥센타이어,넥센타이어1우B,2012,2012-12-27,2012-12-27,65.0,60.0,84.62,82.01,82.84,83.09,82.58,82.21,82.19,-2.410000000000011,-0.6300000000000097,-0.37000000000000455,-0.01999999999999602,2.166666666666667,0.3076923076923077,1.858974358974359,-2.0768965517241327,-2.0126380368098182,710000000000,28400000000,4.0,45546689.0
s_oil,S-Oil,S-Oil,S-Oil우,2012,2012-12-27,2012-12-27,2225.0,2200.0,41.79,38.02,38.35,39.51,42.24,42.16,43.89,0.36999999999999744,3.809999999999995,-0.0800000000000054,1.730000000000004,3.606158833063209,2.0754716981132075,1.5306871349500015,1.2828667305848498,2.4588262910798164,13307300000000,225200000000,1.6923042239973547,1363291359.0
samsung_elec,삼성전자,삼성전자,삼성전자우,2012,2012-12-27,2012-12-27,151.0,150.0,41.38,38.67,41.6,41.87,43.04,42.93,43.72,1.5499999999999972,1.3299999999999983,-0.10999999999999943,0.7899999999999991,0.9569074778200253,0.5572065378900446,0.3997009399299807,1.768717948717942,2.058775510204079,1587264600000000,148759600000000,9.372073188049427,701114439976.0
samsung_electro,삼성전기,삼성전기,삼성전기우,2012,2012-12-27,2012-12-27,1050.0,1000.0,72.25,71.48,69.67,70.24,71.77,70.79,71.24,-1.4599999999999937,1.1200000000000045,-0.9799999999999898,0.44999999999998863,3.925233644859813,1.0373443983402488,2.8878892465195642,-0.6903669724770651,-0.40338042381434036,68494100000000,1109000000000,1.619117559030632,25204450647.0
samsung_sdi,삼성SDI,삼성SDI,삼성SDI우,2012,2012-12-27,2012-12-27,1550.0,1465.6891,67.95,66.88,65.69,65.44,67.18,66.6,66.84,-1.3500000000000085,0.9099999999999966,-0.5800000000000125,0.2400000000000091,3.0511811023622046,0.9247249842271293,2.1264561181350756,-0.6488651650640804,-0.33562091503267766,55926400000000,555700000000,0.9936273387881216,9648202882.0
sebang,세방,세방,세방우,2012,2012-12-27,2012-12-27,180.0,175.0,72.7,69.97,71.4,70.46,71.26,73.75,73.66,1.0499999999999972,2.3499999999999943,2.489999999999995,-0.09000000000000341,4.044943820224719,1.0736196319018405,2.9713241883228783,1.8193687230990037,2.0727272727272634,304300000000,38700000000,12.717712783437396,69159619.0
sk_discovery,SK디스커버리,SK디스커버리,SK디스커버리우,2012,2012-12-27,2012-12-27,450.0,808.6293,62.63,60.45,60.56,60.46,61.22,60.58,61.33,-2.0500000000000043,0.01999999999999602,-0.6400000000000006,0.75,3.050847457627119,2.0489783352337514,1.0018691223933673,-1.67204978945977,-0.7926229142873069,1051800000000,52500000000,4.991443240159726,171104200.0
sk_innovation,SK이노베이션,SK이노베이션,SK이노베이션우,2012,2012-12-27,2012-12-27,3143.2742,3030.7837,70.7,68.95,69.99,70.5,70.57,70.16,71.25,-0.5400000000000063,0.1700000000000017,-0.4099999999999966,1.0900000000000034,6.72185578033446,1.8991062723228271,4.822749508011633,0.8478168698600683,1.3725843298341687,23295500000000,94500000000,0.40565774505805846,608843965.0
yuhan,유한양행,유한양행,유한양행우,2012,2012-12-27,2012-12-27,260.0,169.2098,12.94,18.61,20.13,14.33,15.7,19.5,23.27,6.5600000000000005,-0.629999999999999,3.8000000000000007,3.7699999999999996,1.4857142857142858,0.841756044174709,0.6439582415395767,7.0795815060957015,7.647618048268624,7009000000000,88200000000,1.2583820801826224,433596300.0
amore_holdings,아모레G,아모레퍼시픽홀딩스,아모레퍼시픽홀딩스우,2013,2013-12-27,2013-12-27,255.0,250.0,60.93,53.98,57.58,55.33,56.17,58.1,58.06,-2.8299999999999983,0.5200000000000031,1.9299999999999997,-0.03999999999999915,1.6887417218543046,0.646830530401035,1.0419111914532697,-2.5043756786102094,-2.279892008639308,2072000000000,76600000000,3.696911196911197,180063238.0
amorepacific,아모레퍼시픽,아모레퍼시픽,아모레퍼시픽우,2013,2013-12-27,2013-12-27,655.0,650.0,62.72,60.8,61.74,58.35,58.96,57.86,57.88,-4.859999999999999,-3.8800000000000026,-1.1000000000000014,0.020000000000003126,1.9264705882352942,0.712719298245614,1.21375128998968,-4.470380517503806,-4.196814516129031,7598200000000,484100000000,6.371245821378747,1027015362.0
byc,BYC,BYC,BYC우,2013,2013-12-27,2013-12-27,80.0,75.0,62.71,62.86,63.3,62.49,62.96,63.22,63.02,0.509999999999998,-0.0799999999999983,0.259999999999998,-0.19999999999999574,1.1379800853485065,0.3978779840848806,0.7401021012636259,0.7866887417218535,0.9311609498680653,306700000000,70600000000,23.019237039452236,73590341.0
cj,CJ/우,CJ,CJ우,2013,2013-12-27,2013-12-27,869.5652,826.087,66.12,66.76,63.25,63.01,62.55,63.18,63.56,-2.940000000000005,-0.07000000000000028,0.6300000000000026,0.38000000000000256,2.5445227365833674,0.8189620303360762,1.725560706247291,-2.3355068406267563,-2.0184131089159365,6346000000000,202300000000,3.1878348566025845,319652465.0
cj_cheiljedang,CJ제일제당,CJ제일제당,CJ제일제당우,2013,2013-12-27,2013-12-27,1850.0,1800.0,65.69,66.45,66.35,63.42,63.46,66.11,65.49,0.4200000000000017,-0.23999999999999488,2.6499999999999986,-0.6200000000000045,1.9535374868004225,0.6521739130434783,1.3013635737569442,0.8834526472781619,1.106296296296307,3485000000000,180900000000,5.190817790530847,578918194.0
daekyo,대교,대교,대교우B,2013,2013-12-27,2013-12-27,110.0,100.0,45.69,45.01,46.66,46.45,48.7,48.81,50.91,3.1200000000000045,2.1500000000000057,0.10999999999999943,2.0999999999999943,2.956989247311828,1.4598540145985401,1.497135232713288,3.9563932107496456,4.658675034867507,121100000000,19800000000,16.35012386457473,23757503.0
daishin_sec,대신증권/우,대신증권,대신증권우,2013,2013-12-27,2013-12-27,250.0,200.0,34.49,32.43,30.51,30.24,27.88,26.62,28.13,-7.870000000000001,-3.8900000000000006,-1.259999999999998,1.509999999999998,4.13907284768212,2.1691973969631237,1.969875450718996,-6.489999999999998,-4.619870129870133,1954000000000,598300000000,30.619242579324464,2174587756.0
daishin_sec_2pref,대신증권/2우B,대신증권,대신증권2우B,2013,2013-12-27,2013-12-27,200.0,200.0,40.13,37.74,37.24,36.71,33.75,32.73,34.45,-7.400000000000006,-4.510000000000005,-1.0200000000000031,1.720000000000006,3.6231884057971016,2.1691973969631237,1.453991008833978,-6.530000000000001,-4.805324675324677,1954000000000,222500000000,11.38689866939611,777124479.0
doosan,두산/우,두산,두산우,2013,2013-12-27,2013-12-27,3366.4236,3311.2363,59.81,57.76,57.19,55.2,57.71,57.98,60.43,-1.8300000000000054,0.7899999999999991,0.269999999999996,2.450000000000003,5.146649747744993,2.0346663102721503,3.1119834374728432,-0.49789667158455586,0.3899562423803147,29424200000000,2821500000000,9.589045751456284,12443343176.0
doosan_2pref,두산/2우B,두산,두산2우B,2013,2013-12-27,2013-12-27,3311.2363,3311.2363,58.47,60.76,60.0,57.52,58.31,58.69,60.28,0.21999999999999886,-1.3100000000000023,0.37999999999999545,1.5900000000000034,5.254762909829562,2.182105703647567,3.0726572061819954,1.5298260368843515,2.402672114402449,29424200000000,553700000000,1.8817843815634747,801116324.0
gs,GS,GS,GS우,2013,2013-12-27,2013-12-27,1400.0,1350.0,49.56,51.88,47.23,45.52,46.43,47.27,48.68,-2.289999999999999,0.04000000000000625,0.8400000000000034,1.4099999999999966,4.938271604938271,2.4021352313167257,2.5361363736215456,-1.0505149051490577,0.17544973544973175,7303100000000,102600000000,1.4048828579644261,368476671.0
hanwha_solutions,한화솔루션,한화솔루션,한화솔루션우,2013,2013-12-27,2013-12-27,199.5686,161.8003,64.27,63.09,62.17,60.35,61.44,62.42,63.46,-1.8499999999999943,0.25,0.980000000000004,1.0399999999999991,2.398084595049267,0.6947498819185023,1.703334713130765,-1.2394293059957349,-0.9771446110672599,8147700000000,71900000000,0.8824576260785252,932607368.0
hyundai_eandc,현대건설,현대건설,현대건설우,2013,2013-12-27,2013-12-27,547.0209,500.0,12.07,30.59,38.95,46.62,46.91,41.88,45.6,29.810000000000002,2.9299999999999997,-5.029999999999994,3.719999999999999,1.0018147354540958,0.8051529790660225,0.19666175638807343,30.251464115646264,30.73779241146712,18641000000000,78200000000,0.41950539134166626,1141199206.0
hyundai_motor,현대차/2우B,현대차,현대차2우B,2013,2013-12-27,2013-12-27,2050.0,1950.0,54.81,52.57,50.0,44.78,42.18,45.23,44.23,-9.580000000000005,-4.770000000000003,3.049999999999997,-1.0,1.7826086956521738,0.7662082514734774,1.0164004441786965,-9.137890852158357,-8.668093126385813,117121400000000,8968200000000,7.657183059628728,51327869559.0
hyundai_motor_3pref,현대차/3우,현대차,현대차3우B,2013,2013-12-27,2013-12-27,2000.0,1950.0,59.33,56.32,53.92,49.35,47.85,50.33,50.98,-9.0,-3.5900000000000034,2.479999999999997,0.6499999999999986,1.932367149758454,0.7662082514734774,1.1661588982849767,-8.535994184746137,-8.110487804878048,117121400000000,572600000000,0.48889442919910453,3688383382.0
hyundai_motor_pref,현대차/우,현대차,현대차우,2013,2013-12-27,2013-12-27,2000.0,1950.0,57.17,54.35,50.98,46.09,44.44,47.45,46.62,-9.719999999999999,-3.529999999999994,3.010000000000005,-0.8300000000000054,1.834862385321101,0.7662082514734774,1.0686541338476236,-9.28362111384478,-8.832971175166293,117121400000000,6010300000000,5.131683876729616,23876662676.0
kolon_industries,코오롱인더,코오롱인더,코오롱인더우,2013,2013-12-27,2013-12-27,650.0,600.0,66.2,68.04,67.21,65.77,65.34,65.24,66.2,-0.960000000000008,-1.9699999999999989,-0.10000000000000853,0.960000000000008,3.3854166666666665,1.056338028169014,2.3290786384976525,-0.11136801541425712,0.27619047619047876,2841900000000,85100000000,2.9944755269362044,630915362.0
korea_circuit,코리아써키트/우,코리아써키트,코리아써키트우,2013,2013-12-27,2013-12-27,105.0,100.0,72.84,72.07,72.2,71.36,70.75,70.04,70.08,-2.799999999999997,-2.1599999999999966,-0.7099999999999937,0.03999999999999204,2.586206896551724,0.6688963210702341,1.91731057548149,-2.2125490196078488,-1.9839688715953372,2451000000000,71200000000,2.9049367605059158,71846911.0
korea_circuit_2pref,코리아써키트/2우B,코리아써키트,코리아써키트2우B,2013,2013-12-27,2013-12-27,105.0,100.0,64.01,63.11,66.56,70.76,68.22,69.42,69.31,5.409999999999997,2.8599999999999994,1.2000000000000028,-0.10999999999999943,1.9516728624535316,0.6688963210702341,1.2827765413832977,5.989999999999995,6.223463035019449,2451000000000,14700000000,0.5997552019583843,61321701.0
korea_investment,한국금융지주,한국금융지주,한국금융지주우,2013,2013-12-27,2013-12-27,261.5,200.0,60.47,63.97,62.38,56.23,58.02,59.25,58.48,-1.2199999999999989,-3.1300000000000026,1.2299999999999969,-0.7700000000000031,1.6191950464396285,0.4895960832313341,1.1295989632082943,-0.7677386934673294,-0.5662499999999966,15380400000000,1108400000000,7.206574601440795,3340604453.0
kumho_petro,금호석유,금호석유,금호석유우,2013,2013-12-27,2013-12-27,1550.0,1500.0,63.33,64.13,63.78,63.17,61.83,61.99,63.93,-1.3399999999999963,-1.7899999999999991,0.1600000000000037,1.9399999999999977,4.2349726775956285,1.503006012024048,2.73196666557158,-0.2723286180631135,0.32096359743041347,3315700000000,175700000000,5.299031878637995,525681394.0
lg,LG,LG,LG우,2013,2013-12-27,2013-12-27,1050.0,1096.988,51.05,50.5,51.94,49.79,49.39,48.05,49.42,-3.0,-3.8900000000000006,-1.3400000000000034,1.3700000000000045,2.9494382022471908,1.5083019386772998,1.4411362635698912,-2.2996094125512343,-1.495061392713012,16131600000000,218600000000,1.3551042674006297,595146865.0
lg_chem,LG화학,LG화학,LG화학우,2013,2013-12-27,2013-12-27,4050.0,4000.0,54.04,55.09,50.0,46.14,46.74,48.48,49.07,-5.560000000000002,-1.5200000000000031,1.7399999999999949,0.5900000000000034,2.903225806451613,1.3179571663920924,1.5852686400595208,-4.879041095890408,-4.192027027027031,30001700000000,1486200000000,4.953719289240277,7677886829.0
lg_elec,LG전자,LG전자,LG전자우,2013,2013-12-27,2013-12-27,250.0,200.0,64.48,61.99,62.72,62.12,60.77,61.3,61.64,-3.180000000000007,-1.4200000000000017,0.529999999999994,0.3400000000000034,0.9940357852882704,0.2824858757062147,0.7115499095820557,-2.924444444444454,-2.810871491875929,24221200000000,1103300000000,4.555100490479415,11166996771.0
lg_household,LG생활건강,LG생활건강,LG생활건강우,2013,2013-12-27,2013-12-27,3800.0,3750.0,61.11,61.71,59.58,57.14,59.31,57.94,58.33,-3.1700000000000017,-1.6400000000000006,-1.3700000000000045,0.39000000000000057,1.8095238095238095,0.6944444444444444,1.1150793650793651,-2.7476470588235316,-2.4557943925233587,4208200000000,246900000000,5.867116581911506,1048198600.0
lotte_chilsung,롯데칠성,롯데칠성,롯데칠성우,2013,2013-12-27,2013-12-27,380.0,375.0,75.76,75.46,73.59,69.44,70.39,70.57,70.22,-5.190000000000012,-3.0200000000000102,0.1799999999999926,-0.3499999999999943,0.9523809523809524,0.2278250303766707,0.7245559220042818,-5.018361609306837,-4.947620889748549,1108800000000,62600000000,5.645743145743146,101673918.0
lx_hausys,LX하우시스,LX하우시스,LX하우시스우,2013,2013-12-27,2013-12-27,1850.0,1800.0,65.1,67.16,67.18,66.17,65.85,67.27,67.21,2.1700000000000017,0.0899999999999892,1.4200000000000017,-0.060000000000002274,4.092920353982301,1.3899613899613898,2.7029589640209113,3.0657223796034003,3.4664335664335795,358300000000,19700000000,5.498185877756071,201685294.0
namyang_dairy,남양유업,남양유업,남양유업우,2013,2013-12-27,2013-12-27,103.7649,100.0,64.67,64.59,65.73,65.67,67.73,67.87,67.2,3.200000000000003,2.1400000000000006,0.14000000000000057,-0.6700000000000017,0.3387135629182308,0.11534025374855825,0.22337330916967252,3.2731855923158832,3.3073613006396414,297600000000,73800000000,24.798387096774192,308281850.0
nexen_tire,넥센타이어,넥센타이어,넥센타이어1우B,2013,2013-12-27,2013-12-27,70.0,65.0,72.05,73.24,73.2,72.22,72.54,72.04,71.94,-0.009999999999990905,-1.1599999999999966,-0.5,-0.10000000000000853,1.5555555555555556,0.40372670807453415,1.1518288474810214,0.35891404315529485,0.48521126760563504,710000000000,28400000000,4.0,45546689.0
nh_investment,NH투자증권,NH투자증권,NH투자증권우,2013,2013-12-27,2013-12-27,100.0,50.0,59.07,57.9,55.71,54.26,53.32,53.43,52.7,-5.640000000000001,-2.280000000000001,0.10999999999999943,-0.7299999999999969,2.1715526601520088,0.4444444444444444,1.7271082157075641,-4.869999999999997,-4.642139303482587,13434200000000,535900000000,3.989072665287103,2377555232.0
s_oil,S-Oil,S-Oil,S-Oil우,2013,2013-12-27,2013-12-27,905.0,880.0,26.23,29.03,29.2,25.96,26.24,27.38,28.3,1.1499999999999986,-1.8200000000000003,1.1400000000000006,0.9200000000000017,1.584938704028021,1.1369509043927648,0.44798779963525615,1.5138196142352598,2.3673154362416113,13307300000000,225200000000,1.6923042239973547,1363291359.0
samsung_elec,삼성전자,삼성전자,삼성전자우,2013,2013-12-27,2013-12-27,277.0,276.0,37.26,30.1,33.2,26.03,26.07,26.35,25.07,-10.909999999999997,-6.850000000000001,0.28000000000000114,-1.2800000000000011,1.5974625144175316,0.9985528219971056,0.5989096924204261,-10.64617128102137,-9.926903409090908,1587264600000000,148759600000000,9.372073188049427,701114439976.0
samsung_electro,삼성전기,삼성전기,삼성전기우,2013,2013-12-27,2013-12-27,800.0,750.0,58.15,59.26,58.42,54.53,53.96,55.89,55.6,-2.259999999999998,-2.530000000000001,1.9299999999999997,-0.28999999999999915,2.2408963585434174,0.8792497069167644,1.361646651626653,-1.6133812457221097,-1.171680216802173,68494100000000,1109000000000,1.619117559030632,25204450647.0
samsung_fire,삼성화재,삼성화재,삼성화재우,2013,2013-12-27,2013-12-27,2755.0,2750.0,51.61,50.6,46.92,35.83,40.93,40.5,41.73,-11.11,-6.420000000000002,-0.4299999999999997,1.2299999999999969,2.2958333333333334,1.1088709677419355,1.186962365591398,-10.667786483839372,-10.038294573643412,21877300000000,1135200000000,5.188940134294452,7168406735.0
samsung_sdi,삼성SDI,삼성SDI,삼성SDI우,2013,2013-12-27,2013-12-27,1550.0,1465.6891,61.27,61.58,60.81,56.96,54.98,54.94,55.19,-6.330000000000005,-5.8700000000000045,-0.03999999999999915,0.25,2.111716621253406,0.7734507124010555,1.3382659088523505,-5.771407676033867,-5.363750000000003,55926400000000,555700000000,0.9936273387881216,9648202882.0
sebang,세방,세방,세방우,2013,2013-12-27,2013-12-24,155.0,150.0,68.4,70.21,70.42,68.75,68.26,67.94,68.53,-0.46000000000000796,-2.480000000000004,-0.3200000000000074,0.5900000000000034,2.622673434856176,0.8021390374331552,1.820534397423021,0.10666666666666913,0.35661375661375416,304300000000,38700000000,12.717712783437396,69159619.0
sk_discovery,SK디스커버리,SK디스커버리,SK디스커버리우,2013,2013-12-27,2013-12-27,450.0,808.6293,45.14,49.95,50.71,50.27,48.88,49.99,50.87,4.850000000000001,-0.7199999999999989,1.1099999999999994,0.8799999999999955,2.912621359223301,2.871247026240102,0.041374332983198925,4.996998909101023,6.230198189380964,1051800000000,52500000000,4.991443240159726,171104200.0
sk_innovation,SK이노베이션,SK이노베이션,SK이노베이션우,2013,2013-12-27,2013-12-27,3143.2742,3030.7837,53.47,54.22,52.01,50.31,50.24,51.19,52.32,-2.280000000000001,-0.8200000000000003,0.9499999999999957,1.1300000000000026,4.901945011930196,2.1993118586999114,2.702633153230285,-1.0082704977442134,0.07061148385550808,23295500000000,94500000000,0.40565774505805846,608843965.0
yuhan,유한양행,유한양행,유한양행우,2013,2013-12-27,2013-12-26,310.0,203.0518,23.61,24.94,24.78,24.26,24.28,26.53,27.35,2.9200000000000017,1.75,2.25,0.8200000000000003,1.5736040609137056,0.7873887079261671,0.7862153529875385,3.563761175556717,4.154245497743879,7009000000000,88200000000,1.2583820801826224,433596300.0
amore_holdings,아모레G,아모레퍼시픽홀딩스,아모레퍼시픽홀딩스우,2014,2014-12-29,2014-12-29,330.0,325.0,52.73,55.62,57.62,56.81,55.99,54.32,53.1,1.5900000000000034,-3.299999999999997,-1.6700000000000017,-1.2199999999999989,0.6043956043956045,0.2813852813852814,0.323010323010323,1.7633814681107154,1.905316698656435,2072000000000,76600000000,3.696911196911197,180063238.0
amorepacific,아모레퍼시픽,아모레퍼시픽,아모레퍼시픽우,2014,2014-12-29,2014-12-29,905.0,900.0,52.29,51.57,54.4,51.87,52.3,51.67,50.96,-0.6199999999999974,-2.729999999999997,-0.6299999999999955,-0.7100000000000009,0.7987643424536629,0.3789473684210526,0.41981697403261026,-0.40940966010733604,-0.2165033407572423,7598200000000,484100000000,6.371245821378747,1027015362.0
bookook_sec,부국증권,부국증권,부국증권우,2014,2014-12-29,2014-12-29,1050.0,1000.0,10.98,19.87,15.25,13.62,13.4,13.44,17.11,2.459999999999999,-1.8100000000000005,0.03999999999999915,3.67,8.936170212765958,7.575757575757576,1.3604126370083818,3.7568421052631553,9.347868852459015,778800000000,108800000000,13.970210580380071,257323826.0
byc,BYC,BYC,BYC우,2014,2014-12-29,2014-12-29,85.0,80.0,26.77,30.51,33.15,33.83,33.14,35.14,34.42,8.370000000000001,1.990000000000002,2.0,-0.7199999999999989,0.3908045977011494,0.26936026936026936,0.12144432834088002,8.493361735089078,8.693320463320465,306700000000,70600000000,23.019237039452236,73590341.0
cj,CJ/우,CJ,CJ우,2014,2014-12-29,2014-12-29,869.5652,826.087,42.75,46.03,53.33,55.5,52.3,51.91,51.37,9.159999999999997,-1.4200000000000017,-0.39000000000000057,-0.5399999999999991,1.000995970991136,0.5444131040800322,0.45658286691110395,9.512940690491753,9.806469169619191,6346000000000,202300000000,3.1878348566025845,319652465.0
cj_cheiljedang,CJ제일제당,CJ제일제당,CJ제일제당우,2014,2014-12-29,2014-12-29,2050.0,2000.0,43.39,49.87,49.86,47.92,47.66,48.9,45.69,5.509999999999998,-0.9600000000000009,1.240000000000002,-3.210000000000001,0.9579439252336449,0.5291005291005291,0.42884339613311584,5.832222222222221,6.152586750788643,3485000000000,180900000000,5.190817790530847,578918194.0
daekyo,대교,대교,대교우B,2014,2014-12-29,2014-12-29,140.0,130.0,35.76,38.86,39.11,37.64,42.14,41.8,40.63,6.039999999999999,2.6899999999999977,-0.3400000000000034,-1.1699999999999946,2.9692470837751856,1.7711171662125342,1.1981299175626514,6.938191933240617,7.95584699453552,121100000000,19800000000,16.35012386457473,23757503.0
daishin_sec,대신증권/우,대신증권,대신증권우,2014,2014-12-29,2014-12-29,300.0,250.0,36.0,33.17,31.04,32.32,32.99,32.52,34.72,-3.479999999999997,1.480000000000004,-0.46999999999999886,2.1999999999999957,4.3604651162790695,2.3255813953488373,2.0348837209302326,-2.1070304302203624,-0.41717791411043237,1954000000000,598300000000,30.619242579324464,2174587756.0
doosan,두산/우,두산,두산우,2014,2014-12-29,2014-12-29,3918.2964,3863.1091,34.78,39.56,43.39,41.7,42.27,43.44,42.11,8.659999999999997,0.04999999999999716,1.1699999999999946,-1.3299999999999983,5.20330447253798,3.3458998943338703,1.8574045782041095,10.08113065452877,11.780378129138285,29424200000000,2821500000000,9.589045751456284,12443343176.0
doosan_2pref,두산/2우B,두산,두산2우B,2014,2014-12-29,2014-12-29,3863.1091,3863.1091,41.1,39.81,43.93,44.15,43.43,44.73,42.85,3.6299999999999955,0.7999999999999972,1.2999999999999972,-1.8799999999999955,5.098400575418037,3.002735342355017,2.0956652330630194,5.052431334257342,6.7118840244427815,29424200000000,553700000000,1.8817843815634747,801116324.0
gs,GS,GS,GS우,2014,2014-12-29,2014-12-29,1250.0,1200.0,25.12,28.71,29.09,25.57,27.81,29.55,27.86,4.43,0.46000000000000085,1.740000000000002,-1.6900000000000013,4.152823920265781,2.9850746268656714,1.1677492934001092,5.439006211180121,7.449360675512661,7303100000000,102600000000,1.4048828579644261,368476671.0
hanjinkal,한진칼,한진칼,한진칼우,2014,2014-12-29,2014-12-29,100.0,73.1859,46.55,50.11,53.05,54.3,53.13,54.0,53.88,7.450000000000003,0.9500000000000028,0.8699999999999974,-0.11999999999999744,0.7518796992481203,0.29412008198368367,0.45775961726443654,7.677690070101853,7.790988263942914,7597500000000,17600000000,0.23165514972030274,63622438.0
hanwha_solutions,한화솔루션,한화솔루션,한화솔루션우,2014,2014-12-29,2014-12-29,199.5686,161.8003,42.16,43.37,46.13,48.94,48.62,47.25,46.82,5.090000000000003,1.1199999999999974,-1.3699999999999974,-0.4299999999999997,2.3639966832504147,1.108524938339271,1.2554717449111437,5.969935960861655,6.608301513653302,8147700000000,71900000000,0.8824576260785252,932607368.0
hyundai_eandc,현대건설,현대건설,현대건설우,2014,2014-12-29,2014-12-29,547.0209,500.0,36.5,28.4,22.52,18.87,23.17,22.41,21.21,-14.09,-0.10999999999999943,-0.7600000000000016,-1.1999999999999993,1.4725446861203833,0.8547008547008548,0.6178438314195286,-13.709139298669893,-12.786688410991637,18641000000000,78200000000,0.41950539134166626,1141199206.0
hyundai_motor,현대차/2우B,현대차,현대차2우B,2014,2014-12-29,2014-12-29,3100.0,3000.0,35.81,24.71,25.7,27.45,21.76,20.92,19.24,-14.89,-4.779999999999998,-0.8399999999999999,-1.6800000000000033,2.56198347107438,1.5915119363395225,0.9704715347348576,-14.468892128279887,-13.116590257879658,117121400000000,8968200000000,7.657183059628728,51327869559.0
hyundai_motor_3pref,현대차/3우,현대차,현대차3우B,2014,2014-12-29,2014-12-29,3050.0,3000.0,40.05,35.29,35.75,34.73,31.76,31.52,30.9,-8.529999999999998,-4.23,-0.240000000000002,-0.620000000000001,2.6991150442477876,1.5915119363395225,1.107603107908265,-7.9508746355685105,-6.783524355300855,117121400000000,572600000000,0.48889442919910453,3688383382.0
hyundai_motor_pref,현대차/우,현대차,현대차우,2014,2014-12-29,2014-12-29,3050.0,3000.0,38.46,27.35,28.21,31.09,27.94,26.07,24.78,-12.39,-2.1400000000000006,-1.870000000000001,-1.2899999999999991,2.6293103448275863,1.5915119363395225,1.0377984084880638,-11.900233236151603,-10.637650429799429,117121400000000,6010300000000,5.131683876729616,23876662676.0
kolon_industries,코오롱인더,코오롱인더,코오롱인더우,2014,2014-12-29,2014-12-29,550.0,500.0,54.92,52.48,59.64,58.31,59.79,60.6,61.54,5.68,0.9600000000000009,0.8100000000000023,0.9399999999999977,1.9677996422182469,0.8064516129032258,1.1613480293150211,6.424537815126051,6.826361746361741,2841900000000,85100000000,2.9944755269362044,630915362.0
korea_circuit_2pref,코리아써키트/2우B,코리아써키트,코리아써키트2우B,2014,2014-12-29,2014-12-29,105.0,100.0,49.82,54.09,53.39,58.77,63.34,64.35,66.84,14.529999999999994,10.959999999999994,1.009999999999991,2.490000000000009,2.485207100591716,1.187648456057007,1.2975586445347087,15.136140350877191,15.44086956521739,2451000000000,14700000000,0.5997552019583843,61321701.0
korea_investment,한국금융지주,한국금융지주,한국금융지주우,2014,2014-12-29,2014-12-29,761.5,700.0,48.52,48.71,52.09,49.71,47.09,49.35,48.46,0.8299999999999983,-2.740000000000002,2.259999999999998,-0.8900000000000006,2.744144144144144,1.2987012987012987,1.4454428454428454,1.6563506625891975,2.3573869346733574,15380400000000,1108400000000,7.206574601440795,3340604453.0
kumho_petro,금호석유,금호석유,금호석유우,2014,2014-12-29,2014-12-29,1550.0,1500.0,46.87,45.92,47.91,48.72,49.63,49.64,50.67,2.770000000000003,1.730000000000004,0.00999999999999801,1.0300000000000011,4.062909567496723,2.0891364902506964,1.9737730772460267,3.7472839506172875,4.645151515151518,3315700000000,175700000000,5.299031878637995,525681394.0
lg,LG,LG,LG우,2014,2014-12-29,2014-12-29,1050.0,1096.988,41.98,40.02,42.59,41.47,41.26,41.45,40.73,-0.529999999999994,-1.1400000000000006,0.19000000000000483,-0.720000000000006,2.229299363057325,1.351353215812361,0.8779461472449639,0.05546559677434004,0.9569400022683539,16131600000000,218600000000,1.3551042674006297,595146865.0
lg_chem,LG화학,LG화학,LG화학우,2014,2014-12-29,2014-12-29,4050.0,4000.0,37.15,20.5,19.13,21.74,21.78,21.83,22.89,-15.32,2.6999999999999993,0.04999999999999716,1.0600000000000023,2.587859424920128,1.6064257028112447,0.981433722108883,-14.808402203856748,-13.133827493261453,30001700000000,1486200000000,4.953719289240277,7677886829.0
lg_elec,LG전자,LG전자,LG전자우,2014,2014-12-29,2014-12-29,450.0,400.0,46.1,46.63,48.11,53.04,52.45,53.52,53.53,7.420000000000002,5.410000000000004,1.0700000000000003,0.00999999999999801,1.329394387001477,0.6369426751592357,0.6924517118422414,7.869594594594595,8.178523489932886,24221200000000,1103300000000,4.555100490479415,11166996771.0
lg_household,LG생활건강,LG생활건강,LG생활건강우,2014,2014-12-29,2014-12-29,4050.0,4000.0,47.13,56.98,53.69,51.97,52.76,54.87,55.56,7.739999999999995,1.1799999999999997,2.1099999999999994,0.6900000000000048,1.5168539325842696,0.7920792079207921,0.7247747246634776,8.106928104575168,8.397597402597405,4208200000000,246900000000,5.867116581911506,1048198600.0
lotte_chilsung,롯데칠성,롯데칠성,롯데칠성우,2014,2014-12-29,2014-12-29,495.0,490.0,53.68,52.27,56.34,55.6,53.86,53.26,53.62,-0.4200000000000017,-3.0800000000000054,-0.6000000000000014,0.35999999999999943,0.5010121457489879,0.22972339428035632,0.2712887514686316,-0.24561653787728233,-0.09540487162606581,1108800000000,62600000000,5.645743145743146,101673918.0
lx_hausys,LX하우시스,LX하우시스,LX하우시스우,2014,2014-12-29,2014-12-29,1850.0,1800.0,45.99,44.08,51.65,50.07,50.25,51.38,51.23,5.390000000000001,-0.269999999999996,1.1300000000000026,-0.15000000000000568,1.6157205240174672,0.8490566037735849,0.7666639202438824,5.988973407544833,6.517645259938838,358300000000,19700000000,5.498185877756071,201685294.0
mirae_asset_pref,미래에셋증권/우,미래에셋증권,미래에셋증권우,2014,2014-12-29,2014-12-29,272.8032,248.1832,44.97,46.65,47.65,46.54,47.71,46.8,47.27,1.8299999999999983,-0.8500000000000014,-0.9100000000000037,0.47000000000000597,4.824959320834807,2.415408272506083,2.4095510483287246,3.2554337820883745,4.524402528145373,44205800000000,339900000000,0.7689036280307109,4626258041.0
namyang_dairy,남양유업,남양유업,남양유업우,2014,2014-12-29,2014-12-29,103.7649,100.0,54.98,56.13,59.2,61.47,60.42,60.63,60.55,5.650000000000006,1.4299999999999997,0.21000000000000085,-0.0800000000000054,0.2928895224116518,0.12706480304955528,0.1658247193620965,5.749355961844195,5.811690317460318,297600000000,73800000000,24.798387096774192,308281850.0
nexen_tire,넥센타이어,넥센타이어,넥센타이어1우B,2014,2014-12-29,2014-12-29,80.0,75.0,53.87,58.55,61.13,59.15,58.91,58.91,59.29,5.039999999999999,-2.220000000000006,0.0,0.38000000000000256,1.28,0.5535055350553505,0.7264944649446495,5.4282456140350845,5.664883720930234,710000000000,28400000000,4.0,45546689.0
nh_investment,NH투자증권,NH투자증권,NH투자증권우,2014,2014-12-29,2014-12-29,210.0,160.0,40.97,39.32,40.67,36.38,42.04,40.77,41.76,-0.19999999999999574,0.10000000000000142,-1.269999999999996,0.9899999999999949,3.134328358208955,1.4096916299559472,1.7246367282530077,0.9245312500000011,1.8184615384615341,13434200000000,535900000000,3.989072665287103,2377555232.0
s_oil,S-Oil,S-Oil,S-Oil우,2014,2014-12-29,2014-12-29,25.0,,13.28,14.88,24.35,36.69,40.4,37.28,35.87,24.0,12.93,-3.1199999999999974,-1.4100000000000037,0.06896551724137931,,,,24.04741617357002,13307300000000,225200000000,1.6923042239973547,1363291359.0
samsung_elec,삼성전자,삼성전자,삼성전자우,2014,2014-12-29,2014-12-29,391.0,390.0,22.49,20.82,18.49,22.86,23.8,22.86,23.18,0.370000000000001,4.370000000000001,-0.9400000000000013,0.3200000000000003,2.181919642857143,1.6868512110726646,0.49506843178447824,0.7032457786116346,1.8110355029585818,1587264600000000,148759600000000,9.372073188049427,701114439976.0
samsung_electro,삼성전기,삼성전기,삼성전기우,2014,2014-12-29,2014-12-29,800.0,750.0,41.15,44.66,52.55,52.21,50.26,51.04,51.23,9.89,-1.509999999999998,0.7800000000000011,0.18999999999999773,2.898550724637681,1.5991471215351813,1.2994036031024998,10.643525809273847,11.267962003454237,68494100000000,1109000000000,1.619117559030632,25204450647.0
samsung_fire,삼성화재,삼성화재,삼성화재우,2014,2014-12-29,2014-12-29,4505.0,4500.0,23.43,29.57,32.58,37.65,39.52,40.07,40.66,16.64,7.490000000000002,0.5499999999999972,0.5899999999999963,2.1051401869158877,1.6100178890876566,0.4951222978282311,17.255470085470087,18.154175084175087,21877300000000,1135200000000,5.188940134294452,7168406735.0
samsung_sdi,삼성SDI,삼성SDI,삼성SDI우,2014,2014-12-29,2014-12-29,1050.0,977.126,37.8,40.87,41.79,41.91,38.73,39.83,39.83,2.030000000000001,-1.9600000000000009,1.1000000000000014,0.0,1.3779527559055118,0.7976538775510205,0.5802988783544913,2.4197284494287317,2.902479338842973,55926400000000,555700000000,0.9936273387881216,9648202882.0
sebang,세방,세방,세방우,2014,2014-12-29,2014-12-29,155.0,150.0,53.56,56.54,60.46,62.17,62.72,62.21,62.91,8.649999999999999,1.75,-0.509999999999998,0.6999999999999957,1.652452025586354,0.7425742574257426,0.9098777681606114,9.153178294573642,9.439999999999998,304300000000,38700000000,12.717712783437396,69159619.0
sk_discovery,SK디스커버리,SK디스커버리,SK디스커버리우,2014,2014-12-29,2014-12-29,350.0,606.472,20.77,25.68,30.65,23.27,25.34,28.65,29.42,7.879999999999999,-2.0,3.3099999999999987,0.7700000000000031,1.238938053097345,1.7008020640529475,-0.4618640109556024,7.660226250888968,8.809329150451383,1051800000000,52500000000,4.991443240159726,171104200.0
yuhan,유한양행,유한양행,유한양행우,2014,2014-12-29,2014-12-29,360.0,236.8938,25.35,26.13,18.36,17.8,17.84,18.63,19.68,-6.720000000000002,0.2699999999999996,0.7899999999999991,1.0500000000000007,1.8848167539267016,0.9259089310142662,0.9589078229124354,-5.993395157542373,-5.175275148815899,7009000000000,88200000000,1.2583820801826224,433596300.0
yuhwa_sec,유화증권,유화증권,유화증권우,2014,2014-12-29,2014-12-29,100.0,90.0,3.57,6.53,5.56,12.03,12.35,9.68,8.5,6.109999999999999,4.12,-2.67,-1.1799999999999997,3.7037037037037033,3.214285714285714,0.48941798941798953,6.7290033222591354,9.333225806451612,205300000000,60500000000,29.469069654164638,10737422.0
amore_holdings,아모레G,아모레퍼시픽홀딩스,아모레퍼시픽홀딩스우,2015,2015-12-29,2015-12-29,395.0,390.0,54.91,45.96,42.48,40.28,42.35,41.41,42.79,-13.5,-1.0700000000000003,-0.9400000000000048,1.3800000000000026,0.5123216601815823,0.22807017543859648,0.2842514847429859,-13.383431908716489,-13.229865319865318,2072000000000,76600000000,3.696911196911197,180063238.0
amorepacific,아모레퍼시픽,아모레퍼시픽,아모레퍼시픽우,2015,2015-12-29,2015-12-29,1355.0,1350.0,52.08,44.2,41.39,41.97,41.73,44.39,45.41,-7.689999999999998,3.0,2.6600000000000037,1.019999999999996,0.7131578947368421,0.34047919293820933,0.37267870179863277,-7.541886700110119,-7.359268292682927,7598200000000,484100000000,6.371245821378747,1027015362.0
bookook_sec,부국증권,부국증권,부국증권우,2015,2015-12-29,2015-12-29,1250.0,1200.0,2.06,3.49,4.71,0.9,2.37,4.62,1.85,2.56,-0.08999999999999986,2.25,-2.77,7.5075075075075075,7.0588235294117645,0.448683978095743,3.219503105590062,9.789710982658958,778800000000,108800000000,13.970210580380071,257323826.0
byc,BYC,BYC,BYC우,2015,2015-12-29,2015-12-29,90.0,85.0,51.46,52.39,54.94,55.77,55.79,56.53,56.99,5.07,1.5900000000000034,0.740000000000002,0.46000000000000085,0.4931506849315068,0.22606382978723402,0.26708685514427283,5.181089376418463,5.260604099244873,306700000000,70600000000,23.019237039452236,73590341.0
cj,CJ/우,CJ,CJ우,2015,2015-12-29,2015-12-29,1217.3914,1173.9131,51.79,48.39,47.04,50.81,52.45,51.02,50.98,-0.769999999999996,3.980000000000004,-1.4299999999999997,-0.04000000000000625,1.0937535039171997,0.5084736431758132,0.5852798607413865,-0.4665719855471764,-0.1983535248752588,6346000000000,202300000000,3.1878348566025845,319652465.0
cj_cheiljedang,CJ제일제당,CJ제일제당,CJ제일제당우,2015,2015-12-29,2015-12-29,2550.0,2500.0,36.76,35.97,38.28,40.12,42.08,42.19,44.26,5.43,3.9099999999999966,0.10999999999999943,2.0700000000000003,1.0782241014799154,0.6684491978609626,0.4097749036189529,5.726559139784946,6.1104939919893155,3485000000000,180900000000,5.190817790530847,578918194.0
daekyo,대교,대교,대교우B,2015,2015-12-29,2015-12-29,150.0,140.0,43.17,36.43,34.13,34.72,33.37,35.74,38.07,-7.43,1.6099999999999994,2.3700000000000045,2.3299999999999983,2.793296089385475,1.4814814814814816,1.3118146079039932,-6.743883161512031,-5.740462232243516,121100000000,19800000000,16.35012386457473,23757503.0
daishin_sec,대신증권/우,대신증권,대신증권우,2015,2015-12-29,2015-12-29,550.0,500.0,32.85,28.7,31.55,32.14,36.98,36.48,38.24,3.6299999999999955,4.929999999999996,-0.5,1.7600000000000051,7.412398921832884,4.524886877828054,2.88751204400483,5.566666666666663,8.030000000000001,1954000000000,598300000000,30.619242579324464,2174587756.0
daishin_sec_2pref,대신증권/2우B,대신증권,대신증권2우B,2015,2015-12-29,2015-12-29,500.0,500.0,37.56,33.33,34.36,36.79,41.67,40.72,42.27,3.1599999999999966,6.359999999999999,-0.9500000000000028,1.5500000000000043,7.246376811594203,4.524886877828054,2.721489933766149,4.856666666666669,7.159999999999997,1954000000000,222500000000,11.38689866939611,777124479.0
doosan,두산/우,두산,두산우,2015,2015-12-29,2015-12-29,5077.229,5022.042,37.59,43.82,38.86,33.71,36.69,35.17,36.65,-2.4200000000000017,-3.6899999999999977,-1.519999999999996,1.4799999999999969,6.9139088990263495,4.268375022310615,2.6455338767157346,-0.5642568428885397,2.5085493869143605,29424200000000,2821500000000,9.589045751456284,12443343176.0
doosan_2pref,두산/2우B,두산,두산2우B,2015,2015-12-29,2015-12-29,5022.042,5022.042,39.25,44.67,37.4,34.32,37.38,35.46,36.85,-3.789999999999999,-1.9399999999999977,-1.9200000000000017,1.3900000000000006,7.025603648470945,4.268375022310615,2.7572286261603294,-1.9690851297403,1.0912700880278337,29424200000000,553700000000,1.8817843815634747,801116324.0
gs,GS,GS,GS우,2015,2015-12-29,2015-12-29,1550.0,1500.0,32.06,34.05,29.9,32.46,33.46,33.14,33.93,1.0799999999999983,3.240000000000002,-0.3200000000000003,0.7899999999999991,4.858934169278997,3.1948881789137378,1.6640459903652587,2.1769477911646575,4.099844054580892,7303100000000,102600000000,1.4048828579644261,368476671.0
hanjinkal,한진칼,한진칼,한진칼우,2015,2015-12-29,2015-12-29,100.0,73.1859,39.48,36.31,31.24,33.23,34.88,38.3,35.95,-1.1799999999999997,7.059999999999999,3.4199999999999946,-2.3499999999999943,0.6666666666666667,0.29527112079399664,0.3713955458726701,-0.8882514981343306,-0.6532719857785168,7597500000000,17600000000,0.23165514972030274,63622438.0
hanwha_solutions,한화솔루션,한화솔루션,한화솔루션우,2015,2015-12-29,2015-12-29,199.5686,161.8003,48.95,43.62,40.44,40.55,41.43,40.58,42.83,-8.370000000000005,0.14000000000000057,-0.8500000000000014,2.25,1.7020776119402985,0.7044903557277833,0.9975872562125152,-8.006943678997622,-7.672217395873481,8147700000000,71900000000,0.8824576260785252,932607368.0
hyundai_motor,현대차/2우B,현대차,현대차2우B,2015,2015-12-29,2015-12-29,3100.0,3000.0,31.14,26.5,24.41,28.57,28.95,28.15,29.53,-2.990000000000002,3.7399999999999984,-0.8000000000000007,1.3800000000000026,2.6956521739130435,1.7964071856287425,0.899244988284301,-2.356216216216218,-0.9413245033112574,117121400000000,8968200000000,7.657183059628728,51327869559.0
hyundai_motor_3pref,현대차/3우,현대차,현대차3우B,2015,2015-12-29,2015-12-29,3050.0,3000.0,40.96,34.7,27.8,31.89,32.57,32.45,33.56,-8.509999999999998,4.650000000000002,-0.11999999999999744,1.1099999999999994,3.0933062880324544,1.7964071856287425,1.296899102403712,-7.818108108108113,-6.489801324503311,117121400000000,572600000000,0.48889442919910453,3688383382.0
hyundai_motor_pref,현대차/우,현대차,현대차우,2015,2015-12-29,2015-12-29,3050.0,3000.0,33.53,26.18,24.75,30.23,29.28,29.47,29.87,-4.060000000000002,4.719999999999999,0.18999999999999773,0.40000000000000213,2.7477477477477477,1.7964071856287425,0.9513405621190053,-3.4286486486486503,-2.039933774834438,117121400000000,6010300000000,5.131683876729616,23876662676.0
kolon_industries,코오롱인더,코오롱인더,코오롱인더우,2015,2015-12-29,2015-12-29,550.0,500.0,57.21,56.98,57.15,56.97,57.96,56.22,56.24,-0.990000000000002,-0.9299999999999997,-1.740000000000002,0.020000000000003126,2.083333333333333,0.8103727714748784,1.2729605618584547,-0.4639682539682539,-0.12338582677165277,2841900000000,85100000000,2.9944755269362044,630915362.0
korea_circuit,코리아써키트/우,코리아써키트,코리아써키트우,2015,2015-12-29,2015-12-29,105.0,100.0,54.9,55.16,52.36,50.25,52.67,53.64,53.89,-1.259999999999998,1.2800000000000011,0.9699999999999989,0.25,2.2604951560818085,0.9708737864077669,1.2896213696740415,-0.7018867924528251,-0.2738317757009341,2451000000000,71200000000,2.9049367605059158,71846911.0
korea_circuit_2pref,코리아써키트/2우B,코리아써키트,코리아써키트2우B,2015,2015-12-29,2015-12-29,105.0,100.0,35.34,41.97,43.58,41.22,43.43,45.33,45.74,9.989999999999995,1.75,1.8999999999999986,0.4100000000000037,1.5765765765765765,0.9708737864077669,0.6057027901688096,10.461886792452823,10.96841121495327,2451000000000,14700000000,0.5997552019583843,61321701.0
korea_investment,한국금융지주,한국금융지주,한국금융지주우,2015,2015-12-29,2015-12-29,1061.5,1000.0,43.11,40.1,38.3,38.14,35.49,36.08,35.23,-7.030000000000001,-2.219999999999999,0.5899999999999963,-0.8500000000000014,3.024216524216524,1.6207455429497568,1.4034709812667672,-6.199041095890415,-4.988119001919387,15380400000000,1108400000000,7.206574601440795,3340604453.0
kumho_petro,금호석유,금호석유,금호석유우,2015,2015-12-29,2015-12-29,850.0,800.0,38.34,33.5,39.88,37.64,37.38,34.21,33.93,-4.130000000000003,-5.670000000000002,-3.1700000000000017,-0.28000000000000114,2.4355300859598854,1.4134275618374559,1.0221025241224295,-3.5202656546489592,-2.5456074766355172,3315700000000,175700000000,5.299031878637995,525681394.0
lg,LG,LG,LG우,2015,2015-12-29,2015-12-29,1350.0,1426.0844,42.42,40.94,39.56,39.66,40.23,39.46,40.48,-2.960000000000001,-0.10000000000000142,-0.769999999999996,1.019999999999996,3.4526854219948846,2.1001478557964184,1.352537566198466,-2.332005068927508,-1.248750015848266,16131600000000,218600000000,1.3551042674006297,595146865.0
lg_chem,LG화학,LG화학,LG화학우,2015,2015-12-29,2015-12-29,4550.0,4500.0,32.55,27.98,29.4,28.17,23.49,27.29,26.05,-5.259999999999998,-2.1099999999999994,3.8000000000000007,-1.2399999999999984,2.439678284182306,1.62748643761302,0.8121918465692858,-4.87522796352583,-3.89932533733133,30001700000000,1486200000000,4.953719289240277,7677886829.0
lg_elec,LG전자,LG전자,LG전자우,2015,2015-12-29,2015-12-29,450.0,400.0,50.0,50.2,42.44,43.22,44.17,45.31,45.61,-4.689999999999998,2.8700000000000045,1.1400000000000006,0.29999999999999716,2.0,0.8888888888888888,1.1111111111111112,-4.247104247104247,-3.831417624521073,24221200000000,1103300000000,4.555100490479415,11166996771.0
lg_household,LG생활건강,LG생활건강,LG생활건강우,2015,2015-12-29,2015-12-29,5550.0,5500.0,54.55,45.36,42.46,45.54,47.06,49.18,50.33,-5.369999999999997,6.719999999999999,2.1199999999999974,1.1499999999999986,1.3703703703703705,0.6172839506172839,0.7530864197530864,-5.105826426133589,-4.836129970902036,4208200000000,246900000000,5.867116581911506,1048198600.0
lotte_chilsung,롯데칠성,롯데칠성,롯데칠성우,2015,2015-12-29,2015-12-29,925.0,920.0,60.49,56.45,57.19,56.47,59.52,58.63,58.18,-1.8599999999999994,1.4400000000000048,-0.8900000000000006,-0.45000000000000284,0.9840425531914894,0.38671710802858345,0.597325445162906,-1.6132214520248098,-1.4414078110808362,1108800000000,62600000000,5.645743145743146,101673918.0
lx_hausys,LX하우시스,LX하우시스,LX하우시스우,2015,2015-12-29,2015-12-29,1850.0,1800.0,50.91,45.46,47.66,44.98,41.16,41.58,40.27,-9.329999999999998,-6.079999999999998,0.4200000000000017,-1.3099999999999952,2.2839506172839505,1.090909090909091,1.1930415263748595,-8.77360473208072,-8.057766323024055,358300000000,19700000000,5.498185877756071,201685294.0
mirae_asset_pref,미래에셋증권/우,미래에셋증권,미래에셋증권우,2015,2015-12-29,2015-12-29,360.1002,327.6017,41.49,39.31,38.31,37.57,40.5,35.05,35.83,-6.440000000000005,-3.260000000000005,-5.450000000000003,0.7800000000000011,5.276193406593406,2.8084157736819546,2.4677776329114516,-4.90959787208746,-2.816682784325579,44205800000000,339900000000,0.7689036280307109,4626258041.0
namyang_dairy,남양유업,남양유업,남양유업우,2015,2015-12-29,2015-12-29,103.7649,100.0,65.01,64.12,63.49,63.7,63.81,64.58,63.63,-0.4300000000000068,1.0899999999999963,0.769999999999996,-0.9499999999999957,0.3577483192553008,0.12062726176115801,0.2371210574941428,-0.3359635006784458,-0.28809634146341523,297600000000,73800000000,24.798387096774192,308281850.0
nexen_tire,넥센타이어,넥센타이어,넥센타이어1우B,2015,2015-12-29,2015-12-29,85.0,80.0,61.14,58.78,58.12,57.21,57.56,58.63,57.46,-2.509999999999998,0.5100000000000051,1.0700000000000003,-1.1700000000000017,1.4731369150779896,0.5387205387205387,0.9344163763574508,-2.0896753246753264,-1.8254838709677443,710000000000,28400000000,4.0,45546689.0
nh_investment,NH투자증권,NH투자증권,NH투자증권우,2015,2015-12-29,2015-12-29,450.0,400.0,29.35,27.86,31.12,30.87,34.29,33.58,33.63,4.229999999999997,2.4599999999999973,-0.7100000000000009,0.05000000000000426,6.338028169014084,3.9800995024875623,2.357928666526522,6.0123188405797094,8.417441860465118,13434200000000,535900000000,3.989072665287103,2377555232.0
s_oil,S-Oil,S-Oil,S-Oil우,2015,2015-12-29,2015-12-29,1325.0,1300.0,34.78,36.7,37.74,39.59,40.2,39.91,40.81,5.1299999999999955,2.1699999999999946,-0.29000000000000625,0.9000000000000057,3.2555282555282554,2.083333333333333,1.1721949221949222,5.828974358974357,6.802597730138714,13307300000000,225200000000,1.6923042239973547,1363291359.0
samsung_ct,삼성물산,삼성물산,삼성물산우B,2015,2015-12-29,2015-12-29,550.0055,507.6142,34.12,28.74,20.05,26.81,26.46,24.61,25.08,-9.509999999999998,4.559999999999999,-1.8500000000000014,0.46999999999999886,0.5445545093612935,0.3311247227658186,0.21342978659547482,-9.387631292766272,-9.11590673427732,65678400000000,328700000000,0.5004689517406027,1525223394.0
samsung_elec,삼성전자,삼성전자,삼성전자우,2015,2015-12-29,2015-12-29,401.0,400.0,19.39,14.82,14.64,15.78,15.62,15.09,14.43,-4.300000000000001,0.4499999999999993,-0.5299999999999994,-0.6600000000000001,2.2228381374722836,1.7873100983020553,0.4355280391702285,-4.0569341894061,-2.719383886255926,1587264600000000,148759600000000,9.372073188049427,701114439976.0
samsung_electro,삼성전기,삼성전기,삼성전기우,2015,2015-12-29,2015-12-29,550.0,500.0,52.76,51.98,47.69,48.54,47.09,45.87,45.87,-6.890000000000001,-1.8200000000000003,-1.220000000000006,0.0,1.8333333333333333,0.7874015748031495,1.0459317585301837,-6.439999999999998,-6.013968253968251,68494100000000,1109000000000,1.619117559030632,25204450647.0
samsung_fire,삼성화재,삼성화재,삼성화재우,2015,2015-12-29,2015-12-29,5155.0,5150.0,40.35,33.44,36.38,39.74,38.61,40.16,39.16,-0.19000000000000483,3.779999999999994,1.5499999999999972,-1.0,3.032352941176471,1.807017543859649,1.2253353973168217,0.47781991286105807,1.4452380952380963,21877300000000,1135200000000,5.188940134294452,7168406735.0
samsung_sdi,삼성SDI,삼성SDI,삼성SDI우,2015,2015-12-29,2015-12-29,1050.0,977.126,44.17,43.15,41.08,38.52,37.0,35.59,35.88,-8.579999999999998,-5.489999999999995,-1.4099999999999966,0.28999999999999915,1.7826825127334467,0.9261857819905214,0.8564967307429253,-8.202139353131244,-7.638468468468474,55926400000000,555700000000,0.9936273387881216,9648202882.0
sebang,세방,세방,세방우,2015,2015-12-29,2015-12-29,180.0,175.0,56.58,56.02,51.56,50.26,53.17,53.05,53.17,-3.530000000000001,1.4899999999999949,-0.12000000000000455,0.12000000000000455,2.2167487684729066,0.9358288770053476,1.280919891467559,-2.9282280431432994,-2.4336585365853622,304300000000,38700000000,12.717712783437396,69159619.0
sk,SK,SK,SK우,2015,2015-12-29,2015-12-29,3450.0,3400.0,38.97,35.69,35.19,38.1,38.1,38.51,37.92,-0.46000000000000085,3.3200000000000003,0.4099999999999966,-0.5899999999999963,2.247557003257329,1.3518886679920477,0.8956683352652814,0.07818797291916013,0.8924754420432208,39369000000000,211200000000,0.5364626990779547,1612293529.0
sk_discovery,SK디스커버리,SK디스커버리,SK디스커버리우,2015,2015-12-29,2015-12-29,350.0,622.1317,28.44,27.04,25.52,25.09,24.44,22.59,23.33,-5.850000000000001,-2.9299999999999997,-1.8500000000000014,0.7399999999999984,1.1041009463722398,1.4043604966139955,-0.30025955024175577,-6.158014450868819,-5.03909284458021,1051800000000,52500000000,4.991443240159726,171104200.0
sk_innovation,SK이노베이션,SK이노베이션,SK이노베이션우,2015,2015-12-29,2015-12-29,4690.7324,4546.176,42.91,38.29,40.17,40.24,42.19,42.54,44.87,-0.36999999999999744,2.3699999999999974,0.3500000000000014,2.3299999999999983,8.464275867046808,4.68291718170581,3.7813586853409986,1.3571952585530411,3.391553161081049,23295500000000,94500000000,0.40565774505805846,608843965.0
yuhan,유한양행,유한양행,유한양행우,2015,2015-12-29,2015-12-29,410.0,270.7357,14.19,10.08,7.99,-4.6,-0.15,0.58,2.59,-13.61,-7.41,0.73,2.01,1.443661971830986,0.8180067679850137,0.6256552038459722,-13.215426476899886,-12.475051503686725,7009000000000,88200000000,1.2583820801826224,433596300.0
yuhwa_sec,유화증권,유화증권,유화증권우,2015,2015-12-29,2015-12-29,150.0,140.0,3.45,3.75,10.38,7.82,6.6,8.68,8.0,5.2299999999999995,-1.700000000000001,2.08,-0.6799999999999997,5.357142857142857,4.827586206896552,0.5295566502463052,5.977609427609427,10.054823151125404,205300000000,60500000000,29.469069654164638,10737422.0
amore_holdings,아모레G,아모레퍼시픽홀딩스,아모레퍼시픽홀딩스우,2016,2016-12-28,2016-12-28,465.0,460.0,57.18,55.02,55.43,58.78,58.83,58.76,58.46,1.5799999999999983,3.3299999999999983,-0.07000000000000028,-0.29999999999999716,0.6521739130434783,0.27627627627627627,0.37589763676720195,1.797836329820207,1.9435521235521236,2072000000000,76600000000,3.696911196911197,180063238.0
amorepacific,아모레퍼시픽,아모레퍼시픽,아모레퍼시픽우,2016,2016-12-28,2016-12-28,1585.0,1580.0,44.47,42.86,40.7,43.54,41.51,39.1,37.6,-5.369999999999997,-1.6000000000000014,-2.4099999999999966,-1.5,0.7337962962962963,0.40616966580976865,0.3276266304865276,-5.172969681908548,-4.876491499227207,7598200000000,484100000000,6.371245821378747,1027015362.0
bookook_sec,부국증권,부국증권,부국증권우,2016,2016-12-28,2016-12-28,1250.0,1200.0,0.51,0.0,-1.53,-3.41,-1.03,0.25,-0.53,-0.26,1.78,1.28,-0.78,6.361323155216285,6.075949367088607,0.28537378812767755,0.027634408602150606,6.055656565656567,778800000000,108800000000,13.970210580380071,257323826.0
byc,BYC,BYC,BYC우,2016,2016-12-28,2016-12-28,85.0,80.0,59.42,57.3,55.23,56.95,55.86,56.17,56.06,-3.25,0.9400000000000048,0.3100000000000023,-0.10999999999999943,0.4461942257217848,0.1703940362087327,0.2758001895130521,-3.122675416456339,-3.0346095717884083,306700000000,70600000000,23.019237039452236,73590341.0
cj,CJ/우,CJ,CJ우,2016,2016-12-28,2016-12-28,1217.3914,1173.9131,57.02,56.82,58.8,58.74,59.19,59.4,59.68,2.3799999999999955,0.6000000000000014,0.21000000000000085,0.28000000000000114,1.7654355612918196,0.7317063608314893,1.0337292004603302,2.848300073317482,3.1427446249999917,6346000000000,202300000000,3.1878348566025845,319652465.0
cj_cheiljedang,CJ제일제당,CJ제일제당,CJ제일제당우,2016,2016-12-28,2016-12-28,2550.0,2500.0,50.76,50.81,51.95,53.88,51.7,50.98,51.4,0.21999999999999886,-0.970000000000006,-0.720000000000006,0.4200000000000017,1.4285714285714286,0.6896551724137931,0.7389162561576355,0.5902109704641418,0.9299441340782195,3485000000000,180900000000,5.190817790530847,578918194.0
daekyo,대교,대교,대교우B,2016,2016-12-28,2016-12-28,150.0,140.0,40.34,36.32,37.27,37.45,36.71,36.35,36.86,-3.990000000000002,-0.9200000000000017,-0.35999999999999943,0.509999999999998,2.857142857142857,1.5909090909090908,1.2662337662337664,-3.2392628992629042,-2.1757487922705394,121100000000,19800000000,16.35012386457473,23757503.0
daishin_sec,대신증권/우,대신증권,대신증권우,2016,2016-12-28,2016-12-28,600.0,550.0,26.92,24.88,26.54,27.55,27.81,29.73,31.96,2.8099999999999987,3.1900000000000013,1.9200000000000017,2.2300000000000004,7.782101167315175,5.213270142180095,2.5688310251350805,4.850334928229664,8.261818181818178,1954000000000,598300000000,30.619242579324464,2174587756.0
daishin_sec_2pref,대신증권/2우B,대신증권,대신증권2우B,2016,2016-12-28,2016-12-28,550.0,550.0,31.75,30.44,30.77,32.36,33.12,34.64,36.54,2.8900000000000006,3.870000000000001,1.5200000000000031,1.8999999999999986,7.638888888888889,5.213270142180095,2.425618746708795,4.709330143540669,7.886363636363633,1954000000000,222500000000,11.38689866939611,777124479.0
doosan,두산/우,두산,두산우,2016,2016-12-28,2016-12-28,5684.289,5629.1016,35.43,35.6,37.84,36.91,36.67,38.28,39.28,2.8500000000000014,0.4399999999999977,1.6099999999999994,1.0,7.810771556166266,4.994367441819199,2.8164041143470673,4.675299521609205,7.341512961234919,29424200000000,2821500000000,9.589045751456284,12443343176.0
doosan_2pref,두산/2우B,두산,두산2우B,2016,2016-12-28,2016-12-28,5629.1016,5629.1016,33.66,35.43,39.09,37.89,36.73,38.34,39.26,4.680000000000007,-0.75,1.6100000000000065,0.9199999999999946,7.639724220298037,5.068568598672778,2.57115562162526,6.466663164651166,9.131925601404461,29424200000000,553700000000,1.8817843815634747,801116324.0
gs,GS,GS,GS우,2016,2016-12-28,2016-12-28,1650.0,1600.0,29.9,36.15,36.95,36.93,35.26,35.11,35.87,5.210000000000001,-1.8400000000000034,-0.14999999999999858,0.759999999999998,4.483695652173913,3.0476190476190474,1.4360766045548652,6.368939393939392,8.243382352941175,7303100000000,102600000000,1.4048828579644261,368476671.0
hanwha_solutions,한화솔루션,한화솔루션,한화솔루션우,2016,2016-12-28,2016-12-28,399.1371,377.5341,45.73,50.02,48.61,50.07,51.89,51.14,51.58,5.410000000000004,2.530000000000001,-0.75,0.4399999999999977,2.7972324619805167,1.4358730460578861,1.3613594159226308,6.207311586443808,6.870347498812443,8147700000000,71900000000,0.8824576260785252,932607368.0
hyundai_motor,현대차/2우B,현대차,현대차2우B,2016,2016-12-28,2016-12-28,3100.0,3000.0,25.36,29.61,25.34,29.62,29.62,30.1,30.94,4.740000000000002,4.760000000000002,0.4800000000000004,0.8399999999999999,2.9665071770334928,2.142857142857143,0.82365003417635,5.452720848056536,6.889134948096888,117121400000000,8968200000000,7.657183059628728,51327869559.0
hyundai_motor_3pref,현대차/3우,현대차,현대차3우B,2016,2016-12-28,2016-12-28,3050.0,3000.0,33.21,35.63,33.08,36.72,36.79,36.89,37.98,3.6799999999999997,3.8100000000000023,0.10000000000000142,1.0899999999999963,3.2620320855614975,2.142857142857143,1.1191749427043547,4.493180212014138,5.7865397923875435,117121400000000,572600000000,0.48889442919910453,3688383382.0
hyundai_motor_pref,현대차/우,현대차,현대차우,2016,2016-12-28,2016-12-28,3050.0,3000.0,28.71,31.68,27.97,32.26,33.1,33.29,33.59,4.579999999999998,5.32,0.18999999999999773,0.30000000000000426,3.056112224448898,2.142857142857143,0.9132550815917548,5.3182685512367485,6.687923875432524,117121400000000,6010300000000,5.131683876729616,23876662676.0
kolon_industries,코오롱인더,코오롱인더,코오롱인더우,2016,2016-12-28,2016-12-28,1150.0,1100.0,58.71,57.56,56.51,57.14,56.99,57.84,57.63,-0.8699999999999974,1.3300000000000054,0.8500000000000014,-0.21000000000000085,3.3236994219653178,1.3126491646778042,2.011050257287513,0.046684491978602694,0.6444137022397953,2841900000000,85100000000,2.9944755269362044,630915362.0
korea_circuit,코리아써키트/우,코리아써키트,코리아써키트우,2016,2016-12-28,2016-12-28,105.0,100.0,51.07,49.81,52.59,58.1,59.91,60.0,59.82,8.93,7.409999999999997,0.09000000000000341,-0.17999999999999972,2.5423728813559325,1.1848341232227488,1.3575387581331837,9.531851851851847,9.893302752293579,2451000000000,71200000000,2.9049367605059158,71846911.0
korea_circuit_2pref,코리아써키트/2우B,코리아써키트,코리아써키트2우B,2016,2016-12-28,2016-12-28,105.0,100.0,32.91,31.92,38.9,48.2,48.88,50.46,50.41,17.550000000000004,11.560000000000002,1.5799999999999983,-0.05000000000000426,1.788756388415673,1.1428571428571428,0.6458992455585301,18.062222222222225,18.512018348623855,2451000000000,14700000000,0.5997552019583843,61321701.0
korea_investment,한국금융지주,한국금융지주,한국금융지주우,2016,2016-12-28,2016-12-28,861.5,800.0,43.56,43.58,41.07,45.01,45.11,43.49,43.71,-0.07000000000000028,2.4200000000000017,-1.6199999999999974,0.21999999999999886,3.778508771929825,1.9801980198019802,1.7983107521278445,0.9119235364396658,1.9534818288393865,15380400000000,1108400000000,7.206574601440795,3340604453.0
kumho_petro,금호석유,금호석유,금호석유우,2016,2016-12-28,2016-12-28,850.0,800.0,60.1,60.91,60.48,60.31,63.98,63.48,64.17,3.3799999999999955,3.0,-0.5,0.6900000000000048,2.946273830155979,1.1065006915629323,1.839773138593047,4.070792079207912,4.422058823529419,3315700000000,175700000000,5.299031878637995,525681394.0
lg,LG,LG,LG우,2016,2016-12-28,2016-12-28,1350.0,1426.0844,41.65,41.58,38.13,41.12,38.65,40.22,40.22,-1.4299999999999997,2.0899999999999963,1.5700000000000003,0.0,3.3007334963325183,2.034415247225313,1.2663182491072054,-0.6667198199901136,0.5910185904716343,16131600000000,218600000000,1.3551042674006297,595146865.0
lg_chem,LG화학,LG화학,LG화학우,2016,2016-12-28,2016-12-28,5050.0,5000.0,31.04,27.57,27.37,27.53,30.93,31.89,31.23,0.8500000000000014,4.52,0.9600000000000009,-0.6600000000000001,3.0513595166163143,2.083333333333333,0.9680261832829811,1.4839005736137665,2.749868667917454,30001700000000,1486200000000,4.953719289240277,7677886829.0
lg_elec,LG전자,LG전자,LG전자우,2016,2016-12-28,2016-12-28,450.0,400.0,49.33,50.21,49.89,50.62,50.93,50.88,51.36,1.5500000000000043,0.990000000000002,-0.04999999999999716,0.4799999999999969,1.8442622950819672,0.8307372793354102,1.013525015746557,2.0561386138613926,2.438172888015721,24221200000000,1103300000000,4.555100490479415,11166996771.0
lg_household,LG생활건강,LG생활건강,LG생활건강우,2016,2016-12-28,2016-12-28,7550.0,7500.0,47.01,43.6,36.66,40.76,39.02,37.0,35.49,-10.009999999999998,0.3400000000000034,-2.020000000000003,-1.509999999999998,1.5206445115810674,0.8004268943436499,0.7202176172374175,-9.673910218546958,-9.123583138173295,4208200000000,246900000000,5.867116581911506,1048198600.0
lotte_chilsung,롯데칠성,롯데칠성,롯데칠성우,2016,2016-12-28,2016-12-28,1005.0,1000.0,53.86,53.98,54.98,53.58,52.76,51.05,51.91,-2.8100000000000023,-3.9299999999999997,-1.7100000000000009,0.8599999999999994,1.3654891304347825,0.6269592476489028,0.7385298827858797,-2.450014064697605,-2.1106983240223443,1108800000000,62600000000,5.645743145743146,101673918.0
lx_hausys,LX하우시스,LX하우시스,LX하우시스우,2016,2016-12-28,2016-12-28,1850.0,1800.0,41.04,37.56,38.78,41.8,41.66,40.93,41.42,-0.10999999999999943,2.1499999999999986,-0.7299999999999969,0.490000000000002,2.96,1.6981132075471699,1.2618867924528303,0.714201680672268,1.795051546391754,358300000000,19700000000,5.498185877756071,201685294.0
mirae_asset_pref,미래에셋증권/우,미래에셋증권,미래에셋증권우,2016,2016-12-28,2016-12-28,54.5606,49.6366,27.7,24.19,22.65,23.97,24.98,23.97,25.16,-3.7300000000000004,1.3200000000000003,-1.0100000000000016,1.1900000000000013,0.9682448979591837,0.6369382779417426,0.331306620017441,-3.4972033026754126,-2.985044922406754,44205800000000,339900000000,0.7689036280307109,4626258041.0
namyang_dairy,남양유업,남양유업,남양유업우,2016,2016-12-28,2016-12-28,103.7649,100.0,66.82,66.48,66.81,68.49,67.98,68.3,67.55,1.480000000000004,1.4899999999999949,0.3199999999999932,-0.75,0.4468002928005511,0.14285714285714285,0.3039431499434083,1.5757150993377422,1.6175197089947062,297600000000,73800000000,24.798387096774192,308281850.0
nexen_tire,넥센타이어,넥센타이어,넥센타이어1우B,2016,2016-12-28,2016-12-28,105.0,100.0,58.26,58.88,60.15,61.25,60.38,60.22,59.54,1.9600000000000009,0.07000000000000028,-0.1600000000000037,-0.6799999999999997,1.7529215358931551,0.6968641114982579,1.0560574243948972,2.4569811320754766,2.751235955056181,710000000000,28400000000,4.0,45546689.0
nh_investment,NH투자증권,NH투자증권,NH투자증권우,2016,2016-12-28,2016-12-28,450.0,400.0,29.78,31.18,28.38,30.15,30.45,29.5,30.43,-0.28000000000000114,1.120000000000001,-0.9499999999999993,0.9299999999999997,6.512301013024602,4.0650406504065035,2.4472603626180978,1.4571134020618537,4.180396039603963,13434200000000,535900000000,3.989072665287103,2377555232.0
s_oil,S-Oil,S-Oil,S-Oil우,2016,2016-12-28,2016-12-28,5725.0,5700.0,36.02,35.98,33.69,31.49,32.1,32.75,32.46,-3.270000000000003,-0.9399999999999977,0.6499999999999986,-0.28999999999999915,11.116504854368932,7.080745341614906,4.035759512754026,-0.9009523809523898,3.4244444444444397,13307300000000,225200000000,1.6923042239973547,1363291359.0
samsung_ct,삼성물산,삼성물산,삼성물산우B,2016,2016-12-28,2016-12-28,600.006,558.3756,31.96,32.84,27.43,30.82,30.64,29.59,31.01,-2.370000000000001,2.16,-1.0500000000000007,1.4200000000000017,0.5714288435348235,0.361841428247416,0.20958741528740746,-2.2100499524687507,-1.899708535080233,65678400000000,328700000000,0.5004689517406027,1525223394.0
samsung_elec,삼성전자,삼성전자,삼성전자우,2016,2016-12-28,2016-12-28,551.0,550.0,18.04,20.21,22.34,22.51,20.66,20.62,20.36,2.580000000000002,-1.7199999999999989,-0.03999999999999915,-0.26000000000000156,2.0761115297663904,1.6985793699814702,0.3775321597849202,2.9055263900649173,4.113974430239022,1587264600000000,148759600000000,9.372073188049427,701114439976.0
samsung_electro,삼성전기,삼성전기,삼성전기우,2016,2016-12-28,2016-12-28,550.0,500.0,43.9,45.7,45.46,45.48,45.03,47.51,47.52,3.6099999999999994,2.049999999999997,2.479999999999997,0.010000000000005116,2.0257826887661143,1.0330578512396695,0.9927248375264448,4.192369477911647,4.708349900596424,68494100000000,1109000000000,1.619117559030632,25204450647.0
samsung_fire,삼성화재,삼성화재,삼성화재우,2016,2016-12-28,2016-12-28,6105.0,6100.0,32.67,34.68,32.42,35.91,33.21,31.39,32.47,-1.2800000000000011,-1.0300000000000011,-1.8200000000000003,1.0799999999999983,3.273458445040214,2.2021660649819497,1.0712923800582648,-0.5666032101530476,0.9449635036496318,21877300000000,1135200000000,5.188940134294452,7168406735.0
samsung_sdi,삼성SDI,삼성SDI,삼성SDI우,2016,2016-12-28,2016-12-28,1050.0,977.126,48.43,46.95,46.97,48.0,49.81,50.05,49.58,1.6199999999999974,3.0799999999999983,0.23999999999999488,-0.46999999999999886,2.131979695431472,1.0231685863874347,1.1088111090440373,2.133417625670326,2.574566210045667,55926400000000,555700000000,0.9936273387881216,9648202882.0
sebang,세방,세방,세방우,2016,2016-12-28,2016-12-28,180.0,175.0,47.35,46.45,47.71,47.24,47.91,46.62,47.37,-0.730000000000004,-1.0900000000000034,-1.2899999999999991,0.75,2.1844660194174756,1.1182108626198082,1.0662551567976675,-0.15265339966832414,0.4532786885245912,304300000000,38700000000,12.717712783437396,69159619.0
sk,SK,SK,SK우,2016,2016-12-28,2016-12-28,3750.0,3700.0,36.49,39.49,40.17,40.83,39.74,41.29,40.7,4.799999999999997,1.1199999999999974,1.5499999999999972,-0.5899999999999963,2.798507462686567,1.7535545023696684,1.044952960316899,5.489895104895105,6.413225806451607,39369000000000,211200000000,0.5364626990779547,1612293529.0
sk_discovery,SK디스커버리,SK디스커버리,SK디스커버리우,2016,2016-12-28,2016-12-28,400.0,725.8203,33.3,28.96,31.77,33.09,33.83,34.28,34.66,0.980000000000004,2.5100000000000016,0.45000000000000284,0.37999999999999545,1.4545454545454546,1.760503298729019,-0.3059578441835645,0.7883035463063095,1.9400211854205835,1051800000000,52500000000,4.991443240159726,171104200.0
sk_innovation,SK이노베이션,SK이노베이션,SK이노베이션우,2016,2016-12-28,2016-12-28,6238.1904,6061.5674,40.78,42.34,39.53,38.86,37.82,39.87,40.32,-0.9100000000000037,0.3399999999999963,2.049999999999997,0.45000000000000284,6.973005745456172,4.012529225636477,2.960476519819695,0.9730401568878122,3.42554757505453,23295500000000,94500000000,0.40565774505805846,608843965.0
yuhan,유한양행,유한양행,유한양행우,2016,2016-12-28,2016-12-28,410.0,180.4905,4.43,-5.19,-12.12,-14.95,-17.4,-19.03,-14.61,-23.46,-6.910000000000002,-1.6300000000000026,4.420000000000002,1.1420612813370474,0.48047517636097425,0.6615861049760731,-22.777482658690296,-22.038387253036227,7009000000000,88200000000,1.2583820801826224,433596300.0
yuhwa_sec,유화증권,유화증권,유화증권우,2016,2016-12-28,2016-12-28,180.0,170.0,6.03,6.33,6.92,5.73,6.33,5.71,6.19,-0.3200000000000003,-1.21,-0.6200000000000001,0.4800000000000004,6.081081081081082,5.396825396825397,0.6842556842556844,0.34583892617449674,5.398571428571429,205300000000,60500000000,29.469069654164638,10737422.0
amore_holdings,아모레G,아모레퍼시픽홀딩스,아모레퍼시픽홀딩스우,2017,2017-12-27,2017-12-27,365.0,360.0,58.08,56.94,57.43,58.68,58.7,57.99,58.06,-0.0899999999999963,0.5600000000000023,-0.7100000000000009,0.07000000000000028,0.6965648854961832,0.28800000000000003,0.40856488549618314,0.059786497403344185,0.16820143884892502,2072000000000,76600000000,3.696911196911197,180063238.0
amorepacific,아모레퍼시픽,아모레퍼시픽,아모레퍼시픽우,2017,2017-12-27,2017-12-27,1285.0,1280.0,38.25,43.19,46.68,46.84,46.53,46.81,46.03,8.560000000000002,0.13000000000000256,0.28000000000000114,-0.7800000000000011,0.8290322580645162,0.5099601593625498,0.31907209870196634,8.765705041790241,8.993288590604024,7598200000000,484100000000,6.371245821378747,1027015362.0
bookook_sec,부국증권,부국증권,부국증권우,2017,2017-12-27,2017-12-27,1250.0,1200.0,15.58,15.33,11.92,10.59,12.82,11.09,10.74,-4.49,-0.8300000000000001,-1.7300000000000004,-0.34999999999999964,5.4945054945054945,4.452690166975881,1.0418153275296134,-3.7689763779527556,0.2094736842105256,778800000000,108800000000,13.970210580380071,257323826.0
byc,BYC,BYC,BYC우,2017,2017-12-27,2017-12-27,90.0,85.0,46.55,46.41,48.75,52.81,52.44,50.72,50.08,4.170000000000002,1.9699999999999989,-1.7199999999999989,-0.6400000000000006,0.5157593123209169,0.26033690658499237,0.2554224057359245,4.330025835620859,4.46449275362319,306700000000,70600000000,23.019237039452236,73590341.0
cj,CJ/우,CJ,CJ우,2017,2017-12-27,2017-12-27,1304.3478,1260.8695,57.3,55.77,57.07,57.29,57.33,56.71,57.3,-0.5899999999999963,-0.35999999999999943,-0.6199999999999974,0.5899999999999963,2.0188329799253975,0.8333352059430023,1.185497773982395,-0.09681471468409342,0.24889760197839195,6346000000000,202300000000,3.1878348566025845,319652465.0
cj_cheiljedang,CJ제일제당,CJ제일제당,CJ제일제당우,2017,2017-12-27,2017-12-27,3050.0,3000.0,57.63,55.4,57.51,58.37,58.47,58.15,58.56,0.519999999999996,0.6400000000000006,-0.3200000000000003,0.4100000000000037,2.053872053872054,0.8559201141226819,1.197951939749372,1.0138356164383495,1.3509782608695602,3485000000000,180900000000,5.190817790530847,578918194.0
daekyo,대교,대교,대교우B,2017,2017-12-27,2017-12-27,150.0,140.0,38.26,37.53,35.96,36.93,37.58,39.5,39.22,1.240000000000002,3.539999999999999,1.9200000000000017,-0.28000000000000114,2.941176470588235,1.694915254237288,1.2462612163509472,2.029505428226784,3.021138790035586,121100000000,19800000000,16.35012386457473,23757503.0
daishin_sec,대신증권/우,대신증권,대신증권우,2017,2017-12-27,2017-12-27,660.0,610.0,33.14,30.52,32.67,33.47,33.66,32.21,33.8,-0.9299999999999997,-0.46000000000000085,-1.4499999999999957,1.5899999999999963,6.976744186046512,4.31095406360424,2.6657901224422713,0.7998180545836249,3.504295302013425,1954000000000,598300000000,30.619242579324464,2174587756.0
daishin_sec_2pref,대신증권/2우B,대신증권,대신증권2우B,2017,2017-12-27,2017-12-27,610.0,610.0,37.1,34.22,37.36,37.67,38.28,36.98,38.33,-0.12000000000000455,-0.38000000000000256,-1.3000000000000043,1.3500000000000014,6.853932584269663,4.31095406360424,2.5429785206654234,1.45843247025892,3.9738255033557053,1954000000000,222500000000,11.38689866939611,777124479.0
doosan,두산/우,두산,두산우,2017,2017-12-27,2017-12-27,5684.289,5629.1016,41.62,40.46,37.48,38.67,34.62,36.56,36.99,-5.059999999999995,-0.9199999999999946,1.9400000000000048,0.4299999999999997,6.463385486548563,3.736666733047894,2.726718753500669,-3.4484113152683236,-0.9061292914536097,29424200000000,2821500000000,9.589045751456284,12443343176.0
doosan_2pref,두산/2우B,두산,두산2우B,2017,2017-12-27,2017-12-27,5629.1016,5629.1016,42.46,42.85,39.22,37.74,36.32,36.7,36.36,-5.759999999999998,-2.519999999999996,0.38000000000000256,-0.3400000000000034,6.446668040953756,3.7095796237108307,2.737088417242925,-4.187236872479573,-1.6491149744338998,29424200000000,553700000000,1.8817843815634747,801116324.0
gs,GS,GS,GS우,2017,2017-12-27,2017-12-27,1850.0,1800.0,36.16,37.68,32.92,31.6,32.25,32.69,33.74,-3.469999999999999,-0.23000000000000398,0.4399999999999977,1.0500000000000043,4.383886255924171,2.723146747352496,1.6607395085716747,-2.414125412541253,-0.502948717948712,7303100000000,102600000000,1.4048828579644261,368476671.0
hanjinkal,한진칼,한진칼,한진칼우,2017,2017-12-27,2017-12-27,150.0,125.0,50.99,45.83,-32.25,25.43,31.82,34.83,34.44,-16.160000000000004,67.08,3.009999999999998,-0.39000000000000057,1.3513513513513513,0.5518763796909493,0.7994749716604022,-15.77076379066478,-15.315842696629218,7597500000000,17600000000,0.23165514972030274,63622438.0
hanwha,한화,한화,한화3우B,2017,2017-12-27,2017-12-27,646.0,600.0,58.74,57.88,55.71,55.0,55.36,54.76,56.15,-3.980000000000004,-0.9500000000000028,-0.6000000000000014,1.3900000000000006,3.3385012919896644,1.279317697228145,2.0591835947615196,-3.056831683168312,-2.4082926829268345,9835900000000,993500000000,10.100753362681605,2523572712.0
hanwha_solutions,한화솔루션,한화솔루션,한화솔루션우,2017,2017-12-27,2017-12-27,399.1371,377.5341,54.01,49.99,49.62,50.84,49.44,49.68,50.52,-4.329999999999998,0.060000000000002274,0.240000000000002,0.8400000000000034,2.162172806067172,0.9405902137625193,1.2215825923046528,-3.6852690196690645,-3.108538963035855,8147700000000,71900000000,0.8824576260785252,932607368.0
hyundai_motor,현대차/2우B,현대차,현대차2우B,2017,2017-12-27,2017-12-27,3100.0,3000.0,29.23,29.17,30.91,31.67,31.17,32.14,33.55,2.91,1.2300000000000004,0.9699999999999989,1.4099999999999966,3.084577114427861,2.112676056338028,0.9719010580898326,3.617682119205295,4.925844155844157,117121400000000,8968200000000,7.657183059628728,51327869559.0
hyundai_motor_3pref,현대차/3우,현대차,현대차3우B,2017,2017-12-27,2017-12-27,3050.0,3000.0,38.24,40.19,42.9,41.53,42.92,42.73,44.73,4.489999999999995,-0.1700000000000017,-0.19000000000000483,2.0,3.477765108323831,2.112676056338028,1.365089051985803,5.369271523178803,6.467792207792208,117121400000000,572600000000,0.48889442919910453,3688383382.0
hyundai_motor_pref,현대차/우,현대차,현대차우,2017,2017-12-27,2017-12-27,3050.0,3000.0,35.28,35.9,38.36,37.33,37.92,39.22,40.32,3.9399999999999977,0.8599999999999994,1.2999999999999972,1.1000000000000014,3.3188248095756254,2.112676056338028,1.2061487532375972,4.753112582781455,5.921298701298696,117121400000000,6010300000000,5.131683876729616,23876662676.0
kolon_industries,코오롱인더,코오롱인더,코오롱인더우,2017,2017-12-27,2017-12-27,1150.0,1100.0,58.49,56.28,57.47,58.48,58.83,58.2,59.14,-0.28999999999999915,0.730000000000004,-0.6299999999999955,0.9399999999999977,3.6163522012578615,1.4360313315926894,2.180320869665172,0.5564547677261587,1.0998673100120655,2841900000000,85100000000,2.9944755269362044,630915362.0
korea_investment,한국금융지주,한국금융지주,한국금융지주우,2017,2017-12-27,2017-12-27,1661.5,1600.0,48.65,44.08,46.15,45.71,46.53,47.54,46.82,-1.1099999999999994,1.3900000000000006,1.009999999999998,-0.7199999999999989,4.851094890510949,2.39880059970015,2.452294290810799,0.10593471810089028,1.2942028985507292,15380400000000,1108400000000,7.206574601440795,3340604453.0
kumho_petro,금호석유,금호석유,금호석유우,2017,2017-12-27,2017-12-27,1050.0,1000.0,61.0,60.9,62.91,63.97,63.85,63.2,63.85,2.200000000000003,0.29000000000000625,-0.6499999999999986,0.6499999999999986,3.5472972972972974,1.3175230566534915,2.229774240643806,2.90625,3.278350515463927,3315700000000,175700000000,5.299031878637995,525681394.0
lg,LG,LG,LG우,2017,2017-12-27,2017-12-27,1350.0,1426.0844,45.46,46.09,48.88,47.93,48.14,49.12,49.97,3.6599999999999966,0.23999999999999488,0.9799999999999969,0.8500000000000014,2.772073921971253,1.597048434962764,1.1750254870084889,4.3094747560170035,5.039083316357704,16131600000000,218600000000,1.3551042674006297,595146865.0
lg_chem,LG화학,LG화학,LG화학우,2017,2017-12-27,2017-12-27,6050.0,6000.0,32.3,35.64,40.17,38.75,37.48,37.37,38.15,5.07,-2.8000000000000043,-0.10999999999999943,0.7800000000000011,2.300380228136882,1.5444015444015444,0.7559786837353376,5.666321243523321,6.615816326530613,30001700000000,1486200000000,4.953719289240277,7677886829.0
lg_elec,LG전자,LG전자,LG전자우,2017,2017-12-27,2017-12-27,450.0,400.0,49.19,51.48,55.04,54.91,54.47,55.34,56.26,6.150000000000006,0.30000000000000426,0.8700000000000045,0.9199999999999946,1.0227272727272727,0.4618937644341801,0.5608335082930926,6.427408906882597,6.606370967741938,24221200000000,1103300000000,4.555100490479415,11166996771.0
lg_household,LG생활건강,LG생활건강,LG생활건강우,2017,2017-12-27,2017-12-27,9050.0,9000.0,34.3,44.25,42.31,42.59,42.34,42.3,41.4,8.0,-0.010000000000005116,-0.04000000000000625,-0.8999999999999986,1.5338983050847457,1.0022271714922049,0.5316711335925407,8.33000852514919,8.766835871404403,4208200000000,246900000000,5.867116581911506,1048198600.0
lotte_chilsung,롯데칠성,롯데칠성,롯데칠성우,2017,2017-12-27,2017-12-27,3305.0,3300.0,47.61,42.69,52.81,55.45,57.07,57.62,56.9,10.009999999999998,4.809999999999995,0.5499999999999972,-0.7199999999999989,4.080246913580247,2.1345407503234153,1.9457061632568315,11.474291187739468,12.483423019431989,1108800000000,62600000000,5.645743145743146,101673918.0
lx_hausys,LX하우시스,LX하우시스,LX하우시스우,2017,2017-12-27,2017-12-27,1850.0,1800.0,39.43,40.85,40.02,41.04,42.67,41.51,42.4,2.0799999999999983,1.4899999999999949,-1.1600000000000037,0.8900000000000006,3.327338129496403,1.9607843137254901,1.3665538157709127,2.922320675105489,3.9965010351966868,358300000000,19700000000,5.498185877756071,201685294.0
mirae_asset_pref,미래에셋증권/우,미래에셋증권,미래에셋증권우,2017,2017-12-27,2017-12-27,240.0668,218.4012,37.22,35.77,36.2,37.8,32.38,31.18,32.68,-6.039999999999999,-5.020000000000003,-1.2000000000000028,1.5,3.6335220220977753,2.0754651715290318,1.5580568505687435,-5.003105653057482,-3.3331776649746274,44205800000000,339900000000,0.7689036280307109,4626258041.0
namyang_dairy,남양유업,남양유업,남양유업우,2017,2017-12-27,2017-12-27,103.7649,100.0,64.9,66.55,68.35,66.54,68.63,69.47,68.86,4.569999999999993,1.1200000000000045,0.8400000000000034,-0.6099999999999994,0.4506423173803526,0.1524390243902439,0.2982032929901087,4.678763983050828,4.721671227080378,297600000000,73800000000,24.798387096774192,308281850.0
nexen_tire,넥센타이어,넥센타이어,넥센타이어1우B,2017,2017-12-27,2017-12-26,105.0,100.0,54.14,53.36,50.5,49.83,50.54,51.19,51.6,-2.950000000000003,0.6899999999999977,0.6499999999999986,0.4100000000000037,1.7412935323383085,0.7604562737642585,0.98083725857405,-2.473333333333329,-2.0637288135593224,710000000000,28400000000,4.0,45546689.0
nh_investment,NH투자증권,NH투자증권,NH투자증권우,2017,2017-12-27,2017-12-27,550.0,500.0,34.23,34.32,34.32,33.88,33.96,34.95,35.6,0.720000000000006,0.6300000000000026,0.990000000000002,0.6499999999999986,5.952380952380952,3.558718861209965,2.393662091170987,2.3518181818181816,4.577017543859654,13434200000000,535900000000,3.989072665287103,2377555232.0
s_oil,S-Oil,S-Oil,S-Oil우,2017,2017-12-27,2017-12-27,4725.0,4700.0,18.58,18.08,16.94,14.29,16.53,14.06,15.25,-4.519999999999998,-2.880000000000001,-2.4700000000000006,1.1899999999999995,4.836233367451382,3.916666666666667,0.9195667007847151,-3.951452420701168,-0.7285943775100385,13307300000000,225200000000,1.6923042239973547,1363291359.0
samsung_ct,삼성물산,삼성물산,삼성물산우B,2017,2017-12-27,2017-12-27,2050.0205,2030.4569,40.61,41.65,41.05,40.75,40.14,37.27,37.83,-3.3399999999999963,-3.779999999999994,-2.8699999999999974,0.5599999999999952,2.5371226841251966,1.4925330598863578,1.0445896242388386,-2.70677842546921,-1.6887995123447865,65678400000000,328700000000,0.5004689517406027,1525223394.0
samsung_elec,삼성전자,삼성전자,삼성전자우,2017,2017-12-27,2017-12-27,431.0,430.0,18.61,20.98,18.81,19.85,20.39,18.76,18.84,0.15000000000000213,-0.04999999999999716,-1.629999999999999,0.0799999999999983,1.0141176470588236,0.8234392952891613,0.19067835176966222,0.3161042495289941,1.0393775933609959,1587264600000000,148759600000000,9.372073188049427,701114439976.0
samsung_electro,삼성전기,삼성전기,삼성전기우,2017,2017-12-27,2017-12-27,800.0,750.0,50.73,51.46,52.86,53.23,52.76,52.22,52.54,1.490000000000002,-0.6400000000000006,-0.5399999999999991,0.3200000000000003,1.48975791433892,0.6880733944954129,0.8016845198435071,1.9536894215737348,2.320672182006213,68494100000000,1109000000000,1.619117559030632,25204450647.0
samsung_fire,삼성화재,삼성화재,삼성화재우,2017,2017-12-27,2017-12-27,10005.0,10000.0,32.78,33.7,32.33,31.69,32.96,32.02,32.77,-0.759999999999998,-0.30999999999999517,-0.9399999999999977,0.75,5.452316076294278,3.6630036630036633,1.7893124132906149,0.49042801556419846,2.9896629213483124,21877300000000,1135200000000,5.188940134294452,7168406735.0
samsung_sdi,삼성SDI,삼성SDI,삼성SDI우,2017,2017-12-27,2017-12-27,1050.0,977.126,53.65,52.89,55.55,54.48,55.24,53.44,52.91,-0.21000000000000085,-2.1099999999999994,-1.8000000000000043,-0.5300000000000011,1.0344827586206897,0.44617625570776254,0.5883065029129271,0.09256748717164243,0.3243589743589723,55926400000000,555700000000,0.9936273387881216,9648202882.0
sebang,세방,세방,세방우,2017,2017-12-27,2017-12-27,180.0,175.0,45.14,44.1,39.84,38.39,37.62,37.34,37.76,-7.799999999999997,-2.5,-0.27999999999999403,0.4199999999999946,2.278481012658228,1.215277777777778,1.06320323488045,-7.225889570552148,-6.34967741935484,304300000000,38700000000,12.717712783437396,69159619.0
sk,SK,SK,SK우,2017,2017-12-27,2017-12-27,4050.0,4000.0,40.85,41.52,43.94,43.23,42.75,41.68,42.11,0.8299999999999983,-2.259999999999998,-1.0700000000000003,0.4299999999999997,2.53125,1.478743068391867,1.0525069316081332,1.454900181488199,2.2805903398926617,39369000000000,211200000000,0.5364626990779547,1612293529.0
sk_innovation,SK이노베이션,SK이노베이션,SK이노베이션우,2017,2017-12-27,2017-12-27,6238.1904,6061.5674,27.29,30.62,28.87,27.2,28.39,29.13,29.23,1.8399999999999999,0.259999999999998,0.7399999999999984,0.10000000000000142,4.742644791460764,3.350783526810393,1.391861264650371,2.8638301286487575,5.018125804596821,23295500000000,94500000000,0.40565774505805846,608843965.0
yuhwa_sec,유화증권,유화증권,유화증권우,2017,2017-12-27,2017-12-27,130.0,120.0,6.07,8.55,4.52,5.74,4.85,4.26,5.99,-1.8100000000000005,-0.2599999999999998,-0.5899999999999999,1.7300000000000004,4.0,3.4682080924855487,0.5317919075144513,-1.33813880126183,2.1366869300911855,205300000000,60500000000,29.469069654164638,10737422.0
amore_holdings,아모레G,아모레퍼시픽홀딩스,아모레퍼시픽홀딩스우,2018,2018-12-27,2018-12-27,315.0,310.0,46.43,51.69,55.9,57.22,58.39,58.22,58.46,11.79,2.3200000000000003,-0.1700000000000017,0.240000000000002,0.6262425447316103,0.3301384451544196,0.2961040995771908,12.065394063459571,12.252678311499274,2072000000000,76600000000,3.696911196911197,180063238.0
amorepacific,아모레퍼시픽,아모레퍼시픽,아모레퍼시픽우,2018,2018-12-27,2018-12-27,1185.0,1180.0,47.5,41.18,47.43,49.66,51.6,50.5,50.12,3.0,3.0700000000000003,-1.1000000000000014,-0.38000000000000256,0.8374558303886925,0.43784786641929496,0.3996079639693975,3.302233175736845,3.592499999999994,7598200000000,484100000000,6.371245821378747,1027015362.0
bookook_sec,부국증권,부국증권,부국증권우,2018,2018-12-27,2018-12-27,1250.0,1200.0,12.47,9.98,12.94,12.55,10.82,13.28,13.72,0.8099999999999987,0.33999999999999986,2.459999999999999,0.4400000000000013,6.142506142506143,5.161290322580645,0.9812158199254974,1.7512189616252805,6.159550321199143,778800000000,108800000000,13.970210580380071,257323826.0
byc,BYC,BYC,BYC우,2018,2018-12-27,2018-12-27,105.0,100.0,52.55,50.71,56.18,54.17,55.35,51.02,53.66,-1.529999999999994,-5.159999999999997,-4.329999999999998,2.6399999999999935,0.8076923076923077,0.36496350364963503,0.4427288040426727,-1.3000000000000043,-1.101020408163265,306700000000,70600000000,23.019237039452236,73590341.0
cj,CJ/우,CJ,CJ우,2018,2018-12-27,2018-12-27,1304.3478,1260.8695,54.32,54.27,55.38,56.96,56.89,49.96,56.76,-4.359999999999999,-5.420000000000002,-6.93,6.799999999999997,2.423267194292721,1.0701114355065944,1.3531557587861265,-3.762100045150582,-3.216921852590339,6346000000000,202300000000,3.1878348566025845,319652465.0
cj_cheiljedang,CJ제일제당,CJ제일제당,CJ제일제당우,2018,2018-12-27,2018-12-27,3550.0,3500.0,61.39,63.43,61.93,63.34,62.37,61.5,61.75,0.10999999999999943,-0.4299999999999997,-0.8699999999999974,0.25,2.7734375,1.0558069381598794,1.7176305618401204,0.7960465116278996,1.2020245398773,3485000000000,180900000000,5.190817790530847,578918194.0
daekyo,대교,대교,대교우B,2018,2018-12-27,2018-12-27,120.0,110.0,34.55,34.05,31.19,30.24,28.71,28.17,28.65,-6.3799999999999955,-3.0199999999999996,-0.5399999999999991,0.4799999999999969,2.5183630640083945,1.510989010989011,1.0073740530193835,-5.748156682027648,-4.56510574018127,121100000000,19800000000,16.35012386457473,23757503.0
daishin_sec,대신증권/우,대신증권,대신증권우,2018,2018-12-27,2018-12-27,670.0,620.0,24.14,18.82,22.88,23.14,24.13,23.33,23.77,-0.8100000000000023,0.4499999999999993,-0.8000000000000007,0.4400000000000013,7.03781512605042,4.940239043824701,2.097576082225719,0.9039367311072084,4.776666666666667,1954000000000,598300000000,30.619242579324464,2174587756.0
daishin_sec_2pref,대신증권/2우B,대신증권,대신증권2우B,2018,2018-12-27,2018-12-27,620.0,620.0,29.64,24.07,29.05,28.68,28.84,28.25,28.16,-1.3900000000000006,-0.8000000000000007,-0.5899999999999999,-0.08999999999999986,7.021517553793885,4.940239043824701,2.081278509969184,0.14910369068541485,3.7766666666666637,1954000000000,222500000000,11.38689866939611,777124479.0
doosan,두산/우,두산,두산우,2018,2018-12-27,2018-12-27,1490.0564,1434.8691,40.51,36.92,34.66,34.97,33.38,32.09,32.62,-8.419999999999995,-2.569999999999993,-1.2899999999999991,0.529999999999994,1.615517488128022,0.925465258025193,0.690052230102829,-7.993713533260632,-7.200380238417104,29424200000000,2821500000000,9.589045751456284,12443343176.0
doosan_2pref,두산/2우B,두산,두산2우B,2018,2018-12-27,2018-12-27,1434.8691,1434.8691,42.66,37.88,39.92,34.68,31.97,32.51,31.77,-10.149999999999999,-7.410000000000004,0.5399999999999991,-0.7399999999999984,1.6370813937568456,0.9387801287587344,0.6983012649981111,-9.759190073918248,-8.97037720699685,29424200000000,553700000000,1.8817843815634747,801116324.0
gs,GS,GS,GS우,2018,2018-12-27,2018-12-27,1950.0,1900.0,30.18,27.84,27.79,27.71,30.09,27.59,29.11,-2.59,-0.1999999999999993,-2.5,1.5199999999999996,5.032258064516129,3.423423423423423,1.608834641092706,-1.4198373983739856,1.2290019569471653,7303100000000,102600000000,1.4048828579644261,368476671.0
hanjinkal,한진칼,한진칼,한진칼우,2018,2018-12-27,2018-12-27,325.0,300.0,43.91,44.04,12.54,13.95,24.14,30.24,30.82,-13.669999999999998,17.7,6.099999999999998,0.5800000000000018,2.5193798449612403,1.3043478260869565,1.2150320188742838,-13.296106623586425,-12.629999999999995,7597500000000,17600000000,0.23165514972030274,63622438.0
hanwha,한화,한화,한화3우B,2018,2018-12-27,2018-12-27,595.0,700.0,55.3,52.49,53.0,53.68,55.02,53.04,54.47,-2.259999999999998,0.03999999999999915,-1.980000000000004,1.4299999999999997,4.033898305084746,2.1212121212121215,1.9126861838726246,-1.3819672131147485,-0.34807692307691696,9835900000000,993500000000,10.100753362681605,2523572712.0
hanwha_solutions,한화솔루션,한화솔루션,한화솔루션우,2018,2018-12-27,2018-12-27,249.4607,215.7338,37.77,38.11,41.86,43.98,46.52,43.56,45.47,5.789999999999999,1.7000000000000028,-2.960000000000001,1.9099999999999966,1.9762394042620615,1.0635663577203707,0.9126730465416908,6.392798589795376,6.9582575224146765,8147700000000,71900000000,0.8824576260785252,932607368.0
hyundai_motor,현대차/2우B,현대차,현대차2우B,2018,2018-12-27,2018-12-27,3100.0,3000.0,34.65,33.52,33.76,37.47,37.32,37.25,37.13,2.6000000000000014,3.490000000000002,-0.07000000000000028,-0.11999999999999744,3.6773428232502967,2.3255813953488373,1.3517614279014594,3.640598290598298,5.18333333333333,117121400000000,8968200000000,7.657183059628728,51327869559.0
hyundai_motor_3pref,현대차/3우,현대차,현대차3우B,2018,2018-12-27,2018-12-27,3050.0,3000.0,41.16,40.47,41.29,44.98,45.04,43.75,44.39,2.5900000000000034,2.460000000000001,-1.2899999999999991,0.6400000000000006,4.0184453227931485,2.3255813953488373,1.6928639274443116,3.7545299145299182,5.131666666666668,117121400000000,572600000000,0.48889442919910453,3688383382.0
hyundai_motor_pref,현대차/우,현대차,현대차우,2018,2018-12-27,2018-12-27,3050.0,3000.0,39.46,37.46,38.71,43.21,42.11,41.42,41.77,1.9600000000000009,2.710000000000001,-0.6899999999999977,0.3500000000000014,3.905249679897567,2.3255813953488373,1.5796682845487298,3.061367521367522,4.498333333333335,117121400000000,6010300000000,5.131683876729616,23876662676.0
kolon_industries,코오롱인더,코오롱인더,코오롱인더우,2018,2018-12-27,2018-12-27,950.0,900.0,56.59,54.18,53.84,51.95,53.59,54.27,55.06,-2.3200000000000003,0.4299999999999997,0.6799999999999997,0.7899999999999991,3.5580524344569286,1.4634146341463417,2.094637800310587,-1.3219778188539806,-0.5899999999999963,2841900000000,85100000000,2.9944755269362044,630915362.0
korea_investment,한국금융지주,한국금융지주,한국금융지주우,2018,2018-12-27,2018-12-27,1861.5,1800.0,46.76,45.62,42.71,43.15,43.43,39.69,41.41,-7.07,-3.020000000000003,-3.740000000000002,1.7199999999999989,4.6248447204968945,2.380952380952381,2.2438923395445136,-5.702882249560631,-3.8954344122657574,15380400000000,1108400000000,7.206574601440795,3340604453.0
kumho_petro,금호석유,금호석유,금호석유우,2018,2018-12-27,2018-12-27,1400.0,1350.0,62.81,65.27,63.86,62.23,62.74,62.18,63.43,-0.6300000000000026,-1.6799999999999997,-0.5600000000000023,1.25,4.229607250755287,1.5168539325842696,2.7127533181710177,0.4261689470553236,1.0073302107728352,3315700000000,175700000000,5.299031878637995,525681394.0
lg,LG,LG,LG우,2018,2018-12-27,2018-12-27,2050.0,2193.976,46.9,45.0,46.07,45.85,46.62,45.69,45.33,-1.2100000000000009,-0.38000000000000256,-0.9299999999999997,-0.35999999999999943,4.8009367681498825,2.7285204392543125,2.0724163288955704,-0.05334303961165432,1.4784529298183386,16131600000000,218600000000,1.3551042674006297,595146865.0
lg_chem,LG화학,LG화학,LG화학우,2018,2018-12-27,2018-12-27,6050.0,6000.0,44.91,42.51,42.22,44.43,44.11,43.48,43.52,-1.4299999999999997,1.259999999999998,-0.6300000000000026,0.04000000000000625,2.980295566502463,1.6282225237449117,1.3520730427575516,-0.6592795389048973,0.28830028328611945,30001700000000,1486200000000,4.953719289240277,7677886829.0
lg_elec,LG전자,LG전자,LG전자우,2018,2018-12-27,2018-12-27,800.0,750.0,57.52,59.32,59.67,58.76,58.42,57.83,57.75,0.30999999999999517,-1.8400000000000034,-0.5900000000000034,-0.0799999999999983,2.6490066225165565,1.0548523206751055,1.5941543018414508,1.1092320396366588,1.6153996737357161,24221200000000,1103300000000,4.555100490479415,11166996771.0
lg_household,LG생활건강,LG생활건강,LG생활건강우,2018,2018-12-27,2018-12-27,9300.0,9250.0,35.94,29.89,39.85,40.24,42.71,40.63,39.5,4.690000000000005,0.7800000000000011,-2.0799999999999983,-1.1300000000000026,1.103202846975089,0.702887537993921,0.400315308981168,5.051774383078737,5.56046598322461,4208200000000,246900000000,5.867116581911506,1048198600.0
lotte_chilsung,롯데칠성,롯데칠성,롯데칠성우,2018,2018-12-27,2018-12-27,2705.0,2700.0,53.16,52.81,55.35,52.61,54.34,52.72,53.52,-0.4399999999999977,-2.6300000000000026,-1.6200000000000045,0.8000000000000043,4.098484848484849,1.9162526614620299,2.1822321870228185,0.595411255411257,1.4790658174097757,1108800000000,62600000000,5.645743145743146,101673918.0
lx_hausys,LX하우시스,LX하우시스,LX하우시스우,2018,2018-12-27,2018-12-27,300.0,250.0,47.38,41.04,39.72,41.49,42.83,43.52,43.75,-3.8599999999999994,3.8000000000000043,0.6900000000000048,0.22999999999999687,0.8075370121130552,0.3541076487252125,0.45342936338784273,-3.5805277044854904,-3.334465849387044,358300000000,19700000000,5.498185877756071,201685294.0
mirae_asset,미래에셋증권/2우B,미래에셋증권,미래에셋증권2우B,2018,2018-12-27,2018-12-27,218.4012,218.4012,49.23,44.25,46.46,46.61,46.61,43.6,44.82,-5.6299999999999955,-2.8599999999999994,-3.009999999999998,1.2199999999999989,5.146116870876531,2.612767077401603,2.5333497934749283,-4.137735956019071,-2.318574029126218,44205800000000,3098600000000,7.009487442824244,13259447190.0
mirae_asset_pref,미래에셋증권/우,미래에셋증권,미래에셋증권우,2018,2018-12-27,2018-12-27,240.0668,218.4012,43.92,37.22,40.88,40.89,39.67,37.02,37.56,-6.899999999999999,-3.8599999999999994,-2.6499999999999986,0.5399999999999991,5.121971410283764,2.612767077401603,2.5092043328821605,-5.297148495760361,-3.263646844660194,44205800000000,339900000000,0.7689036280307109,4626258041.0
namyang_dairy,남양유업,남양유업,남양유업우,2018,2018-12-27,2018-12-27,103.7649,100.0,67.21,68.51,68.36,70.1,69.6,70.5,70.12,3.2900000000000063,2.1400000000000006,0.9000000000000057,-0.37999999999999545,0.4861093413285862,0.15360983102918588,0.3324995102994003,3.40905223420647,3.454253692307688,297600000000,73800000000,24.798387096774192,308281850.0
nexen_tire,넥센타이어,넥센타이어,넥센타이어1우B,2018,2018-12-27,2018-12-27,105.0,100.0,53.37,53.1,54.26,53.47,58.69,59.01,59.3,5.640000000000001,4.75,0.3200000000000003,0.28999999999999915,2.485207100591716,1.1037527593818985,1.3814543412098175,6.335561613958561,6.770237324703352,710000000000,28400000000,4.0,45546689.0
nh_investment,NH투자증권,NH투자증권,NH투자증권우,2018,2018-12-27,2018-12-27,550.0,500.0,35.94,28.64,32.19,33.04,34.26,30.64,32.05,-5.299999999999997,-1.5499999999999972,-3.6199999999999974,1.4099999999999966,6.004366812227074,3.4965034965034967,2.5078633157235775,-3.7047058823529397,-1.1475471698113182,13434200000000,535900000000,3.989072665287103,2377555232.0
s_oil,S-Oil,S-Oil,S-Oil우,2018,2018-12-27,2018-12-27,175.0,150.0,28.73,28.15,25.81,26.24,27.81,27.05,27.62,-1.6799999999999997,1.240000000000002,-0.759999999999998,0.5700000000000003,0.17857142857142858,0.1090909090909091,0.06948051948051948,-1.6134059022738292,-1.507777777777779,13307300000000,225200000000,1.6923042239973547,1363291359.0
samsung_ct,삼성물산,삼성물산,삼성물산우B,2018,2018-12-27,2018-12-27,2050.0205,2030.4569,40.36,34.91,35.36,34.79,34.73,33.1,33.92,-7.259999999999998,-2.259999999999998,-1.6299999999999955,0.8200000000000003,2.6451536109211493,1.562502904985802,1.0826507059353476,-6.593800557260593,-5.313918592257032,65678400000000,328700000000,0.5004689517406027,1525223394.0
samsung_elec,삼성전자,삼성전자,삼성전자우,2018,2018-12-27,2018-12-27,355.0,354.0,18.12,15.68,20.28,18.17,17.9,19.17,17.91,1.0500000000000007,-1.1099999999999994,1.2700000000000031,-1.2600000000000016,0.935441370223979,0.7637540453074434,0.17168732491653557,1.2267733445625844,1.971264667535852,1587264600000000,148759600000000,9.372073188049427,701114439976.0
samsung_electro,삼성전기,삼성전기,삼성전기우,2018,2018-12-27,2018-12-27,1050.0,1000.0,62.46,60.64,60.69,57.81,58.12,57.77,59.23,-4.689999999999998,-2.9199999999999946,-0.3499999999999943,1.4599999999999937,2.027027027027027,0.7246376811594203,1.3023893458676068,-4.049743589743592,-3.6275126903553385,68494100000000,1109000000000,1.619117559030632,25204450647.0
samsung_fire,삼성화재,삼성화재,삼성화재우,2018,2018-12-27,2018-12-27,11505.0,11500.0,34.8,36.09,36.01,34.81,36.06,35.37,36.01,0.5700000000000003,-0.6400000000000006,-0.6900000000000048,0.6400000000000006,6.202156334231805,4.042179261862917,2.1599770723688883,2.093258426966294,4.6991023339317834,21877300000000,1135200000000,5.188940134294452,7168406735.0
samsung_sdi,삼성SDI,삼성SDI,삼성SDI우,2018,2018-12-27,2018-12-27,1050.0,977.126,60.83,59.87,59.14,59.52,60.43,60.09,60.36,-0.7399999999999949,0.9500000000000028,-0.3399999999999963,0.269999999999996,1.0616784630940344,0.38698059405940594,0.6746978690346285,-0.43412025508425955,-0.25660550458714937,55926400000000,555700000000,0.9936273387881216,9648202882.0
sebang,세방,세방,세방우,2018,2018-12-27,2018-12-26,180.0,175.0,47.4,48.16,48.05,49.88,51.18,48.76,47.5,1.3599999999999994,0.7100000000000009,-2.4200000000000017,-1.259999999999998,2.582496413199426,1.3207547169811322,1.2617416962182941,2.090835030549897,2.800803212851413,304300000000,38700000000,12.717712783437396,69159619.0
sk,SK,SK,SK우,2018,2018-12-27,2018-12-27,4050.0,4000.0,48.86,48.95,47.83,49.63,51.01,49.12,50.0,0.259999999999998,1.2899999999999991,-1.8900000000000006,0.8800000000000026,2.7739726027397262,1.4010507880910683,1.3729218146486577,1.0604771371769388,1.844500978473576,39369000000000,211200000000,0.5364626990779547,1612293529.0
sk_chemicals,SK케미칼,SK케미칼,SK케미칼우,2018,2018-12-27,2018-12-27,450.0,266.6667,45.91,45.61,50.22,48.29,48.29,47.66,47.03,1.75,-2.5600000000000023,-0.6300000000000026,-0.6299999999999955,1.468189233278956,0.4705855259674943,0.9976037073114616,2.4138230729841794,2.7070212765957464,975600000000,57200000000,5.8630586305863055,151575171.0
sk_discovery,SK디스커버리,SK디스커버리,SK디스커버리우,2018,2018-12-27,2018-12-27,650.0,600.0,50.3,48.06,46.53,45.57,42.57,41.38,41.15,-8.919999999999995,-5.149999999999999,-1.1899999999999977,-0.23000000000000398,3.869047619047619,1.7751479289940828,2.0938996900535365,-7.750980392156862,-6.430268199233716,1051800000000,52500000000,4.991443240159726,171104200.0
sk_innovation,SK이노베이션,SK이노베이션,SK이노베이션우,2018,2018-12-27,2018-12-27,6238.1904,6061.5674,36.35,36.87,33.31,29.71,28.49,30.15,30.97,-6.200000000000003,-3.1600000000000037,1.6600000000000001,0.8200000000000003,4.640302302227843,2.8699516116813757,1.7703506905464672,-4.999369639854091,-2.585328351974752,23295500000000,94500000000,0.40565774505805846,608843965.0
yuhwa_sec,유화증권,유화증권,유화증권우,2018,2018-12-27,2018-12-27,160.0,150.0,2.11,4.61,2.88,2.57,0.37,1.5,3.35,-0.6099999999999999,-1.38,1.13,1.85,5.734767025089606,5.263157894736842,0.4716091303527639,-0.11796812749003971,5.408796992481204,205300000000,60500000000,29.469069654164638,10737422.0
amore_holdings,아모레G,아모레퍼시픽홀딩스,아모레퍼시픽홀딩스우,2019,2019-12-27,2019-12-27,305.0,300.0,61.84,57.98,60.35,59.45,59.85,59.88,60.39,-1.9600000000000009,-0.46999999999999886,0.030000000000001137,0.509999999999998,1.1984282907662083,0.4497751124437781,0.7486531783224303,-1.7346716232961654,-1.5869135802469145,2072000000000,76600000000,3.696911196911197,180063238.0
amorepacific,아모레퍼시픽,아모레퍼시픽,아모레퍼시픽우,2019,2019-12-27,2019-12-27,1005.0,1000.0,48.43,49.84,53.16,53.47,55.1,54.45,54.1,6.020000000000003,1.2900000000000063,-0.6499999999999986,-0.3500000000000014,1.3581081081081081,0.6968641114982579,0.6612439966098502,6.304015345268539,6.534376590330787,7598200000000,484100000000,6.371245821378747,1027015362.0
bookook_sec,부국증권,부국증권,부국증권우,2019,2019-12-27,2019-12-27,1250.0,1200.0,6.86,12.9,11.52,10.12,11.82,11.82,11.82,4.96,0.3000000000000007,0.0,0.0,6.578947368421052,5.88235294117647,0.6965944272445818,5.880384615384615,10.64,778800000000,108800000000,13.970210580380071,257323826.0
byc,BYC,BYC,BYC우,2019,2019-12-27,2019-12-27,115.0,110.0,45.21,46.72,46.61,46.68,47.78,47.35,47.89,2.1400000000000006,0.740000000000002,-0.4299999999999997,0.5399999999999991,0.8745247148288974,0.4583333333333333,0.4161913814955641,2.3795904436860056,2.6243949044585975,306700000000,70600000000,23.019237039452236,73590341.0
cj,CJ/우,CJ,CJ우,2019,2019-12-27,2019-12-27,1900.0,1850.0,47.56,50.24,54.1,54.27,51.88,51.8,51.71,4.239999999999995,-2.3000000000000043,-0.0800000000000054,-0.0899999999999963,4.313280363223609,2.2023809523809526,2.110899410842657,5.3038991066736685,6.202886597938139,6346000000000,202300000000,3.1878348566025845,319652465.0
cj_cheiljedang,CJ제일제당,CJ제일제당,CJ제일제당우,2019,2019-12-27,2019-12-27,3550.0,3500.0,54.43,57.16,58.23,57.74,55.6,55.76,56.6,1.3299999999999983,-2.469999999999999,0.1599999999999966,0.8400000000000034,3.3649289099526065,1.511879049676026,1.8530498602765808,2.167077244258877,2.7922222222222217,3485000000000,180900000000,5.190817790530847,578918194.0
daeduck,대덕,대덕,대덕우,2019,2019-12-27,2019-12-27,832.1828,818.5405,41.28,41.12,37.55,36.44,37.79,38.31,39.53,-2.969999999999999,0.7600000000000051,0.5200000000000031,1.2199999999999989,4.7656786164242355,2.7523217888365834,2.013356827587652,-1.81167271137042,-0.10654415307316611,597600000000,15100000000,2.5267737617135206,163828028.0
daekyo,대교,대교,대교우B,2019,2019-12-27,2019-12-27,80.0,70.0,31.46,31.51,31.51,29.21,31.85,31.72,31.44,0.259999999999998,0.2099999999999973,-0.13000000000000256,-0.2799999999999976,1.8979833926453145,1.1382113821138211,0.7597720105314932,0.7875570032573265,1.5512721417069244,121100000000,19800000000,16.35012386457473,23757503.0
daishin_sec,대신증권/우,대신증권,대신증권우,2019,2019-12-27,2019-12-27,1050.0,1000.0,29.09,24.9,23.05,21.84,23.86,23.08,24.94,-6.010000000000002,0.029999999999997584,-0.7800000000000011,1.860000000000003,11.217948717948719,7.575757575757576,3.6421911421911424,-3.53933920704846,2.4889473684210515,1954000000000,598300000000,30.619242579324464,2174587756.0
daishin_sec_2pref,대신증권/2우B,대신증권,대신증권2우B,2019,2019-12-27,2019-12-27,1000.0,1000.0,34.24,30.92,28.4,27.45,29.56,28.66,30.71,-5.580000000000002,0.26000000000000156,-0.8999999999999986,2.0500000000000007,11.52073732718894,7.575757575757576,3.9449797514313643,-3.0505726872246726,2.521133603238866,1954000000000,222500000000,11.38689866939611,777124479.0
doosan,두산/우,두산,두산우,2019,2019-12-27,2019-12-27,1350.0,1300.0,26.04,12.98,9.76,11.82,11.9,11.53,12.38,-14.51,1.7699999999999996,-0.370000000000001,0.8500000000000014,1.536955234755681,1.0946723140530663,0.4422829207026146,-14.229533239038188,-12.637222222222222,29424200000000,2821500000000,9.589045751456284,12443343176.0
doosan_2pref,두산/2우B,두산,두산2우B,2019,2019-12-27,2019-12-27,1300.0,1300.0,25.73,12.47,8.9,12.39,12.32,12.08,12.38,-13.65,3.1799999999999997,-0.2400000000000002,0.3000000000000007,1.4739563255402617,1.0946723140530663,0.37928401148719526,-13.424483734087694,-11.841111111111111,29424200000000,553700000000,1.8817843815634747,801116324.0
gs,GS,GS,GS우,2019,2019-12-27,2019-12-27,1950.0,1900.0,27.22,25.98,23.74,25.3,26.44,27.26,28.64,0.0400000000000027,3.520000000000003,0.8200000000000003,1.379999999999999,5.284552845528456,3.7475345167652856,1.5370183287631698,1.1425730994152055,3.70105263157895,7303100000000,102600000000,1.4048828579644261,368476671.0
hanwha,한화,한화,한화3우B,2019,2019-12-27,2019-12-27,750.0,700.0,45.11,42.74,43.91,43.24,44.66,44.14,45.74,-0.9699999999999989,0.23000000000000398,-0.519999999999996,1.6000000000000014,5.454545454545454,2.7944111776447107,2.660134276900744,0.4723293172690788,1.9603125000000006,9835900000000,993500000000,10.100753362681605,2523572712.0
hanwha_solutions,한화솔루션,한화솔루션,한화솔루션우,2019,2019-12-27,2019-12-27,249.4607,215.7338,36.71,34.32,37.5,38.61,38.93,39.58,39.82,2.8699999999999974,2.0799999999999983,0.6499999999999986,0.240000000000002,2.0575775321676013,1.1261356162238345,0.9314419159437667,3.459980850959198,4.098011369253584,8147700000000,71900000000,0.8824576260785252,932607368.0
hyundai_motor,현대차/2우B,현대차,현대차2우B,2019,2019-12-27,2019-12-27,3100.0,3000.0,36.0,35.0,34.19,31.92,32.63,31.43,32.86,-4.57,-2.759999999999998,-1.2000000000000028,1.4299999999999997,3.6556603773584904,2.2641509433962264,1.3915094339622642,-3.698744769874473,-2.04081632653061,117121400000000,8968200000000,7.657183059628728,51327869559.0
hyundai_motor_3pref,현대차/3우,현대차,현대차3우B,2019,2019-12-27,2019-12-27,3050.0,3000.0,43.25,41.23,41.45,39.58,40.73,39.84,41.08,-3.4099999999999966,-1.6099999999999994,-0.8899999999999935,1.2399999999999949,4.055851063829787,2.2641509433962264,1.791700120433561,-2.3713389121338935,-0.9234693877550981,117121400000000,572600000000,0.48889442919910453,3688383382.0
hyundai_motor_pref,현대차/우,현대차,현대차우,2019,2019-12-27,2019-12-27,3050.0,3000.0,42.64,40.16,40.97,38.83,38.87,38.29,39.5,-4.350000000000001,-2.6799999999999997,-0.5799999999999983,1.2100000000000009,4.0131578947368425,2.2641509433962264,1.749006951340616,-3.351297071129707,-1.8644897959183666,117121400000000,6010300000000,5.131683876729616,23876662676.0
kolon_industries,코오롱인더,코오롱인더,코오롱인더우,2019,2019-12-27,2019-12-27,950.0,900.0,52.35,54.29,53.14,54.07,54.82,54.95,55.85,2.6000000000000014,1.8100000000000023,0.13000000000000256,0.8999999999999986,4.691358024691358,2.1176470588235294,2.573710965867829,3.7199588477366206,4.5186868686868635,2841900000000,85100000000,2.9944755269362044,630915362.0
korea_investment,한국금융지주,한국금융지주,한국금융지주우,2019,2019-12-27,2019-12-27,2961.5,2900.0,41.43,39.9,38.68,39.02,36.29,37.7,38.33,-3.729999999999997,-0.9799999999999969,1.4100000000000037,0.6299999999999955,6.769142857142857,3.8821954484605086,2.8869474086823486,-2.0822048364153645,0.32068306010928893,15380400000000,1108400000000,7.206574601440795,3340604453.0
kumho_petro,금호석유,금호석유,금호석유우,2019,2019-12-27,2019-12-27,1550.0,1500.0,59.05,58.14,58.05,56.36,57.1,57.37,57.31,-1.6799999999999997,-0.6799999999999997,0.269999999999996,-0.05999999999999517,5.308219178082192,2.1037868162692845,3.204432361812907,-0.4879084967320182,0.30897435897436054,3315700000000,175700000000,5.299031878637995,525681394.0
lg,LG,LG,LG우,2019,2019-12-27,2019-12-27,2250.0,2413.3735,38.81,40.56,40.49,40.82,39.59,39.27,39.35,0.46000000000000085,-1.2199999999999989,-0.3200000000000003,0.0799999999999983,4.823151125401929,3.165453627313388,1.6576974980885408,1.4412530732282036,3.1962314395599023,16131600000000,218600000000,1.3551042674006297,595146865.0
lg_chem,LG화학,LG화학,LG화학우,2019,2019-12-27,2019-12-27,2050.0,2000.0,44.01,44.07,45.15,45.42,45.79,43.83,45.41,-0.17999999999999972,-1.3200000000000003,-1.9600000000000009,1.5799999999999983,1.2023460410557185,0.6568144499178982,0.5455315911378203,0.12398692810457845,0.4867532467532456,30001700000000,1486200000000,4.953719289240277,7677886829.0
lg_elec,LG전자,LG전자,LG전자우,2019,2019-12-27,2019-12-27,800.0,750.0,58.87,59.27,59.08,59.9,59.93,59.26,59.96,0.39000000000000057,0.17999999999999972,-0.6700000000000017,0.7000000000000028,2.9250457038391224,1.1278195488721803,1.7972261549669422,1.0874769666902964,1.5086816269284782,24221200000000,1103300000000,4.555100490479415,11166996771.0
lg_household,LG생활건강,LG생활건강,LG생활건강우,2019,2019-12-27,2019-12-27,11050.0,11000.0,41.39,41.4,41.16,41.19,39.49,38.27,37.92,-3.1199999999999974,-2.8899999999999935,-1.2199999999999989,-0.3500000000000014,1.4425587467362924,0.8416220351951033,0.6009367115411892,-2.782455858747994,-2.245210819411298,4208200000000,246900000000,5.867116581911506,1048198600.0
lotte_chilsung,롯데칠성,롯데칠성,롯데칠성우,2019,2019-12-27,2019-12-27,2705.0,2700.0,47.35,46.2,46.42,46.91,47.33,48.96,48.42,1.6099999999999994,2.539999999999999,1.6300000000000026,-0.5399999999999991,3.736187845303868,1.9636363636363636,1.772551481667504,2.5473814578910066,3.4868055555555486,1108800000000,62600000000,5.645743145743146,101673918.0
lx_hausys,LX하우시스,LX하우시스,LX하우시스우,2019,2019-12-27,2019-12-27,300.0,250.0,52.36,52.02,51.38,49.08,49.45,50.0,50.09,-2.3599999999999994,-1.3800000000000026,0.5499999999999972,0.09000000000000341,1.023890784982935,0.40650406504065045,0.6173867199422847,-2.042107175295186,-1.8175045207956586,358300000000,19700000000,5.498185877756071,201685294.0
mirae_asset,미래에셋증권/2우B,미래에셋증권,미래에셋증권2우B,2019,2019-12-27,2019-12-27,258.1105,258.1105,43.62,42.38,41.42,42.83,44.3,44.73,46.17,1.1099999999999994,3.309999999999995,0.4299999999999997,1.4400000000000048,6.132347350914706,3.45760884125921,2.674738509655497,2.6499414371773398,4.445654538391814,44205800000000,3098600000000,7.009487442824244,13259447190.0
mirae_asset_pref,미래에셋증권/우,미래에셋증권,미래에셋증권우,2019,2019-12-27,2019-12-27,283.7153,258.1105,37.55,36.06,36.01,36.64,37.61,37.9,39.14,0.3500000000000014,1.8900000000000006,0.28999999999999915,1.240000000000002,6.085699270699271,3.45760884125921,2.6280904294400615,2.0032284838241807,4.023420950407875,44205800000000,339900000000,0.7689036280307109,4626258041.0
namyang_dairy,남양유업,남양유업,남양유업우,2019,2019-12-27,2019-12-27,103.7649,100.0,64.31,63.43,66.28,65.93,65.42,66.56,66.18,2.25,0.28000000000000114,1.1400000000000006,-0.37999999999999545,0.5915563536856507,0.20345879959308238,0.38809755409256835,2.4163076388888953,2.4931521939953853,297600000000,73800000000,24.798387096774192,308281850.0
nexen_tire,넥센타이어,넥센타이어,넥센타이어1우B,2019,2019-12-27,2019-12-27,110.0,105.0,61.53,63.51,61.22,61.17,62.31,61.98,62.29,0.44999999999999574,0.759999999999998,-0.3300000000000054,0.3100000000000023,3.125,1.1475409836065573,1.9774590163934427,1.227087270705944,1.6568131868131815,710000000000,28400000000,4.0,45546689.0
nh_investment,NH투자증권,NH투자증권,NH투자증권우,2019,2019-12-27,2019-12-27,550.0,500.0,28.57,26.03,27.62,28.24,28.31,29.55,30.81,0.9800000000000004,1.9299999999999997,1.240000000000002,1.259999999999998,6.111111111111111,3.968253968253968,2.142857142857143,2.523749999999996,5.114210526315787,13434200000000,535900000000,3.989072665287103,2377555232.0
s_oil,S-Oil,S-Oil,S-Oil우,2019,2019-12-27,2019-12-27,125.0,100.0,39.43,39.72,39.87,41.21,42.3,41.7,42.87,2.270000000000003,1.8300000000000054,-0.5999999999999943,1.1699999999999946,0.20868113522537562,0.10111223458038424,0.10756890064499139,2.341819137749738,2.402983193277315,13307300000000,225200000000,1.6923042239973547,1363291359.0
samsung_ct,삼성물산,삼성물산,삼성물산우B,2019,2019-12-27,2019-12-27,2050.0205,2030.4569,24.57,29.57,28.87,27.93,29.72,30.08,30.6,5.509999999999998,1.2099999999999973,0.35999999999999943,0.5200000000000031,2.9710011449109435,2.2197578493965366,0.751243295514407,6.102155997700816,7.404085292539904,65678400000000,328700000000,0.5004689517406027,1525223394.0
samsung_elec,삼성전자,삼성전자,삼성전자우,2019,2019-12-27,2019-12-27,355.0,354.0,19.14,18.55,18.71,18.2,18.3,18.23,19.12,-0.9100000000000001,-0.4800000000000004,-0.07000000000000028,0.8900000000000006,0.8987341772151899,0.7246673490276356,0.17406682818755428,-0.7898928169167618,-0.26815884476534535,1587264600000000,148759600000000,9.372073188049427,701114439976.0
samsung_electro,삼성전기,삼성전기,삼성전기우,2019,2019-12-27,2019-12-27,1150.0,1100.0,59.29,59.56,60.54,61.0,59.07,59.8,59.92,0.509999999999998,-0.740000000000002,0.7299999999999969,0.12000000000000455,2.6651216685979144,1.0377358490566038,1.6273858195413105,1.0873584905660394,1.441707317073167,68494100000000,1109000000000,1.619117559030632,25204450647.0
samsung_fire,삼성화재,삼성화재,삼성화재우,2019,2019-12-27,2019-12-27,8505.0,8500.0,27.97,25.4,29.58,30.86,30.36,28.74,31.07,0.7699999999999996,-0.8399999999999999,-1.620000000000001,2.330000000000002,5.201834862385321,3.7444933920704844,1.4573414703148366,1.8014884696016757,4.218259109311738,21877300000000,1135200000000,5.188940134294452,7168406735.0
samsung_sdi,삼성SDI,삼성SDI,삼성SDI우,2019,2019-12-27,2019-12-27,1050.0,977.126,60.89,61.41,61.55,60.7,60.48,59.73,61.07,-1.1600000000000037,-1.8200000000000003,-0.75,1.3400000000000034,1.1904761904761905,0.43331529933481155,0.7571608911413789,-0.863298649059594,-0.6877528089887619,55926400000000,555700000000,0.9936273387881216,9648202882.0
sebang,세방,세방,세방우,2019,2019-12-27,2019-12-27,180.0,175.0,44.67,41.33,44.26,41.8,43.48,41.5,42.27,-3.1700000000000017,-2.759999999999998,-1.9799999999999969,0.7700000000000031,2.710843373493976,1.4583333333333333,1.2525100401606426,-2.467752808988763,-1.572654867256638,304300000000,38700000000,12.717712783437396,69159619.0
sk,SK,SK,SK우,2019,2019-12-27,2019-12-27,4050.0,4000.0,34.38,40.43,27.12,34.49,31.91,29.9,29.33,-4.480000000000004,2.7799999999999976,-2.0100000000000016,-0.5700000000000003,2.7551020408163267,1.7857142857142856,0.969387755102041,-3.9931528046421683,-2.9323809523809565,39369000000000,211200000000,0.5364626990779547,1612293529.0
sk_chemicals,SK케미칼,SK케미칼,SK케미칼우,2019,2019-12-27,2019-12-27,500.0,300.0,33.78,34.06,29.18,27.41,29.08,31.15,31.79,-2.6300000000000026,1.9699999999999989,2.0700000000000003,0.6400000000000006,2.4330900243309004,0.9667128540585829,1.4663771702723176,-1.9171001044525973,-1.4241507704922043,975600000000,57200000000,5.8630586305863055,151575171.0
sk_discovery,SK디스커버리,SK디스커버리,SK디스커버리우,2019,2019-12-27,2019-12-27,750.0,700.0,34.15,34.3,29.98,35.29,32.8,34.25,35.94,0.10000000000000142,4.27,1.4500000000000028,1.6899999999999977,5.084745762711865,3.125,1.9597457627118646,1.275101214574903,3.0547244094488235,1051800000000,52500000000,4.991443240159726,171104200.0
sk_innovation,SK이노베이션,SK이노베이션,SK이노베이션우,2019,2019-12-27,2019-12-27,1402.3839,1325.9679,27.5,24.69,23.15,21.77,23.75,21.6,23.24,-5.899999999999999,-1.5499999999999972,-2.1499999999999986,1.639999999999997,1.2340474828626993,0.8459233291652845,0.3881241536974148,-5.648992297236326,-4.943132407836298,23295500000000,94500000000,0.40565774505805846,608843965.0
amore_holdings,아모레G,아모레퍼시픽홀딩스,아모레퍼시픽홀딩스우,2020,2020-12-29,2020-12-29,235.0,230.0,60.33,60.39,62.64,63.68,63.23,62.8,63.69,2.469999999999999,0.1599999999999966,-0.4299999999999997,0.8900000000000006,1.2113402061855671,0.47034764826175873,0.7409925579238084,2.754287591514924,2.9129906542056148,2072000000000,76600000000,3.696911196911197,180063238.0
amore_holdings_3pref,아모레G/3우B(전환),아모레퍼시픽홀딩스,아모레퍼시픽홀딩스3우B,2020,2020-12-29,2020-12-29,751.0,230.0,31.7,26.71,33.08,35.61,34.95,32.52,34.67,0.8200000000000038,-0.5599999999999952,-2.4299999999999997,2.1499999999999986,2.248502994011976,0.47034764826175873,1.7781553457502173,1.9418246667918133,2.2271028037383225,2072000000000,168400000000,8.127413127413128,158421009.0
amorepacific,아모레퍼시픽,아모레퍼시픽,아모레퍼시픽우,2020,2020-12-29,2020-12-29,805.0,800.0,64.7,66.88,69.89,71.21,71.06,70.2,69.54,5.5,0.3100000000000023,-0.8599999999999994,-0.6599999999999966,1.390328151986183,0.4878048780487805,0.9025232739374025,5.78201798201799,5.899502487562188,7598200000000,484100000000,6.371245821378747,1027015362.0
bookook_sec,부국증권,부국증권,부국증권우,2020,2020-12-29,2020-12-29,1250.0,1200.0,5.64,6.1,9.65,9.21,9.39,8.52,8.37,2.88,-1.1300000000000008,-0.870000000000001,-0.15000000000000036,6.493506493506493,5.88235294117647,0.6111535523300224,3.5765898617511533,8.333799126637555,778800000000,108800000000,13.970210580380071,257323826.0
byc,BYC,BYC,BYC우,2020,2020-12-29,2020-12-29,115.0,110.0,45.45,48.23,52.13,50.7,50.0,51.85,51.58,6.399999999999999,-0.28000000000000114,1.8500000000000014,-0.2700000000000031,0.9349593495934959,0.4878048780487805,0.4471544715447155,6.621529745042487,6.807495590828928,306700000000,70600000000,23.019237039452236,73590341.0
cj,CJ/우,CJ,CJ우,2020,2020-12-29,2020-12-29,2050.0,2000.0,43.53,38.69,36.16,37.76,38.38,38.75,39.41,-4.780000000000001,2.5900000000000034,0.36999999999999744,0.6599999999999966,4.471101417666303,2.4630541871921183,2.008047230474185,-3.839278350515464,-2.488566629339303,6346000000000,202300000000,3.1878348566025845,319652465.0
cj_cheiljedang,CJ제일제당,CJ제일제당,CJ제일제당우,2020,2020-12-29,2020-12-29,4050.0,4000.0,60.25,56.07,55.33,56.86,56.44,55.95,56.27,-4.299999999999997,0.6200000000000045,-0.4899999999999949,0.3200000000000003,2.5796178343949046,1.0126582278481013,1.5669596065468034,-3.697820343461032,-3.243464052287578,3485000000000,180900000000,5.190817790530847,578918194.0
daeduck_electronics,대덕전자,대덕전자,대덕전자1우,2020,2020-12-29,2020-12-29,305.0,300.0,31.64,16.53,20.47,21.31,26.95,25.57,28.62,-6.07,5.100000000000001,-1.379999999999999,3.0500000000000007,4.189560439560439,2.8169014084507045,1.3726590311097349,-5.362943722943726,-3.4965400843881866,5964600000000,66700000000,1.1182644267846964,902467323.0
daekyo,대교,대교,대교우B,2020,2020-12-29,2020-12-29,60.0,50.0,35.13,32.84,30.56,30.04,31.94,30.19,30.91,-4.940000000000001,-0.36999999999999744,-1.75,0.7199999999999989,2.371541501976284,1.282051282051282,1.0894902199250025,-4.231123595505622,-3.27404432132964,121100000000,19800000000,16.35012386457473,23757503.0
daishin_sec,대신증권/우,대신증권,대신증권우,2020,2020-12-29,2020-12-29,1250.0,1200.0,19.0,25.0,19.27,18.55,17.34,17.42,21.59,-1.5799999999999983,-1.8499999999999979,0.08000000000000185,4.169999999999998,12.807377049180326,9.95850622406639,2.8488708251139374,0.3916349809885915,7.132404181184672,1954000000000,598300000000,30.619242579324464,2174587756.0
daishin_sec_2pref,대신증권/2우B,대신증권,대신증권2우B,2020,2020-12-29,2020-12-29,1200.0,1200.0,22.32,27.61,22.55,22.18,21.03,21.6,24.47,-0.7199999999999989,-0.9499999999999993,0.5700000000000003,2.8699999999999974,12.82051282051282,9.95850622406639,2.86200659644643,1.254144486692013,7.645156794425084,1954000000000,222500000000,11.38689866939611,777124479.0
doosan,두산/우,두산,두산우,2020,2020-12-29,2020-12-29,2050.0,2000.0,17.18,17.42,21.7,19.24,17.66,15.12,17.11,-2.0600000000000005,-6.58,-2.540000000000001,1.9900000000000002,5.283505154639175,4.268943436499466,1.0145617181397086,-1.410055658627087,1.6035420393559932,29424200000000,2821500000000,9.589045751456284,12443343176.0
gs,GS,GS,GS우,2020,2020-12-29,2020-12-29,1950.0,1900.0,8.87,12.37,11.41,17.13,17.15,15.82,17.69,6.950000000000001,4.41,-1.3299999999999983,1.870000000000001,6.902654867256637,6.129032258064516,0.7736226091921212,7.911292984869325,12.045032679738563,7303100000000,102600000000,1.4048828579644261,368476671.0
hanwha,한화,한화,한화3우B,2020,2020-12-29,2020-12-29,750.0,700.0,48.71,46.75,45.93,46.37,46.14,48.57,50.63,-0.14000000000000057,2.6400000000000006,2.4299999999999997,2.0600000000000023,5.813953488372093,2.783300198807157,3.0306532895649356,1.2899999999999991,2.5444802867383487,9835900000000,993500000000,10.100753362681605,2523572712.0
hyundai_motor,현대차/2우B,현대차,현대차2우B,2020,2020-12-29,2020-12-29,3100.0,3000.0,50.59,52.08,52.29,51.64,51.28,51.45,52.86,0.8599999999999994,-0.8399999999999963,0.1700000000000017,1.4099999999999966,3.5147392290249435,1.680672268907563,1.8340669601173805,1.7424396782841782,2.497071240105541,117121400000000,8968200000000,7.657183059628728,51327869559.0
hyundai_motor_3pref,현대차/3우,현대차,현대차3우B,2020,2020-12-29,2020-12-29,3050.0,3000.0,55.57,54.9,55.04,54.13,53.26,52.98,53.86,-2.5900000000000034,-2.0600000000000023,-0.28000000000000114,0.8800000000000026,3.8461538461538463,1.680672268907563,2.1654815772462834,-1.7094101876675651,-0.9789709762532937,117121400000000,572600000000,0.48889442919910453,3688383382.0
hyundai_motor_pref,현대차/우,현대차,현대차우,2020,2020-12-29,2020-12-29,3050.0,3000.0,52.72,53.31,53.72,53.49,52.99,52.45,53.6,-0.269999999999996,-1.269999999999996,-0.5399999999999991,1.1499999999999986,3.6137440758293837,1.680672268907563,1.9330718069218207,0.6043967828418246,1.343324538258571,117121400000000,6010300000000,5.131683876729616,23876662676.0
kolon_industries,코오롱인더,코오롱인더,코오롱인더우,2020,2020-12-29,2020-12-29,1050.0,1000.0,45.83,44.51,46.15,44.31,44.02,42.86,44.53,-2.969999999999999,-3.289999999999999,-1.1600000000000037,1.6700000000000017,5.134474327628362,2.6490066225165565,2.4854677051118057,-1.7425964010282726,-0.3412781954887194,2841900000000,85100000000,2.9944755269362044,630915362.0
korea_investment,한국금융지주,한국금융지주,한국금융지주우,2020,2020-12-29,2020-12-29,3061.5,3000.0,14.48,16.64,11.34,16.11,17.58,18.5,19.22,4.02,7.16,0.9200000000000017,0.7199999999999989,4.937903225806452,4.137931034482759,0.7999721913236932,4.820649350649351,7.846874999999997,15380400000000,1108400000000,7.206574601440795,3340604453.0
kumho_petro,금호석유,금호석유,금호석유우,2020,2020-12-29,2020-12-29,4250.0,4200.0,62.27,60.97,61.73,61.59,61.71,60.15,61.19,-2.1200000000000045,-1.5799999999999983,-1.5600000000000023,1.0399999999999991,10.240963855421686,3.8181818181818183,6.422782037239869,-0.19198049512378645,0.9663636363636314,3315700000000,175700000000,5.299031878637995,525681394.0
lg,LG,LG,LG우,2020,2020-12-29,2020-12-29,2550.0,2742.47,36.28,29.6,29.24,29.18,28.91,27.88,29.19,-8.400000000000002,-1.3599999999999994,-1.0300000000000011,1.3100000000000023,4.922779922779923,3.3738113105416607,1.548968612238262,-7.782384537574533,-5.7417882117882115,16131600000000,218600000000,1.3551042674006297,595146865.0
lg_chem,LG화학,LG화학,LG화학우,2020,2020-12-29,2020-12-29,10050.0,10000.0,50.99,50.4,55.44,52.65,51.66,53.87,53.63,2.8799999999999955,-1.5700000000000003,2.210000000000001,-0.23999999999999488,3.1357254290171612,1.529051987767584,1.606673441249577,3.5560199004975104,4.114422604422607,30001700000000,1486200000000,4.953719289240277,7677886829.0
lg_elec,LG전자,LG전자,LG전자우,2020,2020-12-29,2020-12-29,1250.0,1200.0,62.98,62.22,61.58,61.58,60.01,48.84,53.76,-14.139999999999993,-12.739999999999995,-11.169999999999995,4.919999999999995,3.6818851251840945,1.3086150490730644,2.37327007611103,-13.628824006488237,-13.140642570281116,24221200000000,1103300000000,4.555100490479415,11166996771.0
lg_household,LG생활건강,LG생활건강,LG생활건강우,2020,2020-12-29,2020-12-29,11050.0,11000.0,51.1,54.6,54.1,55.66,57.06,57.08,56.39,5.979999999999997,2.979999999999997,0.01999999999999602,-0.6899999999999977,1.5607344632768363,0.7596685082872928,0.8010659549895435,6.370805162876458,6.656410256410247,4208200000000,246900000000,5.867116581911506,1048198600.0
lotte_chilsung,롯데칠성,롯데칠성,롯데칠성우,2020,2020-12-29,2020-12-29,2705.0,2700.0,37.33,33.76,40.24,46.14,43.8,44.09,44.84,6.760000000000005,3.8500000000000014,0.29000000000000625,0.75,4.796099290780142,3.0,1.7960992907801419,7.875032618825728,9.220000000000006,1108800000000,62600000000,5.645743145743146,101673918.0
lx_hausys,LX하우시스,LX하우시스,LX하우시스우,2020,2020-12-29,2020-12-29,350.0,300.0,55.22,57.31,59.54,59.07,60.06,58.18,57.75,2.960000000000001,-1.3599999999999994,-1.8800000000000026,-0.4299999999999997,1.383399209486166,0.5309734513274336,0.8524257581587323,3.255689881734561,3.4187434554973777,358300000000,19700000000,5.498185877756071,201685294.0
mirae_asset,미래에셋증권/2우B,미래에셋증권,미래에셋증권2우B,2020,2020-12-29,2020-12-29,198.5465,198.5465,48.23,47.57,50.95,50.57,50.21,48.89,50.97,0.6600000000000037,-2.0600000000000023,-1.3200000000000003,2.0799999999999983,4.555908673703534,2.358594678070801,2.1973139956327334,1.7133258188832343,2.76826451544423,44205800000000,3098600000000,7.009487442824244,13259447190.0
mirae_asset_pref,미래에셋증권/우,미래에셋증권,미래에셋증권우,2020,2020-12-29,2020-12-29,218.2425,198.5465,40.73,41.78,44.66,43.83,44.31,43.24,45.25,2.510000000000005,-1.4199999999999946,-1.0700000000000003,2.009999999999998,4.373597194388778,2.358594678070801,2.015002516317977,3.658361513560365,4.8303704489969235,44205800000000,339900000000,0.7689036280307109,4626258041.0
namyang_dairy,남양유업,남양유업,남양유업우,2020,2020-12-29,2020-12-29,103.7649,100.0,44.35,48.77,51.96,54.83,53.66,52.92,52.16,8.57,0.9600000000000009,-0.7399999999999949,-0.7600000000000051,0.7241600949124153,0.3883495145631068,0.33581058034930855,8.773953954305803,8.938143257443087,297600000000,73800000000,24.798387096774192,308281850.0
nexen_tire,넥센타이어,넥센타이어,넥센타이어1우B,2020,2020-12-29,2020-12-29,110.0,105.0,56.82,55.51,54.62,57.66,57.54,56.31,56.53,-0.509999999999998,1.6900000000000048,-1.2299999999999969,0.21999999999999886,4.761904761904762,1.9626168224299065,2.7992879394748553,0.5611509591326111,1.2947540983606558,710000000000,28400000000,4.0,45546689.0
nh_investment,NH투자증권,NH투자증권,NH투자증권우,2020,2020-12-29,2020-12-29,750.0,700.0,13.24,15.99,17.21,22.35,20.94,20.17,21.43,6.9300000000000015,2.960000000000001,-0.7699999999999996,1.259999999999998,9.457755359394703,7.658643326039387,1.799112033355317,8.66909090909091,13.341196581196582,13434200000000,535900000000,3.989072665287103,2377555232.0
s_oil,S-Oil,S-Oil,S-Oil우,2020,2020-12-29,2020-12-29,25.0,,39.92,42.73,45.83,45.52,44.3,43.98,43.68,4.059999999999995,-1.8500000000000014,-0.3200000000000003,-0.29999999999999716,0.08064516129032258,,,,4.096152716593238,13307300000000,225200000000,1.6923042239973547,1363291359.0
samsung_ct,삼성물산,삼성물산,삼성물산우B,2020,2020-12-29,2020-12-29,2350.0,2300.0,8.48,-3.12,3.73,6.92,5.88,6.79,7.69,-1.6900000000000004,3.06,0.9100000000000001,0.9000000000000004,2.445369406867846,2.1904761904761907,0.2548932163916554,-1.5446332607116924,-0.015714285714285126,65678400000000,328700000000,0.5004689517406027,1525223394.0
samsung_elec,삼성전자,삼성전자,삼성전자우,2020,2020-12-29,2020-12-29,1933.0,1932.0,13.23,10.8,8.4,5.28,5.75,7.37,7.79,-5.86,-1.0300000000000002,1.62,0.41999999999999993,3.8277227722772276,3.3195876288659796,0.508135143411248,-5.673466027511464,-3.4040787801778905,1587264600000000,148759600000000,9.372073188049427,701114439976.0
samsung_electro,삼성전기,삼성전기,삼성전기우,2020,2020-12-29,2020-12-29,1450.0,1400.0,55.97,54.93,54.55,53.35,47.68,46.75,48.14,-9.219999999999999,-7.799999999999997,-0.9299999999999997,1.3900000000000006,2.369281045751634,1.0071942446043165,1.3620868011473175,-8.799620710415411,-8.358059701492536,68494100000000,1109000000000,1.619117559030632,25204450647.0
samsung_fire,삼성화재,삼성화재,삼성화재우,2020,2020-12-29,2020-12-29,8805.0,8800.0,23.9,22.37,18.88,20.05,20.87,20.15,21.81,-3.75,1.2699999999999996,-0.7200000000000024,1.6600000000000001,6.357400722021661,4.835164835164836,1.5222358868568258,-2.796901709401709,0.7454081632653065,21877300000000,1135200000000,5.188940134294452,7168406735.0
samsung_sdi,삼성SDI,삼성SDI,삼성SDI우,2020,2020-12-29,2020-12-29,1050.0,977.126,41.87,44.09,47.75,47.91,48.85,49.37,50.08,7.5,1.6199999999999974,0.519999999999996,0.7100000000000009,0.4166666666666667,0.22540392156862746,0.1912627450980392,7.603397393383553,7.691717352415026,55926400000000,555700000000,0.9936273387881216,9648202882.0
sebang,세방,세방,세방우,2020,2020-12-29,2020-12-29,195.0,190.0,38.14,34.29,37.96,39.25,41.18,37.53,38.88,-0.6099999999999994,-0.4299999999999997,-3.6499999999999986,1.3500000000000014,3.25,1.958762886597938,1.291237113402062,0.07684587813620425,1.111101321585899,304300000000,38700000000,12.717712783437396,69159619.0
sk,SK,SK,SK우,2020,2020-12-29,2020-12-29,6050.0,6000.0,2.02,-4.37,-4.49,-2.01,-1.04,0.62,-0.42,-1.4,5.11,1.6600000000000001,-1.04,3.1105398457583546,3.022670025188917,0.08786982056943789,-1.3576068376068378,1.125833333333333,39369000000000,211200000000,0.5364626990779547,1612293529.0
sk_chemicals,SK케미칼,SK케미칼,SK케미칼우,2020,2020-12-29,2020-12-29,2050.0,1333.3334,15.77,24.68,32.57,31.18,31.89,33.13,33.69,17.360000000000003,0.5600000000000023,1.240000000000002,0.5599999999999952,1.2312312312312312,0.6745351525545489,0.5566960786766824,17.82707445042475,18.178412698412703,975600000000,57200000000,5.8630586305863055,151575171.0
sk_discovery,SK디스커버리,SK디스커버리,SK디스커버리우,2020,2020-12-29,2020-12-29,1050.0,1000.0,17.06,20.06,11.28,14.78,12.86,14.11,14.89,-2.9499999999999993,2.83,1.25,0.7800000000000011,1.9811320754716981,1.5649452269170578,0.41618684855464005,-2.65055118110236,-1.3235658914728674,1051800000000,52500000000,4.991443240159726,171104200.0
solus,솔루스첨단소재/1우,솔루스첨단소재,솔루스첨단소재1우,2020,2020-12-29,2020-12-29,5.5,4.8171,54.54,50.85,59.96,60.69,66.44,66.12,67.03,11.580000000000005,6.160000000000004,-0.3199999999999932,0.9099999999999966,0.06358381502890173,0.02531718084826825,0.03826663418063349,11.602052587575763,11.609135759576127,938100000000,44000000000,4.690331521159791,552278447.0
solus_2pref,솔루스첨단소재/2우B,솔루스첨단소재,솔루스첨단소재2우B,2020,2020-12-29,2020-12-29,6.0,4.8171,6.71,-1.44,24.48,25.4,35.53,33.12,35.0,26.409999999999997,8.639999999999997,-2.4100000000000037,1.8800000000000026,0.03380281690140845,0.02531718084826825,0.0084856360531402,26.421151136460495,26.435140276209502,938100000000,13500000000,1.4390789894467542,289745889.0
yuanta_sec,유안타증권,유안타증권,유안타증권우,2020,2020-12-29,2020-12-29,175.0,125.0,19.38,13.76,18.3,21.47,19.47,17.91,19.36,-1.4699999999999989,-0.39000000000000057,-1.5599999999999987,1.4499999999999993,7.865168539325842,4.528985507246377,3.336183032079466,1.0785537918871242,4.437567567567569,1489000000000,63300000000,4.251175285426461,819629083.0
amore_holdings,아모레G,아모레퍼시픽홀딩스,아모레퍼시픽홀딩스우,2021,2021-12-29,2021-12-29,455.0,450.0,62.12,63.2,62.92,62.84,63.01,62.46,62.47,0.3400000000000034,-0.46000000000000085,-0.5499999999999972,0.00999999999999801,2.4266666666666667,0.9090909090909091,1.5175757575757576,0.9679120879120902,1.3294015233949992,2072000000000,76600000000,3.696911196911197,180063238.0
amore_holdings_3pref,아모레G/3우B(전환),아모레퍼시픽홀딩스,아모레퍼시픽홀딩스3우B,2021,2021-12-29,2021-12-29,667.0,450.0,19.9,23.6,19.26,21.7,23.59,25.46,25.28,5.560000000000002,6.199999999999999,1.870000000000001,-0.17999999999999972,1.682219419924338,0.9090909090909091,0.773128510833429,6.291208791208792,7.01403699673558,2072000000000,168400000000,8.127413127413128,158421009.0
amorepacific,아모레퍼시픽,아모레퍼시픽,아모레퍼시픽우,2021,2021-12-29,2021-12-29,985.0,980.0,59.83,61.27,60.31,60.74,58.13,58.07,57.71,-1.759999999999998,-2.240000000000002,-0.060000000000002274,-0.35999999999999943,1.3776223776223777,0.550561797752809,0.8270605798695686,-1.4292479489516907,-1.1982719546742189,7598200000000,484100000000,6.371245821378747,1027015362.0
bookook_sec,부국증권,부국증권,부국증권우,2021,2021-12-29,2021-12-29,1650.0,1600.0,6.19,7.41,5.39,8.71,8.51,9.09,8.87,2.8999999999999995,3.7,0.5800000000000001,-0.22000000000000064,7.252747252747254,6.5979381443298974,0.6548091084173563,3.7256118143459913,9.42264822134387,778800000000,108800000000,13.970210580380071,257323826.0
byc,BYC,BYC,BYC우,2021,2021-12-29,2021-12-29,155.0,150.0,57.68,59.17,59.38,60.56,60.41,60.18,60.17,2.5,0.7999999999999972,-0.22999999999999687,-0.00999999999999801,0.8659217877094971,0.3546099290780142,0.511311858631483,2.7084572697003324,2.8399115044247836,306700000000,70600000000,23.019237039452236,73590341.0
cj,CJ/우,CJ,CJ우,2021,2021-12-29,2021-12-29,2350.0,2300.0,39.2,36.2,31.76,35.21,35.35,35.87,36.09,-3.3300000000000054,4.109999999999996,0.519999999999996,0.22000000000000597,3.9562289562289563,2.3541453428863868,1.6020836133425693,-2.292417061611374,-0.6186851211072693,6346000000000,202300000000,3.1878348566025845,319652465.0
cj_4pref,CJ/4우(전환),CJ,CJ4우,2021,2021-12-29,2021-12-29,2300.0,2300.0,17.5,14.9,16.56,13.97,13.88,15.46,14.79,-2.039999999999999,-1.0999999999999979,1.58,-0.6700000000000017,2.8535980148883375,2.3541453428863868,0.4994526720019505,-1.6232227488151665,0.6084198385236448,6346000000000,798400000000,12.581153482508666,1441801071.0
cj_cheiljedang,CJ제일제당,CJ제일제당,CJ제일제당우,2021,2021-12-29,2021-12-29,5050.0,5000.0,50.57,49.48,50.5,53.95,53.72,53.83,53.93,3.259999999999998,3.3299999999999983,0.10999999999999943,0.10000000000000142,2.5699745547073793,1.257861635220126,1.3121129194872534,3.9648837209302243,4.544795918367342,3485000000000,180900000000,5.190817790530847,578918194.0
daeduck_electronics,대덕전자,대덕전자,대덕전자1우,2021,2021-12-29,2021-12-29,305.0,300.0,20.56,24.07,33.33,29.54,36.4,37.07,37.5,16.51,3.740000000000002,0.6700000000000017,0.4299999999999997,2.392156862745098,1.8691588785046727,0.5229979842404253,16.986391752577322,17.749572301425662,5964600000000,66700000000,1.1182644267846964,902467323.0
daekyo,대교,대교,대교우B,2021,2021-12-29,2021-12-29,60.0,50.0,20.84,24.71,26.98,30.77,31.12,29.09,29.95,8.25,2.1099999999999994,-2.030000000000001,0.8599999999999994,1.82648401826484,1.2048192771084338,0.6216647411564062,8.886205997392434,9.790630630630627,121100000000,19800000000,16.35012386457473,23757503.0
daishin_sec,대신증권/우,대신증권,대신증권우,2021,2021-12-29,2021-12-29,1450.0,1400.0,9.41,7.88,9.64,14.45,14.59,15.57,15.76,6.16,5.93,0.9800000000000004,0.1899999999999995,8.146067415730338,7.124681933842239,1.0213854818880985,7.50919191919192,12.99566037735849,1954000000000,598300000000,30.619242579324464,2174587756.0
daishin_sec_2pref,대신증권/2우B,대신증권,대신증권2우B,2021,2021-12-29,2021-12-29,1400.0,1400.0,13.49,9.61,12.24,16.82,16.99,17.92,18.6,4.4300000000000015,5.6800000000000015,0.9300000000000033,0.6799999999999997,8.235294117647058,7.124681933842239,1.1106121838048197,5.70191919191919,11.038301886792452,1954000000000,222500000000,11.38689866939611,777124479.0
dl_enc_pref,DL이앤씨/우,DL이앤씨,DL이앤씨우,2021,2021-12-29,2021-12-29,1375.0,1350.0,43.3,43.59,40.0,41.23,42.66,41.22,41.5,-2.0799999999999983,1.2199999999999989,-1.4399999999999977,0.28000000000000114,3.632760898282695,2.0224719101123596,1.6102889881703355,-1.1046744574290486,0.1693877551020435,3881000000000,67100000000,1.7289358412780211,925392562.0
doosan,두산/우,두산,두산우,2021,2021-12-29,2021-12-29,2050.0,2000.0,26.42,31.64,34.64,30.48,31.27,32.64,31.62,6.219999999999999,-2.0,1.370000000000001,-1.0199999999999996,2.979651162790698,2.13903743315508,0.8406137296356176,6.814042553191484,7.931464435146445,29424200000000,2821500000000,9.589045751456284,12443343176.0
gs,GS,GS,GS우,2021,2021-12-29,2021-12-29,2050.0,2000.0,18.65,13.23,7.65,9.11,9.88,11.2,11.14,-7.449999999999999,3.549999999999999,1.3199999999999985,-0.05999999999999872,5.563093622795115,4.415011037527594,1.1480825852675207,-6.751265822784809,-2.5054216867469883,7303100000000,102600000000,1.4048828579644261,368476671.0
hanwha,한화,한화,한화3우B,2021,2021-12-29,2021-12-29,800.0,750.0,53.29,49.92,48.95,48.91,48.42,47.98,49.37,-5.310000000000002,-0.970000000000006,-0.44000000000000483,1.3900000000000006,4.892966360856269,2.142857142857143,2.7501092179991264,-4.005421303656597,-2.824161490683224,9835900000000,993500000000,10.100753362681605,2523572712.0
hyundai_motor,현대차/2우B,현대차,현대차2우B,2021,2021-12-29,2021-12-29,4100.0,4000.0,52.71,52.71,52.64,51.44,50.61,50.93,52.36,-1.7800000000000011,-1.7100000000000009,0.3200000000000003,1.4299999999999997,4.480874316939891,2.0671834625323,2.4136908544075912,-0.7576190476190519,0.14046728971962352,117121400000000,8968200000000,7.657183059628728,51327869559.0
hyundai_motor_3pref,현대차/3우,현대차,현대차3우B,2021,2021-12-29,2021-12-29,4050.0,4000.0,54.52,55.25,54.98,54.78,54.24,54.53,55.47,0.00999999999999801,-0.44999999999999574,0.28999999999999915,0.9399999999999977,4.602272727272727,2.0671834625323,2.535089264740427,1.0752380952380918,1.9052336448598126,117121400000000,572600000000,0.48889442919910453,3688383382.0
hyundai_motor_pref,현대차/우,현대차,현대차우,2021,2021-12-29,2021-12-29,4050.0,4000.0,52.4,53.53,53.63,52.87,51.86,51.87,52.83,-0.5300000000000011,-1.7600000000000051,0.00999999999999801,0.9600000000000009,4.397394136807818,2.0671834625323,2.3302106742755178,0.4809523809523881,1.3616822429906534,117121400000000,6010300000000,5.131683876729616,23876662676.0
kolon_industries,코오롱인더,코오롱인더,코오롱인더우,2021,2021-12-29,2021-12-29,1350.0,1300.0,55.46,54.5,54.09,52.7,51.1,50.86,51.62,-4.600000000000001,-3.230000000000004,-0.240000000000002,0.759999999999998,3.121387283236994,1.3388259526261586,1.7825613306108354,-3.570465116279067,-2.678259629101291,2841900000000,85100000000,2.9944755269362044,630915362.0
korea_investment,한국금융지주,한국금융지주,한국금융지주우,2021,2021-12-29,2021-12-29,6211.5,6150.0,23.3,21.74,16.95,17.84,17.22,18.83,18.7,-4.470000000000002,1.879999999999999,1.6099999999999994,-0.129999999999999,9.828322784810126,7.463592233009708,2.364730551800419,-2.9326402016383106,2.7953216374268983,15380400000000,1108400000000,7.206574601440795,3340604453.0
kumho_petro,금호석유,금호석유,금호석유우,2021,2021-12-29,2021-12-29,10050.0,10000.0,35.93,36.8,31.45,32.15,34.53,32.16,35.36,-3.770000000000003,0.7099999999999973,-2.3700000000000045,3.200000000000003,8.73913043478261,5.571030640668524,3.1680997941140854,-1.9014285714285677,1.6645945945945968,3315700000000,175700000000,5.299031878637995,525681394.0
lg,LG,LG,LG우,2021,2021-12-29,2021-12-29,2850.0,2800.0,27.82,27.49,22.96,21.99,21.25,21.86,21.76,-5.960000000000001,-1.1000000000000014,0.6099999999999994,-0.09999999999999787,4.241071428571429,3.007518796992481,1.2335526315789478,-5.137676143386898,-2.5511827956989244,16131600000000,218600000000,1.3551042674006297,595146865.0
lg_chem,LG화학,LG화학,LG화학우,2021,2021-12-29,2021-12-29,12050.0,12000.0,50.47,54.15,53.41,53.59,54.08,51.82,53.03,1.3500000000000014,-1.5899999999999963,-2.259999999999998,1.2100000000000009,3.256756756756757,1.6064257028112447,1.650331053945512,2.3606451612903214,3.256265822784812,30001700000000,1486200000000,4.953719289240277,7677886829.0
lg_elec,LG전자,LG전자,LG전자우,2021,2021-12-29,2021-12-29,900.0,850.0,48.99,47.7,50.08,51.35,51.12,51.59,52.38,2.6000000000000014,1.5100000000000051,0.47000000000000597,0.7899999999999991,1.4285714285714286,0.688259109311741,0.7403123192596877,2.9604192489974466,3.256376811594208,24221200000000,1103300000000,4.555100490479415,11166996771.0
lg_household,LG생활건강,LG생활건강,LG생활건강우,2021,2021-12-29,2021-12-29,12050.0,12000.0,52.45,48.98,44.63,46.55,44.79,45.41,44.46,-7.040000000000006,0.779999999999994,0.6199999999999974,-0.9499999999999957,1.8828125,0.8915304606240713,0.9912820393759288,-6.552678571428572,-5.979151943462902,4208200000000,246900000000,5.867116581911506,1048198600.0
lotte_chilsung,롯데칠성,롯데칠성,롯데칠성우,2021,2021-12-29,2021-12-29,3005.0,3000.0,51.68,49.51,47.22,44.53,46.82,47.25,47.7,-4.43,0.030000000000001137,0.4299999999999997,0.45000000000000284,4.173611111111112,2.013422818791946,2.160188292319165,-3.361647940074903,-2.225787545787547,1108800000000,62600000000,5.645743145743146,101673918.0
lx_hausys,LX하우시스,LX하우시스,LX하우시스우,2021,2021-12-29,2021-12-29,350.0,300.0,53.82,52.51,54.09,51.15,53.6,53.98,54.7,0.1599999999999966,-0.11000000000000654,0.37999999999999545,0.720000000000006,0.9971509971509971,0.39473684210526316,0.6024141550457339,0.5100653594771174,0.7328455284552859,358300000000,19700000000,5.498185877756071,201685294.0
mirae_asset,미래에셋증권/2우B,미래에셋증권,미래에셋증권2우B,2021,2021-12-29,2021-12-29,297.8198,297.8198,43.06,44.34,45.71,47.19,46.85,46.13,46.61,3.0700000000000003,0.4200000000000017,-0.7199999999999989,0.4799999999999969,6.362311471907711,3.6231119221411188,2.7391995497665924,4.6750413180711945,6.434853589598646,44205800000000,3098600000000,7.009487442824244,13259447190.0
mirae_asset_pref,미래에셋증권/우,미래에셋증권,미래에셋증권우,2021,2021-12-29,2021-12-29,327.3638,297.8198,34.47,35.02,36.7,36.1,35.63,33.94,34.07,-0.5300000000000011,-2.760000000000005,-1.6900000000000048,0.13000000000000256,6.076922220159644,3.6231119221411188,2.4538102980185252,0.9983524748899129,3.1711961560203505,44205800000000,339900000000,0.7689036280307109,4626258041.0
namyang_dairy,남양유업,남양유업,남양유업우,2021,2021-12-29,2021-12-29,103.7649,100.0,49.78,51.35,47.89,52.24,51.62,51.81,51.86,2.030000000000001,3.9200000000000017,0.19000000000000483,0.04999999999999716,0.4827621661859124,0.23364485981308408,0.24911730637282828,2.162629382716041,2.2809972906403857,297600000000,73800000000,24.798387096774192,308281850.0
nexen_tire,넥센타이어,넥센타이어,넥센타이어1우B,2021,2021-12-29,2021-12-29,110.0,105.0,55.11,55.7,52.59,52.79,51.75,52.24,52.39,-2.8699999999999974,-0.3500000000000014,0.490000000000002,0.14999999999999858,3.293413173652695,1.411290322580645,1.8821228510720496,-1.9872961058045533,-1.274978292329962,710000000000,28400000000,4.0,45546689.0
nh_investment,NH투자증권,NH투자증권,NH투자증권우,2021,2021-12-29,2021-12-29,1100.0,1050.0,5.58,3.1,3.21,3.76,4.85,6.62,6.32,1.04,3.41,1.7700000000000005,-0.2999999999999998,9.282700421940929,8.366533864541832,0.9161665573990965,1.989721115537849,9.125882352941177,13434200000000,535900000000,3.989072665287103,2377555232.0
s_oil,S-Oil,S-Oil,S-Oil우,2021,2021-12-29,2021-12-29,2825.0,2800.0,42.67,39.0,34.42,37.18,36.66,34.64,36.1,-8.030000000000001,0.21999999999999886,-2.019999999999996,1.4600000000000009,4.379844961240311,2.488888888888889,1.8909560723514216,-6.8771759259259255,-4.861704035874439,13307300000000,225200000000,1.6923042239973547,1363291359.0
samsung_ct,삼성물산,삼성물산,삼성물산우B,2021,2021-12-29,2021-12-29,4250.0,4200.0,9.43,5.58,7.27,9.36,6.03,7.2,7.76,-2.2299999999999995,-0.0699999999999994,1.17,0.5599999999999996,3.8461538461538463,3.4426229508196724,0.403530895334174,-1.9168189806678377,1.3750847457627131,65678400000000,328700000000,0.5004689517406027,1525223394.0
samsung_elec,삼성전자,삼성전자,삼성전자우,2021,2021-12-29,2021-12-29,362.0,361.0,8.31,5.97,7.8,9.15,9.7,9.84,9.01,1.5299999999999994,2.04,0.14000000000000057,-0.8300000000000001,0.5468277945619335,0.5,0.046827794561933506,1.5737863871201778,1.9789165628891645,1587264600000000,148759600000000,9.372073188049427,701114439976.0
samsung_electro,삼성전기,삼성전기,삼성전기우,2021,2021-12-29,2021-12-29,2150.0,2100.0,45.54,41.07,44.93,44.88,44.65,45.62,46.19,0.0799999999999983,0.6899999999999977,0.9699999999999989,0.5700000000000003,2.3783185840707963,1.2650602409638554,1.113258343106941,0.6038249088066721,1.1868041237113403,68494100000000,1109000000000,1.619117559030632,25204450647.0
samsung_fire,삼성화재,삼성화재,삼성화재우,2021,2021-12-29,2021-12-29,12005.0,12000.0,26.46,24.2,16.5,16.47,18.88,21.62,21.17,-4.84,5.120000000000001,2.740000000000002,-0.4499999999999993,6.801699716713881,5.0,1.8016997167138808,-3.60047619047619,0.5692792792792787,21877300000000,1135200000000,5.188940134294452,7168406735.0
samsung_sdi,삼성SDI,삼성SDI,삼성SDI우,2021,2021-12-29,2021-12-29,1050.0,977.126,47.06,49.59,51.37,49.18,47.07,47.93,47.51,0.8699999999999974,-3.4399999999999977,0.8599999999999994,-0.4200000000000017,0.2916666666666667,0.143695,0.14797166666666667,0.9495218926095745,1.0275576036866312,55926400000000,555700000000,0.9936273387881216,9648202882.0
sebang,세방,세방,세방우,2021,2021-12-29,2021-12-29,205.0,200.0,41.99,42.97,34.98,37.96,37.95,37.46,37.96,-4.530000000000001,2.480000000000004,-0.490000000000002,0.5,2.9327610872675254,1.6597510373443984,1.273010049923127,-3.843448275862066,-2.795084745762715,304300000000,38700000000,12.717712783437396,69159619.0
sk,SK,SK,SK우,2021,2021-12-29,2021-12-29,6550.0,6500.0,11.26,9.46,15.61,14.01,12.7,11.94,12.75,0.6799999999999997,-3.67,-0.7599999999999998,0.8100000000000005,2.817204301075269,2.480916030534351,0.33628827054091764,1.0090763052208835,3.2409784735812135,39369000000000,211200000000,0.5364626990779547,1612293529.0
sk_chemicals,SK케미칼,SK케미칼,SK케미칼우,2021,2021-12-29,2021-12-29,3050.0,3000.0,22.74,40.22,44.73,43.25,39.67,41.03,40.73,18.290000000000003,-3.6999999999999957,1.3599999999999994,-0.30000000000000426,2.2344322344322345,1.698110003566031,0.5363222308662035,19.128852459016397,20.250353697749194,975600000000,57200000000,5.8630586305863055,151575171.0
sk_discovery,SK디스커버리,SK디스커버리,SK디스커버리우,2021,2021-12-29,2021-12-29,1550.0,1500.0,16.52,19.57,23.76,24.05,21.23,21.85,22.31,5.330000000000002,-1.9100000000000001,0.620000000000001,0.4599999999999973,4.116865869853918,3.325942350332594,0.7909235195213236,6.148112798264641,8.585042016806721,1051800000000,52500000000,4.991443240159726,171104200.0
sk_innovation,SK이노베이션,SK이노베이션,SK이노베이션우,2021,2021-12-29,2021-12-29,48.3581,0.0104,39.69,37.3,38.01,36.79,35.37,39.23,40.18,-0.46000000000000085,1.2199999999999989,3.8599999999999994,0.9500000000000028,0.031948850760764,4.143640905704279e-06,0.03194470711985829,-0.4399442735047643,-0.43994132184686663,23295500000000,94500000000,0.40565774505805846,608843965.0
solus,솔루스첨단소재/1우,솔루스첨단소재,솔루스첨단소재1우,2021,2021-12-29,2021-12-29,50.5,48.1708,73.28,73.14,74.18,74.72,74.14,73.84,72.81,0.5600000000000023,-0.3400000000000034,-0.29999999999999716,-1.0300000000000011,0.505,0.12869913703278207,0.3763008629672179,0.653605752768641,0.6831933644375283,938100000000,44000000000,4.690331521159791,552278447.0
solus_2pref,솔루스첨단소재/2우B,솔루스첨단소재,솔루스첨단소재2우B,2021,2021-12-29,2021-12-29,50.0,48.1708,59.32,62.72,68.76,65.36,65.84,66.89,66.15,7.57,-1.8700000000000045,1.0499999999999972,-0.7399999999999949,0.3284072249589491,0.12869913703278207,0.19970808792616704,7.6532096962542155,7.690697959376031,938100000000,13500000000,1.4390789894467542,289745889.0
amore_holdings,아모레G,아모레퍼시픽홀딩스,아모레퍼시픽홀딩스우,2022,2022-12-28,2022-12-28,210.0,205.0,54.89,60.31,59.24,60.12,59.76,61.38,61.5,6.490000000000002,2.1400000000000006,1.6200000000000045,0.11999999999999744,1.7500000000000002,0.7706766917293233,0.9793233082706768,6.852266611180475,7.068620689655177,2072000000000,76600000000,3.696911196911197,180063238.0
amore_holdings_3pref,아모레G/3우B(전환),아모레퍼시픽홀딩스,아모레퍼시픽홀딩스3우B,2022,2022-12-28,2022-12-28,667.0,205.0,14.29,17.15,16.59,18.77,19.37,23.31,21.05,9.02,6.719999999999999,3.9399999999999977,-2.259999999999998,2.9254385964912277,0.7706766917293233,2.1547619047619047,10.434649743376333,10.860344827586207,2072000000000,168400000000,8.127413127413128,158421009.0
amorepacific,아모레퍼시픽,아모레퍼시픽,아모레퍼시픽우,2022,2022-12-28,2022-12-28,685.0,680.0,59.03,61.85,61.76,65.06,65.25,65.76,65.89,6.730000000000004,4.000000000000007,0.5100000000000051,0.12999999999999545,1.623222748815166,0.6601941747572815,0.9630285740578843,7.0508123846044555,7.213816254416969,7598200000000,484100000000,6.371245821378747,1027015362.0
bookook_sec,부국증권,부국증권,부국증권우,2022,2022-12-28,2022-12-28,1550.0,1500.0,10.7,1.37,1.29,1.77,2.04,1.53,-1.1,-9.17,0.24,-0.51,-2.63,8.072916666666668,6.976744186046512,1.0961724806201556,-8.760941828254847,-1.2370843989769806,778800000000,108800000000,13.970210580380071,257323826.0
byc,BYC,BYC,BYC우,2022,2022-12-28,2022-12-28,305.0,300.0,60.34,62.57,62.37,61.16,60.8,61.9,61.81,1.5599999999999952,-0.46999999999999886,1.1000000000000014,-0.0899999999999963,2.040133779264214,0.7957559681697612,1.2443778110944528,2.072398921832878,2.373903743315509,306700000000,70600000000,23.019237039452236,73590341.0
cj,CJ/우,CJ,CJ우,2022,2022-12-28,2022-12-28,2550.0,2500.0,32.81,35.59,35.33,37.55,39.0,39.5,41.75,6.689999999999998,4.170000000000002,0.5,2.25,5.36842105263158,3.536067892503536,1.8323531601280432,7.969702970297021,9.74702280912365,6346000000000,202300000000,3.1878348566025845,319652465.0
cj_4pref,CJ/4우(전환),CJ,CJ4우,2022,2022-12-28,2022-12-28,2500.0,2500.0,7.92,7.58,8.6,11.65,12.64,12.36,13.57,4.4399999999999995,3.76,-0.28000000000000114,1.2100000000000009,3.840245775729647,3.536067892503536,0.30417788322611095,4.827524752475247,7.446146458583433,6346000000000,798400000000,12.581153482508666,1441801071.0
cj_cheiljedang,CJ제일제당,CJ제일제당,CJ제일제당우,2022,2022-12-28,2022-12-28,2550.0,2500.0,58.29,60.23,56.71,54.89,55.88,55.86,56.63,-2.4299999999999997,-0.8500000000000014,-0.020000000000003126,0.7700000000000031,1.5133531157270028,0.6188118811881188,0.894541234538884,-2.0514678899082526,-1.7665625000000063,3485000000000,180900000000,5.190817790530847,578918194.0
daeduck_electronics,대덕전자,대덕전자,대덕전자1우,2022,2022-12-28,2022-12-28,405.0,400.0,55.32,59.41,54.74,52.13,46.94,46.53,46.13,-8.79,-8.21,-0.4099999999999966,-0.3999999999999986,4.120040691759918,1.8181818181818181,2.3018588735781007,-7.82,-6.780396039603964,5964600000000,66700000000,1.1182644267846964,902467323.0
daekyo,대교,대교,대교우B,2022,2022-12-28,2022-12-28,15.0,,26.62,28.89,30.55,28.25,31.25,29.18,31.58,2.5599999999999987,-1.370000000000001,-2.0700000000000003,2.3999999999999986,0.8571428571428572,,,,3.1465369649805446,121100000000,19800000000,16.35012386457473,23757503.0
daishin_sec,대신증권/우,대신증권,대신증권우,2022,2022-12-28,2022-12-28,1250.0,1200.0,3.91,5.4,7.14,6.85,7.12,8.19,9.81,4.279999999999999,1.0499999999999998,1.0699999999999994,1.620000000000001,9.25925925925926,8.540925266903916,0.7183339923553439,5.383680297397769,12.813549488054605,1954000000000,598300000000,30.619242579324464,2174587756.0
daishin_sec_2pref,대신증권/2우B,대신증권,대신증권2우B,2022,2022-12-28,2022-12-28,1200.0,1200.0,6.41,8.27,10.54,10.62,11.53,11.26,11.7,4.85,0.7200000000000006,-0.2699999999999996,0.4399999999999995,9.125475285171103,8.540925266903916,0.5845500182671881,5.857657992565056,13.043924914675767,1954000000000,222500000000,11.38689866939611,777124479.0
dl_enc_2pref,DL이앤씨/2우(전환),DL이앤씨,DL이앤씨2우(전환),2022,2022-12-28,2022-12-28,1000.0,1000.0,20.53,22.97,29.63,26.93,25.48,25.24,23.64,4.709999999999997,-4.390000000000001,-0.240000000000002,-1.5999999999999979,3.5149384885764503,2.793296089385475,0.7216423991909755,5.411422594142259,7.421153324287651,3881000000000,128200000000,3.3032723524864727,864577112.0
dl_enc_pref,DL이앤씨/우,DL이앤씨,DL이앤씨우,2022,2022-12-28,2022-12-28,1050.0,1000.0,29.61,35.57,37.28,33.33,33.42,32.84,31.81,3.230000000000004,-4.439999999999998,-0.5799999999999983,-1.0300000000000047,4.166666666666666,2.793296089385475,1.3733705772811917,4.281213389121341,6.075210312075981,3881000000000,67100000000,1.7289358412780211,925392562.0
doosan,두산/우,두산,두산우,2022,2022-12-28,2022-12-28,2050.0,2000.0,33.12,38.96,44.4,39.72,41.1,40.68,41.81,7.560000000000002,-3.719999999999999,-0.4200000000000017,1.1300000000000026,3.8317757009345796,2.5,1.3317757009345794,8.629379652605465,10.039806295399522,29424200000000,2821500000000,9.589045751456284,12443343176.0
gs,GS,GS,GS우,2022,2022-12-28,2022-12-28,2550.0,2500.0,19.72,24.35,25.82,21.48,21.88,22.56,23.46,2.84,-3.2600000000000016,0.6799999999999997,0.9000000000000021,7.285714285714286,5.73394495412844,1.551769331585845,4.2300567536889915,8.314371643394203,7303100000000,102600000000,1.4048828579644261,368476671.0
hanjinkal,한진칼,한진칼,한진칼우,2022,2022-12-28,2022-12-28,195.0,170.0,36.84,39.88,28.66,18.28,20.43,17.64,19.25,-19.200000000000003,-11.02,-2.789999999999999,1.6099999999999994,0.781563126252505,0.43037974683544306,0.35118337941706196,-19.060239612541427,-18.70548223350254,7597500000000,17600000000,0.23165514972030274,63622438.0
hanwha,한화,한화,한화3우B,2022,2022-12-28,2022-12-28,800.0,750.0,45.17,47.01,47.68,46.79,46.38,46.31,46.73,1.1400000000000006,-1.3699999999999974,-0.07000000000000028,0.4199999999999946,5.755395683453238,2.9585798816568047,2.7968158017964333,2.607777777777777,4.019189189189191,9835900000000,993500000000,10.100753362681605,2523572712.0
hyundai_motor,현대차/2우B,현대차,현대차2우B,2022,2022-12-28,2022-12-28,6100.0,6000.0,52.81,51.39,51.36,50.46,48.91,48.67,50.13,-4.140000000000001,-2.6899999999999977,-0.23999999999999488,1.4600000000000009,7.201889020070838,3.3426183844011144,3.859270635669724,-2.1521052631578996,-0.27835443037974983,117121400000000,8968200000000,7.657183059628728,51327869559.0
hyundai_motor_3pref,현대차/3우,현대차,현대차3우B,2022,2022-12-28,2022-12-28,6050.0,6000.0,54.65,54.42,53.02,51.8,50.58,50.13,51.3,-4.519999999999996,-2.8900000000000006,-0.44999999999999574,1.1699999999999946,7.4324324324324325,3.3426183844011144,4.089814048031318,-2.511842105263149,-0.6943037974683577,117121400000000,572600000000,0.48889442919910453,3688383382.0
hyundai_motor_pref,현대차/우,현대차,현대차우,2022,2022-12-28,2022-12-28,6050.0,6000.0,52.42,52.12,50.41,50.89,49.17,48.92,50.19,-3.5,-1.4899999999999949,-0.25,1.269999999999996,7.084309133489461,3.3426183844011144,3.7416907490883466,-1.5318421052631592,0.33316455696202496,117121400000000,6010300000000,5.131683876729616,23876662676.0
kolon_industries,코오롱인더,코오롱인더,코오롱인더우,2022,2022-12-28,2022-12-28,1350.0,1300.0,43.15,45.49,45.53,45.16,42.27,43.94,43.4,0.7899999999999991,-1.5900000000000034,1.6699999999999946,-0.5399999999999991,5.378486055776892,2.944507361268403,2.4339786945084896,2.2509433962264183,3.875171624713957,2841900000000,85100000000,2.9944755269362044,630915362.0
korea_investment,한국금융지주,한국금융지주,한국금융지주우,2022,2022-12-28,2022-12-28,2361.5,2300.0,6.37,13.89,16.72,18.19,17.93,17.86,19.51,11.489999999999998,1.1400000000000006,-0.07000000000000028,1.6500000000000021,5.265328874024526,4.801670146137787,0.46365872788673923,12.322920353982301,15.50329931972789,15380400000000,1108400000000,7.206574601440795,3340604453.0
kumho_petro,금호석유,금호석유,금호석유우,2022,2022-12-28,2022-12-28,5450.0,5400.0,29.29,35.56,36.99,34.86,33.21,35.44,37.07,6.149999999999999,-1.5500000000000043,2.229999999999997,1.6300000000000026,6.449704142011835,4.518828451882846,1.9308756901289894,7.5808971553610505,9.973157894736843,3315700000000,175700000000,5.299031878637995,525681394.0
lg,LG,LG,LG우,2022,2022-12-28,2022-12-28,3050.0,3000.0,21.49,24.91,25.68,23.09,21.65,23.08,24.03,1.5899999999999999,-2.6000000000000014,1.4299999999999997,0.9500000000000028,5.091819699499165,3.9318479685452163,1.1599717309539486,2.5277439797211656,5.310976800976803,16131600000000,218600000000,1.3551042674006297,595146865.0
lg_chem,LG화학,LG화학,LG화학우,2022,2022-12-28,2022-12-28,10050.0,10000.0,53.15,53.05,54.73,54.02,52.18,52.71,53.24,-0.4399999999999977,-2.019999999999996,0.5300000000000011,0.5300000000000011,3.865384615384616,1.8018018018018018,2.063582813582814,0.4179611650485384,1.1573248407643248,30001700000000,1486200000000,4.953719289240277,7677886829.0
lg_elec,LG전자,LG전자,LG전자우,2022,2022-12-28,2022-12-28,750.0,700.0,53.04,52.45,53.02,51.84,51.69,52.17,52.4,-0.8699999999999974,-0.8500000000000014,0.480000000000004,0.22999999999999687,1.978891820580475,0.8674101610904585,1.1114816594900165,-0.39955056179774573,-0.029966555183946753,24221200000000,1103300000000,4.555100490479415,11166996771.0
lg_household,LG생활건강,LG생활건강,LG생활건강우,2022,2022-12-28,2022-12-28,4050.0,4000.0,45.09,46.07,57.39,56.1,55.48,55.67,56.56,10.579999999999998,-1.7199999999999989,0.19000000000000483,0.8900000000000006,1.1671469740634006,0.6329113924050633,0.5342355816583373,10.8974826147427,11.140982019363761,4208200000000,246900000000,5.867116581911506,1048198600.0
lotte_chilsung,롯데칠성,롯데칠성,롯데칠성우,2022,2022-12-28,2022-12-28,3305.0,3300.0,56.03,52.13,54.14,54.53,57.66,58.59,58.21,2.5600000000000023,4.450000000000003,0.9300000000000068,-0.38000000000000256,4.817784256559767,2.1153846153846154,2.702399641175151,3.6305960264900605,4.352113821138218,1108800000000,62600000000,5.645743145743146,101673918.0
lx_hausys,LX하우시스,LX하우시스,LX하우시스우,2022,2022-12-28,2022-12-28,250.0,200.0,51.48,55.0,51.33,49.1,47.37,48.37,48.82,-3.1099999999999994,-2.960000000000001,1.0,0.45000000000000284,1.524390243902439,0.591715976331361,0.9326742675710782,-2.653708920187789,-2.335365474339035,358300000000,19700000000,5.498185877756071,201685294.0
mirae_asset,미래에셋증권/2우B,미래에셋증권,미래에셋증권2우B,2022,2022-12-28,2022-12-28,198.5465,198.5465,39.05,42.34,42.71,42.15,41.38,42.39,43.16,3.3400000000000034,-0.3200000000000003,1.009999999999998,0.769999999999996,5.442612390350877,3.3168476445038424,2.125764745847035,4.676106312001821,6.389228764182768,44205800000000,3098600000000,7.009487442824244,13259447190.0
mirae_asset_pref,미래에셋증권/우,미래에셋증권,미래에셋증권우,2022,2022-12-28,2022-12-28,218.2425,198.5465,30.9,35.36,34.33,34.57,33.51,35.28,35.35,4.380000000000003,0.9500000000000028,1.7700000000000031,0.07000000000000028,5.275380710659898,3.3168476445038424,1.958533066156056,5.799819173178065,7.726839926402938,44205800000000,339900000000,0.7689036280307109,4626258041.0
namyang_dairy,남양유업,남양유업,남양유업우,2022,2022-12-28,2022-12-28,103.7649,100.0,46.79,44.73,48.06,48.59,46.99,50.99,51.24,4.200000000000003,2.9299999999999997,4.0,0.25,0.5084769931886117,0.2607561929595828,0.24772080022902893,4.311354175152751,4.4107416666666595,297600000000,73800000000,24.798387096774192,308281850.0
nexen_tire,넥센타이어,넥센타이어,넥센타이어1우B,2022,2022-12-28,2022-12-28,105.0,100.0,60.87,61.79,57.57,58.24,57.72,58.09,56.16,-2.779999999999994,0.5200000000000031,0.37000000000000455,-1.9300000000000068,3.763440860215054,1.402524544179523,2.3609163160355306,-1.846331360946749,-1.2490087463556776,710000000000,28400000000,4.0,45546689.0
s_oil,S-Oil,S-Oil,S-Oil우,2022,2022-12-28,2022-12-28,3025.0,3000.0,33.73,36.56,32.91,31.93,33.41,33.45,35.57,-0.27999999999999403,0.5400000000000063,0.04000000000000625,2.1199999999999974,5.460288808664259,3.588516746411483,1.8717720622527765,0.9099535423925715,3.110628507295182,13307300000000,225200000000,1.6923042239973547,1363291359.0
samsung_ct,삼성물산,삼성물산,삼성물산우B,2022,2022-12-28,2022-12-28,2350.0,2300.0,9.72,11.76,9.43,9.5,8.44,9.21,10.17,-0.5099999999999998,-0.21999999999999886,0.7700000000000014,0.9599999999999991,2.432712215320911,2.149532710280374,0.2831795050405369,-0.2916723549488065,1.451548117154811,65678400000000,328700000000,0.5004689517406027,1525223394.0
samsung_elec,삼성전자,삼성전자,삼성전자우,2022,2022-12-28,2022-12-28,362.0,361.0,10.69,9.23,10.13,9.92,8.45,9.64,9.36,-1.049999999999999,-0.4900000000000002,1.1900000000000013,-0.28000000000000114,0.7342799188640974,0.6539855072463768,0.08029441161772058,-0.9894509776753999,-0.428382099827882,1587264600000000,148759600000000,9.372073188049427,701114439976.0
samsung_electro,삼성전기,삼성전기,삼성전기우,2022,2022-12-28,2022-12-28,2150.0,2100.0,47.86,49.09,51.21,51.23,51.1,50.38,51.94,2.520000000000003,-0.8299999999999983,-0.7199999999999989,1.5599999999999952,3.524590163934426,1.7948717948717947,1.7297183690626314,3.3623071046600472,4.132481203007522,68494100000000,1109000000000,1.619117559030632,25204450647.0
samsung_fire,삼성화재,삼성화재,삼성화재우,2022,2022-12-28,2022-12-28,13805.0,13800.0,18.06,21.57,19.95,21.88,23.26,23.71,25.49,5.650000000000002,3.7600000000000016,0.4499999999999993,1.7799999999999976,8.821086261980831,7.225130890052355,1.5959553719284745,7.293915662650601,12.130140845070425,21877300000000,1135200000000,5.188940134294452,7168406735.0
samsung_sdi,삼성SDI,삼성SDI,삼성SDI우,2022,2022-12-28,2022-12-28,1080.0,1006.4398,50.63,54.76,53.02,54.72,53.08,53.45,52.9,2.8200000000000003,0.4299999999999997,0.37000000000000455,-0.5500000000000043,0.39344262295081966,0.18101435251798562,0.21242827043283402,2.9136610440905173,2.988589743589735,55926400000000,555700000000,0.9936273387881216,9648202882.0
sebang,세방,세방,세방우,2022,2022-12-28,2022-12-28,305.0,300.0,51.88,54.8,65.94,70.36,71.29,71.88,73.25,19.999999999999993,5.939999999999998,0.5899999999999892,1.3700000000000045,4.183813443072702,1.9801980198019802,2.203615423270722,20.76912280701753,21.05402777777777,304300000000,38700000000,12.717712783437396,69159619.0
sk,SK,SK,SK우,2022,2022-12-28,2022-12-28,3550.0,3500.0,13.9,18.76,16.67,14.11,12.53,14.32,13.49,0.41999999999999993,-2.3500000000000014,1.790000000000001,-0.8300000000000001,2.0461095100864557,1.7369727047146404,0.3091368053718152,0.6979899497487434,2.1740740740740723,39369000000000,211200000000,0.5364626990779547,1612293529.0
sk_chemicals,SK케미칼,SK케미칼,SK케미칼우,2022,2022-12-28,2022-12-28,1150.0,1100.0,54.06,55.81,54.22,50.71,49.24,49.31,49.81,-4.75,-4.909999999999997,0.07000000000000028,0.5,2.7122641509433962,1.191765980498375,1.5204981704450216,-3.9967088607594974,-3.310936329588017,975600000000,57200000000,5.8630586305863055,151575171.0
sk_discovery,SK디스커버리,SK디스커버리,SK디스커버리우,2022,2022-12-28,2022-12-28,1200.0,1200.0,7.06,7.62,9.01,9.71,9.3,9.49,8.06,2.4300000000000006,0.4800000000000004,0.1899999999999995,-1.4299999999999997,4.240282685512367,3.9408866995073892,0.2993959860049786,2.794604200323101,6.159284603421461,1051800000000,52500000000,4.991443240159726,171104200.0
sk_innovation,SK이노베이션,SK이노베이션,SK이노베이션우,2022,2022-12-28,2022-12-28,50.0,,38.0,38.79,38.39,39.33,38.61,36.57,37.23,-1.4299999999999997,-1.8200000000000003,-2.039999999999999,0.6599999999999966,0.05529138560212319,,,,-1.3933607019660812,23295500000000,94500000000,0.40565774505805846,608843965.0
solus,솔루스첨단소재/1우,솔루스첨단소재,솔루스첨단소재1우,2022,2022-12-28,2022-12-28,50.5,50.0,73.04,74.35,74.83,74.05,73.24,73.12,73.4,0.0799999999999983,-1.7099999999999937,-0.11999999999999034,0.28000000000000114,1.2066905615292711,0.322061191626409,0.8846293699028621,0.3299999999999983,0.41847176079733117,938100000000,44000000000,4.690331521159791,552278447.0
solus_2pref,솔루스첨단소재/2우B,솔루스첨단소재,솔루스첨단소재2우B,2022,2022-12-28,2022-12-28,50.0,50.0,67.15,72.17,70.53,68.66,66.67,66.78,66.5,-0.37000000000000455,-3.75,0.10999999999999943,-0.28000000000000114,0.9803921568627451,0.322061191626409,0.658330965236336,-0.15000000000000568,-0.04036544850499979,938100000000,13500000000,1.4390789894467542,289745889.0
amore_holdings,아모레G,아모레퍼시픽홀딩스,아모레퍼시픽홀딩스우,2023,2023-12-27,2023-12-27,250.0,245.0,67.35,66.5,65.55,63.76,65.87,65.22,65.2,-2.1299999999999955,-0.3299999999999983,-0.6500000000000057,-0.01999999999999602,2.5025025025025025,0.8006535947712418,1.7018489077312609,-1.5545255218382579,-1.2630434782608688,2072000000000,76600000000,3.696911196911197,180063238.0
amore_holdings_3pref,아모레G/3우B(전환),아모레퍼시픽홀딩스,아모레퍼시픽홀딩스3우B,2023,2023-12-27,2023-12-27,667.0,245.0,33.17,35.1,35.12,34.69,36.57,35.17,35.29,2.0,0.05000000000000426,-1.3999999999999986,0.11999999999999744,3.2616136919315406,0.8006535947712418,2.460960097160299,3.7779038765128945,4.315217391304344,2072000000000,168400000000,8.127413127413128,158421009.0
amorepacific,아모레퍼시픽,아모레퍼시픽,아모레퍼시픽우,2023,2023-12-27,2023-12-27,915.0,910.0,71.27,71.12,72.45,73.39,74.37,74.11,74.13,2.8400000000000034,1.6599999999999966,-0.2600000000000051,0.01999999999999602,2.599431818181818,0.7428571428571429,1.856574675324675,3.337061919730985,3.5048729121278086,7598200000000,484100000000,6.371245821378747,1027015362.0
byc,BYC,BYC,BYC우,2023,2023-12-27,2023-12-27,305.0,300.0,63.81,62.74,66.78,66.45,66.46,66.08,66.66,2.269999999999996,-0.7000000000000028,-0.37999999999999545,0.5799999999999983,2.183249821045097,0.7772020725388601,1.4060477485062366,2.749905100830361,2.9862308598351035,306700000000,70600000000,23.019237039452236,73590341.0
daekyo,대교,대교,대교우B,2023,2023-12-27,2023-12-27,45.0,,31.79,44.88,47.15,35.92,41.13,39.07,39.13,7.280000000000001,-8.079999999999998,-2.0600000000000023,0.060000000000002274,2.7777777777777777,,,,9.095311871227366,121100000000,19800000000,16.35012386457473,23757503.0
dl_enc_2pref,DL이앤씨/2우(전환),DL이앤씨,DL이앤씨2우(전환),2023,2023-12-27,2023-12-27,500.0,500.0,30.15,33.72,35.73,35.3,34.25,33.2,34.12,3.0500000000000043,-2.529999999999994,-1.0499999999999972,0.9199999999999946,2.358490566037736,1.6474464579901154,0.7110441080476207,3.506509695290859,4.412841530054642,3881000000000,128200000000,3.3032723524864727,864577112.0
dl_enc_pref,DL이앤씨/우,DL이앤씨,DL이앤씨우,2023,2023-12-27,2023-12-27,550.0,500.0,42.47,48.2,50.29,48.56,47.1,47.51,47.66,5.039999999999999,-2.780000000000001,0.4099999999999966,0.14999999999999858,3.150057273768614,1.6474464579901154,1.5026108157784985,5.840249307479226,6.54639344262295,3881000000000,67100000000,1.7289358412780211,925392562.0
gs,GS,GS,GS우,2023,2023-12-27,2023-12-27,2550.0,2500.0,11.71,11.17,16.55,13.96,14.3,15.38,14.21,3.67,-1.17,1.08,-1.17,7.193229901269394,6.226650062266501,0.9665798390028929,4.748852867830422,9.65150234741784,7303100000000,102600000000,1.4048828579644261,368476671.0
hanjinkal,한진칼,한진칼,한진칼우,2023,2023-12-27,2023-12-27,325.0,300.0,38.79,45.37,52.78,50.53,53.88,59.37,60.33,20.58,6.589999999999996,5.489999999999995,0.9600000000000009,1.30784708249497,0.7389162561576355,0.5689308263373345,20.869913169319823,21.044293948126807,7597500000000,17600000000,0.23165514972030274,63622438.0
hanwha,한화,한화,한화3우B,2023,2023-12-27,2023-12-27,800.0,750.0,42.18,40.27,44.48,44.28,43.6,44.36,45.22,2.1799999999999997,-0.11999999999999744,0.759999999999998,0.8599999999999994,5.788712011577424,3.1380753138075312,2.6506366977698925,3.7046918489065632,5.271737451737451,9835900000000,993500000000,10.100753362681605,2523572712.0
hanwha_solutions,한화솔루션,한화솔루션,한화솔루션우,2023,2023-12-27,2023-12-27,350.0,300.0,27.46,31.83,30.89,28.82,27.13,33.16,33.55,5.699999999999996,2.269999999999996,6.029999999999998,0.39000000000000057,1.6355140186915886,1.0169491525423728,0.6185648661492158,6.091769331585844,6.610221066319895,8147700000000,71900000000,0.8824576260785252,932607368.0
kolon_industries,코오롱인더,코오롱인더,코오롱인더우,2023,2023-12-27,2023-12-27,1350.0,1300.0,47.3,47.07,45.42,43.79,44.81,46.52,46.41,-0.779999999999994,1.1000000000000014,1.7100000000000009,-0.11000000000000654,5.648535564853557,2.8665931642778393,2.7819424005757174,0.7091012514220765,2.202762430939231,2841900000000,85100000000,2.9944755269362044,630915362.0
korea_investment,한국금융지주,한국금융지주,한국금융지주우,2023,2023-12-27,2023-12-27,2711.5,2650.0,22.85,22.76,26.15,27.44,29.11,29.0,29.58,6.149999999999999,2.8500000000000014,-0.10999999999999943,0.5799999999999983,6.58131067961165,4.962546816479401,1.6187638631322492,7.52468982630273,10.448732171156891,15380400000000,1108400000000,7.206574601440795,3340604453.0
kumho_petro,금호석유,금호석유,금호석유우,2023,2023-12-27,2023-12-27,2950.0,2900.0,51.49,51.07,50.27,49.69,52.57,52.98,52.86,1.4899999999999949,2.7099999999999937,0.4099999999999966,-0.11999999999999744,4.645669291338582,2.2154316271963332,2.4302376641422496,2.6612231282431438,3.6261103047895418,3315700000000,175700000000,5.299031878637995,525681394.0
lg,LG,LG,LG우,2023,2023-12-27,2023-12-27,3150.0,3100.0,27.53,21.11,24.82,26.86,28.14,28.65,27.2,1.1199999999999974,3.8299999999999983,0.509999999999998,-1.4499999999999993,5.113636363636364,3.6470588235294117,1.4665775401069523,2.223521126760563,4.68970554926387,16131600000000,218600000000,1.3551042674006297,595146865.0
lg_chem,LG화학,LG화학,LG화학우,2023,2023-12-27,2023-12-27,3550.0,3500.0,38.32,36.25,38.39,35.59,36.55,35.98,36.42,-2.3400000000000034,-2.4100000000000037,-0.5700000000000003,0.44000000000000483,1.1396468699839486,0.6930693069306931,0.4465775630532556,-2.0674332648870646,-1.6125586136595302,30001700000000,1486200000000,4.953719289240277,7677886829.0
lg_elec,LG전자,LG전자,LG전자우,2023,2023-12-27,2023-12-27,850.0,800.0,55.31,54.81,54.07,53.88,53.56,54.15,54.5,-1.1600000000000037,0.0799999999999983,0.5899999999999963,0.3500000000000014,1.8888888888888888,0.7944389275074478,1.0944499613814411,-0.6729032258064507,-0.30999999999999517,24221200000000,1103300000000,4.555100490479415,11166996771.0
lg_household,LG생활건강,LG생활건강,LG생활건강우,2023,2023-12-27,2023-12-27,3550.0,3500.0,61.72,55.12,57.22,56.09,55.15,54.82,55.61,-6.899999999999999,-2.3999999999999986,-0.3299999999999983,0.7899999999999991,2.0675596971461854,0.7803790412486065,1.287180655897579,-6.329826589595378,-5.883090128755363,4208200000000,246900000000,5.867116581911506,1048198600.0
lotte_chilsung,롯데칠성,롯데칠성,롯데칠성우,2023,2023-12-27,2023-12-27,3405.0,3400.0,48.43,53.88,54.09,53.68,53.43,53.4,54.24,4.969999999999999,-0.6900000000000048,-0.030000000000001137,0.8400000000000034,5.174772036474164,2.664576802507837,2.510195233966327,6.204888438133878,7.224329147389291,1108800000000,62600000000,5.645743145743146,101673918.0
lx_hausys,LX하우시스,LX하우시스,LX하우시스우,2023,2023-12-27,2023-12-27,1750.0,1700.0,56.38,52.16,54.82,47.93,51.21,51.65,50.88,-4.730000000000004,-3.1700000000000017,0.4399999999999977,-0.769999999999996,8.856275303643725,3.7527593818984544,5.10351592174527,-2.524721233689206,-0.7357582668187064,358300000000,19700000000,5.498185877756071,201685294.0
namyang_dairy,남양유업,남양유업,남양유업우,2023,2023-12-27,2023-12-27,105.0,100.0,45.68,45.77,46.84,44.31,43.56,45.96,45.25,0.28000000000000114,-0.8800000000000026,2.3999999999999986,-0.7100000000000009,0.42253521126760557,0.2185792349726776,0.203955976294928,0.36310344827586505,0.4559724612736673,297600000000,73800000000,24.798387096774192,308281850.0
nexen_tire,넥센타이어,넥센타이어,넥센타이어1우B,2023,2023-12-27,2023-12-27,120.0,115.0,62.21,61.21,63.68,58.68,61.82,61.15,60.8,-1.0600000000000023,-2.530000000000001,-0.6700000000000017,-0.3500000000000014,4.081632653061225,1.4781491002570695,2.6034835528041547,-0.11069138906348286,0.42940520446096286,710000000000,28400000000,4.0,45546689.0
s_oil,S-Oil,S-Oil,S-Oil우,2023,2023-12-27,2023-12-27,1525.0,1500.0,32.95,25.9,29.04,24.78,26.55,27.2,28.52,-5.7500000000000036,-1.8399999999999999,0.6499999999999986,1.3200000000000003,2.927063339731286,1.9305019305019304,0.9965614092293555,-5.128002894356012,-3.5944759206798906,13307300000000,225200000000,1.6923042239973547,1363291359.0
samsung_ct,삼성물산,삼성물산,삼성물산우B,2023,2023-12-27,2023-12-27,2600.0,2550.0,21.34,23.52,25.63,24.38,21.59,22.49,22.28,1.1499999999999986,-3.1400000000000006,0.8999999999999986,-0.2099999999999973,3.0660377358490565,2.3654916512059367,0.7005460846431197,1.6453116315998422,3.1736186770428,65678400000000,328700000000,0.5004689517406027,1525223394.0
samsung_elec,삼성전자,삼성전자,삼성전자우,2023,2023-12-27,2023-12-27,362.0,361.0,20.99,19.88,20.36,19.05,20.16,20.5,20.77,-0.48999999999999844,0.14000000000000057,0.33999999999999986,0.2699999999999996,0.6678966789667897,0.5262390670553936,0.1416576119113961,-0.3955535880586041,-0.02133159268929319,1587264600000000,148759600000000,9.372073188049427,701114439976.0
samsung_electro,삼성전기,삼성전기,삼성전기우,2023,2023-12-27,2023-12-27,1200.0,1150.0,51.25,51.09,52.99,52.8,52.54,52.72,52.89,1.4699999999999989,-0.2700000000000031,0.17999999999999972,0.1700000000000017,1.812688821752266,0.8468335787923417,0.9658552429599244,1.9073671901102642,2.264588859416449,68494100000000,1109000000000,1.619117559030632,25204450647.0
samsung_sdi,삼성SDI,삼성SDI,삼성SDI우,2023,2023-12-27,2023-12-27,1050.0,977.126,52.87,48.77,46.81,43.88,46.17,46.42,46.87,-6.449999999999996,-0.39000000000000057,0.25,0.44999999999999574,0.426829268292683,0.18718888888888888,0.23964037940379404,-6.331383686792705,-6.214519015659953,55926400000000,555700000000,0.9936273387881216,9648202882.0
sebang,세방,세방,세방우,2023,2023-12-27,2023-12-27,305.0,300.0,40.18,40.47,39.79,39.87,40.0,40.3,41.58,0.11999999999999744,0.509999999999998,0.29999999999999716,1.2800000000000011,4.552238805970149,2.6785714285714284,1.8736673773987207,1.1775042158516058,2.624276315789473,304300000000,38700000000,12.717712783437396,69159619.0
sk_chemicals,SK케미칼,SK케미칼,SK케미칼우,2023,2023-12-27,2023-12-27,300.0,250.0,53.64,51.77,54.74,53.88,54.2,54.58,54.95,0.9399999999999977,-0.1600000000000037,0.37999999999999545,0.37000000000000455,1.023890784982935,0.39556962025316456,0.6283211647297705,1.2205877920120614,1.390030030030033,975600000000,57200000000,5.8630586305863055,151575171.0
sk_discovery,SK디스커버리,SK디스커버리,SK디스커버리우,2023,2023-12-27,2023-12-27,1250.0,1200.0,24.53,20.97,22.5,22.1,21.33,21.18,21.85,-3.3500000000000014,-1.3200000000000003,-0.14999999999999858,0.6700000000000017,4.1459369817578775,3.0037546933667083,1.1421822883911688,-2.566175710594319,-0.2192230576441112,1051800000000,52500000000,4.991443240159726,171104200.0
solus,솔루스첨단소재/1우,솔루스첨단소재,솔루스첨단소재1우,2023,2023-12-27,2023-12-27,50.5,50.0,77.27,76.94,77.89,72.53,74.81,73.65,74.37,-3.6199999999999903,-4.239999999999995,-1.1599999999999966,0.7199999999999989,1.5349544072948327,0.3454231433506045,1.1895312639442281,-3.321792828685261,-3.218412698412706,938100000000,44000000000,4.690331521159791,552278447.0
solus_2pref,솔루스첨단소재/2우B,솔루스첨단소재,솔루스첨단소재2우B,2023,2023-12-27,2023-12-27,50.0,50.0,68.26,67.76,69.09,55.28,61.24,62.3,63.45,-5.960000000000008,-6.790000000000006,1.0599999999999952,1.1500000000000057,1.088139281828074,0.3454231433506045,0.7427161384774695,-5.710199203187258,-5.561587301587309,938100000000,13500000000,1.4390789894467542,289745889.0
yuanta_sec,유안타증권,유안타증권,유안타증권우,2023,2023-12-27,2023-12-27,230.0,180.0,0.2,-6.13,-0.58,0.0,-3.73,-4.7,-3.59,-4.9,-4.12,-0.9700000000000002,1.1100000000000003,9.274193548387096,7.2434607645875255,2.0307327837995715,-3.1473684210526316,4.105283757338552,1489000000000,63300000000,4.251175285426461,819629083.0
yuhan,유한양행,유한양행,유한양행우,2023,2023-12-27,2023-12-27,460.0,450.0,10.69,-0.79,2.19,-0.67,-1.79,2.06,7.66,-8.629999999999999,-0.1299999999999999,3.85,5.6,0.7278481012658228,0.6359345411378989,0.09191356012792389,-8.6014048486865,-7.939553108710999,7009000000000,88200000000,1.2583820801826224,433596300.0
yuhwa_sec,유화증권,유화증권,유화증권우,2023,2023-12-27,2023-12-27,130.0,120.0,0.23,-2.12,-0.22,1.67,1.05,0.42,3.78,0.18999999999999997,0.64,-0.6300000000000001,3.36,6.018518518518518,5.542725173210162,0.47579334530835626,0.6569179600886919,5.664736842105262,205300000000,60500000000,29.469069654164638,10737422.0
byc,BYC,BYC,BYC우,2024,2024-12-27,2024-12-27,355.0,350.0,60.7,60.03,56.82,55.92,55.6,55.78,56.01,-4.920000000000002,-1.0399999999999991,0.17999999999999972,0.22999999999999687,2.7669524551831643,1.0719754977029097,1.694976957480255,-4.228399311531845,-3.7102040816326536,306700000000,70600000000,23.019237039452236,73590341.0
daekyo,대교,대교,대교우B,2024,2024-12-27,2024-12-27,45.0,,36.78,43.0,48.57,43.41,45.47,43.5,42.22,6.719999999999999,-5.07,-1.9699999999999989,-1.2800000000000011,3.272727272727273,,,,8.46271844660194,121100000000,19800000000,16.35012386457473,23757503.0
dl_enc_2pref,DL이앤씨/2우(전환),DL이앤씨,DL이앤씨2우(전환),2024,2024-12-27,2024-12-27,540.0,540.0,30.25,32.04,33.64,33.64,34.0,34.1,33.96,3.8500000000000014,0.46000000000000085,0.10000000000000142,-0.14000000000000057,2.602409638554217,1.8151260504201678,0.7872835881340489,4.432988072818581,5.521604938271608,3881000000000,128200000000,3.3032723524864727,864577112.0
dl_enc_pref,DL이앤씨/우,DL이앤씨,DL이앤씨우,2024,2024-12-27,2024-12-27,590.0,540.0,47.39,48.77,49.57,49.77,49.55,50.25,50.03,2.8599999999999994,0.6799999999999997,0.7000000000000028,-0.21999999999999886,3.769968051118211,1.8151260504201678,1.9548420006980431,3.8654927809165116,4.677901234567905,3881000000000,67100000000,1.7289358412780211,925392562.0
hanjinkal,한진칼,한진칼,한진칼우,2024,2024-12-27,2024-12-27,385.0,360.0,70.0,70.57,69.01,69.59,68.12,69.07,69.15,-0.9300000000000068,0.05999999999998806,0.9499999999999886,0.0800000000000125,1.5555555555555556,0.4363636363636364,1.119191919191919,-0.5667202572347207,-0.4200000000000017,7597500000000,17600000000,0.23165514972030274,63622438.0
hanwha,한화,한화,한화3우B,2024,2024-12-27,2024-12-27,850.0,800.0,46.82,46.6,46.83,45.38,44.26,44.62,44.04,-2.200000000000003,-2.210000000000001,0.35999999999999943,-0.5799999999999983,5.530253741054001,2.768166089965398,2.762087651088603,-0.7058195211786327,0.8365295169946307,9835900000000,993500000000,10.100753362681605,2523572712.0
hanwha_solutions,한화솔루션,한화솔루션,한화솔루션우,2024,2024-12-27,2024-12-27,350.0,300.0,17.02,11.19,14.57,10.56,5.12,5.76,4.27,-11.26,-8.81,0.6399999999999997,-1.4900000000000002,1.6317016317016315,1.160541586073501,0.4711600456281306,-10.8258748403576,-9.062606516290728,8147700000000,71900000000,0.8824576260785252,932607368.0
kolon_industries,코오롱인더,코오롱인더,코오롱인더우,2024,2024-12-27,2024-12-27,1350.0,1300.0,39.61,35.08,31.47,31.59,32.18,32.38,32.18,-7.229999999999997,0.9100000000000037,0.20000000000000284,-0.20000000000000284,6.235565819861432,3.626220362622036,2.609345457239396,-5.553060498220638,-2.637210884353742,2841900000000,85100000000,2.9944755269362044,630915362.0
kumho_petro,금호석유,금호석유,금호석유우,2024,2024-12-27,2024-12-27,2250.0,2200.0,56.05,54.28,47.3,46.88,45.87,44.38,45.9,-11.669999999999995,-2.9199999999999946,-1.4899999999999949,1.519999999999996,3.2420749279538903,1.3932868904369855,1.848788037516905,-10.508239277652365,-9.188766519823787,3315700000000,175700000000,5.299031878637995,525681394.0
namyang_dairy,남양유업,남양유업,남양유업우,2024,2024-12-27,2024-12-27,105.0,100.0,36.79,34.66,42.42,41.47,39.6,36.67,36.75,-0.11999999999999744,-5.75,-2.9299999999999997,0.0799999999999983,0.31343283582089554,0.18867924528301888,0.12475359053787664,-0.05198630136986537,0.05615384615384755,297600000000,73800000000,24.798387096774192,308281850.0
samsung_ct,삼성물산,삼성물산,삼성물산우B,2024,2024-12-27,2024-12-27,2650.0,2600.0,24.96,21.79,24.8,22.58,22.47,24.06,23.58,-0.9000000000000021,-0.740000000000002,1.5899999999999999,-0.4800000000000004,2.5628626692456478,1.8867924528301887,0.6760702164154593,-0.3078260869565206,1.3580272108843516,65678400000000,328700000000,0.5004689517406027,1525223394.0
samsung_elec,삼성전자,삼성전자,삼성전자우,2024,2024-12-27,2024-12-27,364.0,363.0,17.24,19.0,13.96,16.64,16.67,16.7,16.57,-0.5399999999999991,2.7399999999999984,0.029999999999997584,-0.129999999999999,0.7151277013752456,0.5902439024390244,0.1248837989362212,-0.42650562578657514,0.13686567164179309,1587264600000000,148759600000000,9.372073188049427,701114439976.0
samsung_electro,삼성전기,삼성전기,삼성전기우,2024,2024-12-27,2024-12-27,1850.0,1800.0,52.3,51.27,50.45,53.94,54.5,54.17,54.46,1.8700000000000045,3.719999999999999,-0.3299999999999983,0.28999999999999915,2.9272151898734178,1.3584905660377358,1.5687246238356818,2.6959709911361784,3.339396346306593,68494100000000,1109000000000,1.619117559030632,25204450647.0
samsung_sdi,삼성SDI,삼성SDI,삼성SDI우,2024,2024-12-27,2024-12-27,1050.0,977.126,40.55,38.53,40.92,39.65,40.24,41.17,41.41,0.6200000000000045,0.25,0.9299999999999997,0.23999999999999488,0.46666666666666673,0.258157463672391,0.20850920299427567,0.8172405111404402,1.0491902834008116,55926400000000,555700000000,0.9936273387881216,9648202882.0
sebang,세방,세방,세방우,2024,2024-12-27,2024-12-27,305.0,300.0,39.77,35.34,33.95,29.35,29.82,30.76,32.37,-9.010000000000002,-3.1900000000000013,0.9400000000000013,1.6099999999999959,3.880407124681934,2.2988505747126435,1.58155654996929,-8.136425992779788,-6.33414762741652,304300000000,38700000000,12.717712783437396,69159619.0
solus,솔루스첨단소재/1우,솔루스첨단소재,솔루스첨단소재1우,2024,2024-12-27,2024-12-27,11.0,10.0,79.2,77.39,77.43,78.47,78.03,76.96,76.45,-2.240000000000009,-0.4700000000000131,-1.0700000000000074,-0.5099999999999909,0.4230769230769231,0.08,0.34307692307692306,-2.1312424607961447,-2.103614457831327,938100000000,44000000000,4.690331521159791,552278447.0
solus_2pref,솔루스첨단소재/2우B,솔루스첨단소재,솔루스첨단소재2우B,2024,2024-12-27,2024-12-27,10.0,10.0,52.88,51.59,46.56,52.74,53.36,49.94,49.57,-2.940000000000005,3.3799999999999955,-3.4200000000000017,-0.36999999999999744,0.1697792869269949,0.08,0.0897792869269949,-2.8800000000000026,-2.819759036144582,938100000000,13500000000,1.4390789894467542,289745889.0
yuhwa_sec,유화증권,유화증권,유화증권우,2024,2024-12-27,2024-12-27,170.0,160.0,1.13,-1.58,1.33,0.88,1.1,1.74,2.7,0.6100000000000001,0.4099999999999999,0.6399999999999999,0.9600000000000002,7.780320366132723,7.239819004524888,0.5405013616078356,1.2119203747072604,8.020326797385621,205300000000,60500000000,29.469069654164638,10737422.0
byc,BYC,BYC,BYC우,2025,2025-12-29,2025-12-29,405.0,400.0,36.05,39.2,41.21,44.41,40.87,41.16,41.29,5.109999999999999,-0.05000000000000426,0.28999999999999915,0.13000000000000256,1.6363636363636365,1.03359173126615,0.6027719050974866,5.518862275449109,6.0733689205219505,306700000000,70600000000,23.019237039452236,73590341.0
daekyo,대교,대교,대교우B,2025,2025-12-29,2025-12-29,60.0,60.0,40.9,38.03,38.29,35.27,36.54,33.98,35.11,-6.920000000000002,-4.310000000000002,-2.5600000000000023,1.1300000000000026,4.8,2.8368794326241136,1.9631205673758867,-5.818918918918918,-3.77958115183246,121100000000,19800000000,16.35012386457473,23757503.0
korea_circuit,코리아써키트/우,코리아써키트,코리아써키트우,2025,2025-12-29,2025-12-29,105.0,100.0,59.3,61.74,67.26,68.24,68.97,71.27,70.45,11.969999999999999,4.009999999999991,2.299999999999997,-0.8199999999999932,1.5578635014836795,0.6038647342995169,0.9539987671841628,12.162499999999994,12.233665835411472,2451000000000,71200000000,2.9049367605059158,71846911.0
korea_circuit_2pref,코리아써키트/2우B,코리아써키트,코리아써키트2우B,2025,2025-12-29,2025-12-29,105.0,100.0,61.47,62.37,72.35,74.82,73.62,76.26,77.07,14.790000000000006,3.910000000000011,2.6400000000000006,0.8099999999999881,1.6457680250783697,0.6038647342995169,1.041903290778853,14.992500000000007,15.051197007481306,2451000000000,14700000000,0.5997552019583843,61321701.0
kumho_petro,금호석유,금호석유,금호석유우,2025,2025-12-29,2025-12-29,1750.0,1700.0,45.9,48.71,45.85,48.67,49.53,48.21,49.3,2.3100000000000023,2.3599999999999994,-1.3200000000000003,1.0899999999999963,3.119429590017825,1.639344262295082,1.480085327722743,3.0247311827956977,3.7329526916802607,3315700000000,175700000000,5.299031878637995,525681394.0
namyang_dairy,남양유업,남양유업,남양유업우,2025,2025-12-29,2025-12-29,1433.0,1428.0,33.64,34.37,33.37,31.57,33.17,33.37,33.66,-0.2700000000000031,0.0,0.19999999999999574,0.28999999999999915,3.926027397260274,2.596363636363636,1.3296637608966377,0.695239168948298,2.53025440313111,297600000000,73800000000,24.798387096774192,308281850.0
samsung_ct,삼성물산,삼성물산,삼성물산우B,2025,2025-12-29,2025-12-29,2850.0,2800.0,34.27,36.99,36.31,39.41,39.84,39.09,39.54,4.82,2.780000000000001,-0.75,0.44999999999999574,2.307692307692308,1.4901543374135178,0.81753797027879,5.296680689945305,6.0002702702702635,65678400000000,328700000000,0.5004689517406027,1525223394.0
samsung_elec,삼성전자,삼성전자,삼성전자우,2025,2025-12-29,2025-12-29,567.0,566.0,21.73,21.49,25.37,24.06,21.64,24.36,24.85,2.629999999999999,-1.0100000000000016,2.719999999999999,0.490000000000002,0.8696319018404909,0.6794717887154862,0.19016011312500467,2.7482451861140227,3.1135897435897455,1587264600000000,148759600000000,9.372073188049427,701114439976.0
samsung_electro,삼성전기,삼성전기,삼성전기우,2025,2025-12-29,2025-12-29,2400.0,2350.0,55.71,56.45,54.1,52.43,52.85,53.67,54.49,-2.039999999999999,-0.4299999999999997,0.8200000000000003,0.8200000000000003,2.8268551236749118,1.2258737610850288,1.600981362589883,-1.5311572180011765,-1.1154054054054114,68494100000000,1109000000000,1.619117559030632,25204450647.0
sebang,세방,세방,세방우,2025,2025-12-29,2025-12-29,305.0,300.0,34.89,36.72,35.0,39.1,37.67,36.41,35.91,1.519999999999996,1.4099999999999966,-1.2600000000000051,-0.5,3.4192825112107625,2.18978102189781,1.2295014893129521,2.2964406779661033,3.5485382059800656,304300000000,38700000000,12.717712783437396,69159619.0
solus,솔루스첨단소재/1우,솔루스첨단소재,솔루스첨단소재1우,2025,2025-12-29,2025-12-29,11.0,10.0,76.73,79.03,74.94,73.8,73.56,73.23,72.25,-3.5,-1.7099999999999937,-0.3299999999999983,-0.980000000000004,0.6090808416389812,0.12886597938144329,0.48021486225753796,-3.3877540106951898,-3.352162883845125,938100000000,44000000000,4.690331521159791,552278447.0
solus_2pref,솔루스첨단소재/2우B,솔루스첨단소재,솔루스첨단소재2우B,2025,2025-12-29,2025-12-29,10.0,10.0,53.99,57.79,56.32,54.87,51.74,52.0,51.47,-1.990000000000002,-4.32,0.259999999999998,-0.5300000000000011,0.2801120448179272,0.12886597938144329,0.1512460654364839,-1.9178074866310126,-1.8538184245660858,938100000000,13500000000,1.4390789894467542,289745889.0
