date,pairId,pairName,action,price,shares,notional,fee,spread,cashAfter,reason,signalDate,signalBuySpread,signalSellSpread
1996-06-26,yuhwa_sec,유화증권,BUY_INIT,1230.0,2683,3300090.0,33000.9,87.46,6666909.1,,,,
1996-06-26,namyang_dairy,남양유업,BUY_INIT,2589.0,1274,3298386.0,32983.86,65.25,3335539.2399999998,,,,
1996-06-26,samsung_elec,삼성전자,BUY_INIT,628.0,5255,3300140.0,33001.4,53.62,2397.839999999851,,,,
1996-07-12,samsung_elec,삼성전자,SELL,686.0,5255,3604930.0,36049.3,50.15,3571278.54,rebalance_out,1996-07-10,,
1996-07-12,korea_circuit,코리아써키트/우,BUY,589.0,5879,3462731.0,34627.31,63.98,73920.22999999998,rebalance_in,1996-07-10,62.86,50.71
1997-05-23,namyang_dairy,남양유업,SELL,2836.0,1274,3613064.0,36130.64,72.99,3650853.59,rebalance_out,1997-05-13,,
1997-05-23,lg,LG,BUY,5350.0,573,3065550.0,30655.5,59.69,554648.0899999999,rebalance_in,1997-05-13,63.78,73.19
1997-07-28,lg,LG,SELL,5700.0,573,3266100.0,32661.0,63.66,3788087.09,rebalance_out,1997-07-23,,
1997-07-28,namyang_dairy,남양유업,BUY,2757.0,1168,3220176.0,32201.760000000002,71.58,535709.3300000001,rebalance_in,1997-07-23,68.63,65.09
1997-09-12,namyang_dairy,남양유업,SELL,2678.0,1168,3127904.0,31279.04,74.25,3632334.29,rebalance_out,1997-09-10,,
1997-09-12,lg,LG,BUY,6600.0,483,3187800.0,31878.0,62.86,412656.29000000004,rebalance_in,1997-09-10,63.31,73.06
1997-10-01,lg,LG,SELL,5960.0,483,2878680.0,28786.8,62.79,3262549.49,rebalance_out,1997-09-30,,
1997-10-01,lotte_chilsung,롯데칠성,BUY,2650.0,1218,3227700.0,32277.0,75.69,2572.4900000002235,rebalance_in,1997-09-30,76.15,62.67
1997-11-05,lotte_chilsung,롯데칠성,SELL,2400.0,1218,2923200.0,29232.0,72.41,2896540.49,rebalance_out,1997-10-07,,
1997-11-05,namyang_dairy,남양유업,BUY,2224.0,1289,2866736.0,28667.36,77.05,1137.130000000354,rebalance_in,1997-10-07,75.29,72.17
1997-11-12,korea_circuit,코리아써키트/우,SELL,720.0,5879,4232880.0,42328.8,77.01,4191688.3300000005,rebalance_out,1997-11-11,,
1997-11-12,lotte_chilsung,롯데칠성,BUY,1960.0,1381,2706760.0,27067.600000000002,76.3,1457860.7300000004,rebalance_in,1997-11-11,75.5,76.59
1997-11-15,lotte_chilsung,롯데칠성,SELL,1810.0,1381,2499610.0,24996.100000000002,78.4,3932474.6300000004,rebalance_out,1997-11-14,,
1997-11-15,korea_circuit,코리아써키트/우,BUY,720.0,3673,2644560.0,26445.600000000002,77.28,1261469.0300000003,rebalance_in,1997-11-14,76.92,76.83
1997-11-17,korea_circuit,코리아써키트/우,SELL,672.0,3673,2468256.0,24682.56,78.13,3705042.47,rebalance_out,1997-11-15,,
1997-11-17,lotte_chilsung,롯데칠성,BUY,1810.0,1419,2568390.0,25683.9,76.74,1110968.5700000003,rebalance_in,1997-11-15,78.4,77.28
1997-11-18,lotte_chilsung,롯데칠성,SELL,1850.0,1419,2625150.0,26251.5,75.97,3709867.0700000003,rebalance_out,1997-11-17,,
1997-11-18,korea_circuit,코리아써키트/우,BUY,718.0,3577,2568286.0,25682.86,75.92,1115898.2100000004,rebalance_in,1997-11-17,78.13,76.74
1997-11-20,korea_circuit,코리아써키트/우,SELL,734.0,3577,2625518.0,26255.18,74.83,3715161.0300000003,rebalance_out,1997-11-18,,
1997-11-20,lotte_chilsung,롯데칠성,BUY,1750.0,1458,2551500.0,25515.0,78.1,1138146.0300000003,rebalance_in,1997-11-18,75.97,75.92
1997-12-02,lotte_chilsung,롯데칠성,SELL,1550.0,1458,2259900.0,22599.0,69.18,3375447.0300000003,rebalance_out,1997-11-29,,
1997-12-02,korea_circuit,코리아써키트/우,BUY,650.0,3441,2236650.0,22366.5,72.42,1116430.5300000003,rebalance_in,1997-11-29,74.88,73.02
1997-12-05,korea_circuit,코리아써키트/우,SELL,597.0,3441,2054277.0,20542.77,76.36,3150164.7600000002,rebalance_out,1997-12-04,,
1997-12-05,hyundai_motor_pref,현대차/우,BUY,5010.0,447,2239470.0,22394.7,79.38,888300.06,rebalance_in,1997-12-04,79.38,74.46
1997-12-24,namyang_dairy,남양유업,SELL,2273.0,1289,2929897.0,29298.97,58.75,3788898.09,rebalance_out,1997-12-23,,
1997-12-24,korea_circuit,코리아써키트/우,BUY,473.0,4329,2047617.0,20476.170000000002,72.37,1720804.92,rebalance_in,1997-12-23,75.41,64.3
1998-01-21,hyundai_motor_pref,현대차/우,SELL,7640.0,447,3415080.0,34150.8,72.32,5101734.12,rebalance_out,1998-01-20,,
1998-01-21,byc,BYC,BUY,1970.0,1416,2789520.0,27895.2,78.45,2284318.92,rebalance_in,1998-01-20,77.42,72.24
1998-02-24,byc,BYC,SELL,1800.0,1416,2548800.0,25488.0,75.0,4807630.92,rebalance_out,1998-02-23,,
1998-02-24,lotte_chilsung,롯데칠성,BUY,1530.0,1841,2816730.0,28167.3,79.79,1962733.62,rebalance_in,1998-02-23,78.76,75.34
1998-03-21,lotte_chilsung,롯데칠성,SELL,1670.0,1841,3074470.0,30744.7,77.88,5006458.92,rebalance_out,1998-03-20,,
1998-03-21,namyang_dairy,남양유업,BUY,1858.0,1977,3673266.0,36732.66,81.33,1296460.2599999998,rebalance_in,1998-03-20,80.96,78.5
1998-05-20,korea_circuit,코리아써키트/우,SELL,1051.0,4329,4549779.0,45497.79,69.18,5800741.47,rebalance_out,1998-05-19,,
1998-05-20,lg,LG,BUY,2700.0,1363,3680100.0,36801.0,74.88,2083840.4699999997,rebalance_in,1998-05-19,74.41,69.12
1998-05-25,lg,LG,SELL,2490.0,1363,3393870.0,33938.7,75.46,5443771.77,rebalance_out,1998-05-23,,
1998-05-25,byc,BYC,BUY,1270.0,2878,3655060.0,36550.6,76.39,1752161.1699999995,rebalance_in,1998-05-23,76.89,75.18
1998-06-02,namyang_dairy,남양유업,SELL,2273.0,1977,4493721.0,44937.21,73.26,6200944.959999999,rebalance_out,1998-05-28,,
1998-06-02,lg,LG,BUY,2170.0,1660,3602200.0,36022.0,77.8,2562722.959999999,rebalance_in,1998-05-28,77.1,71.42
1998-07-03,byc,BYC,SELL,1190.0,2878,3424820.0,34248.2,69.45,5953294.76,rebalance_out,1998-07-01,,
1998-07-03,hyundai_motor_pref,현대차/우,BUY,3710.0,904,3353840.0,33538.4,73.69,2565916.359999999,rebalance_in,1998-07-01,72.3,69.87
1998-12-09,lg,LG,SELL,5790.0,1660,9611400.0,96114.0,58.76,12081202.36,rebalance_out,1998-12-08,,
1998-12-09,korea_circuit,코리아써키트/우,BUY,1373.0,5705,7832965.0,78329.65000000001,63.18,4169907.709999999,rebalance_in,1998-12-08,61.44,57.44
1999-01-26,korea_circuit,코리아써키트/우,SELL,1548.0,5705,8831340.0,88313.40000000001,58.58,12912934.309999999,rebalance_out,1999-01-22,,
1999-01-26,samsung_fire,삼성화재,BUY,13100.0,551,7218100.0,72181.0,62.57,5622653.309999999,rebalance_in,1999-01-22,64.03,55.92
1999-02-19,samsung_fire,삼성화재,SELL,14400.0,551,7934400.0,79344.0,60.35,13477709.309999999,rebalance_out,1999-02-18,,
1999-02-19,samsung_elec,삼성전자,BUY,602.0,12652,7616504.0,76165.04000000001,64.38,5785040.269999999,rebalance_in,1999-02-18,64.04,59.49
1999-03-24,samsung_elec,삼성전자,SELL,796.0,12652,10070992.0,100709.92,58.84,15755322.349999998,rebalance_out,1999-03-23,,
1999-03-24,byc,BYC,BUY,1950.0,4565,8901750.0,89017.5,65.43,6764554.849999998,rebalance_in,1999-03-23,64.48,58.08
1999-04-08,byc,BYC,SELL,2500.0,4565,11412500.0,114125.0,60.32,18062929.849999998,rebalance_out,1999-04-07,,
1999-04-08,lg,LG,BUY,6600.0,1525,10065000.0,100650.0,65.91,7897279.849999998,rebalance_in,1999-04-07,66.28,60.0
1999-04-23,hyundai_motor_pref,현대차/우,SELL,8200.0,904,7412800.0,74128.0,61.14,15235951.849999998,rebalance_out,1999-04-22,,
1999-04-23,samsung_fire,삼성화재,BUY,18700.0,565,10565500.0,105655.0,66.4,4564796.849999998,rebalance_in,1999-04-22,66.44,62.33
1999-05-12,samsung_fire,삼성화재,SELL,27000.0,565,15255000.0,152550.0,55.28,19667246.849999998,rebalance_out,1999-05-11,,
1999-05-12,hyundai_motor_pref,현대차/우,BUY,8250.0,1517,12515250.0,125152.5,60.53,7026844.349999998,rebalance_in,1999-05-11,60.98,55.03
1999-06-16,hyundai_motor_pref,현대차/우,SELL,7800.0,1517,11832600.0,118326.0,66.81,18741118.349999998,rebalance_out,1999-06-15,,
1999-06-16,hyundai_motor,현대차/2우B,BUY,6680.0,1940,12959200.0,129592.0,71.57,5652326.349999998,rebalance_in,1999-06-15,71.51,66.3
1999-07-08,lg,LG,SELL,19300.0,1525,29432500.0,294325.0,52.45,34790501.349999994,rebalance_out,1999-07-07,,
1999-07-08,byc,BYC,BUY,5300.0,4302,22800600.0,228006.0,55.08,11761895.349999994,rebalance_in,1999-07-07,56.02,53.95
1999-08-03,hyundai_motor,현대차/2우B,SELL,22100.0,1940,42874000.0,428740.0,44.33,54207155.349999994,rebalance_out,1999-08-02,,
1999-08-03,bookook_sec,부국증권,BUY,5930.0,4405,26121650.0,261216.5,52.94,27824288.849999994,rebalance_in,1999-08-02,57.51,51.88
1999-08-20,bookook_sec,부국증권,SELL,6250.0,4405,27531250.0,275312.5,47.03,55080226.349999994,rebalance_out,1999-08-19,,
1999-08-20,lotte_chilsung,롯데칠성,BUY,4500.0,5999,26995500.0,269955.0,48.28,27814771.349999994,rebalance_in,1999-08-19,49.27,49.17
1999-08-30,lotte_chilsung,롯데칠성,SELL,5700.0,5999,34194300.0,341943.0,32.78,61667128.349999994,rebalance_out,1999-08-27,,
1999-08-30,bookook_sec,부국증권,BUY,6420.0,4583,29422860.0,294228.60000000003,47.8,31950039.749999993,rebalance_in,1999-08-27,47.29,22.76
1999-09-09,bookook_sec,부국증권,SELL,6200.0,4583,28414600.0,284146.0,47.46,60080493.74999999,rebalance_out,1999-09-08,,
1999-09-09,hyundai_motor,현대차/2우B,BUY,16950.0,1663,28187850.0,281878.5,51.01,31610765.249999993,rebalance_in,1999-09-08,49.57,47.01
1999-10-26,hyundai_motor,현대차/2우B,SELL,10250.0,1663,17045750.0,170457.5,50.24,48486057.74999999,rebalance_out,1999-10-25,,
1999-10-26,lotte_chilsung,롯데칠성,BUY,3750.0,6135,23006250.0,230062.5,55.83,25249745.249999993,rebalance_in,1999-10-25,53.53,50.49
1999-12-10,byc,BYC,SELL,3950.0,4302,16992900.0,169929.0,53.58,42072716.24999999,rebalance_out,1999-12-09,,
1999-12-10,hyundai_motor,현대차/2우B,BUY,9400.0,2323,21836200.0,218362.0,59.13,20018154.249999993,rebalance_in,1999-12-09,60.86,60.54
2000-01-17,lotte_chilsung,롯데칠성,SELL,2400.0,6135,14724000.0,147240.0,65.47,34594914.249999985,rebalance_out,2000-01-10,,
2000-01-17,doosan,두산/우,BUY,9509.0,1845,17544105.0,175441.05000000002,65.27,16875368.19999999,rebalance_in,2000-01-10,65.45,61.65
2000-01-18,doosan,두산/우,SELL,9894.0,1845,18254430.0,182544.30000000002,64.85,34947253.89999999,rebalance_out,2000-01-17,,
2000-01-18,hyundai_motor_3pref,현대차/3우,BUY,5620.0,3021,16978020.0,169780.2,68.43,17799453.69999999,rebalance_in,2000-01-17,67.78,65.27
2000-02-22,hyundai_motor_3pref,현대차/3우,SELL,4600.0,3021,13896600.0,138966.0,62.3,31557087.699999988,rebalance_out,2000-02-21,,
2000-02-22,doosan,두산/우,BUY,9663.0,1580,15267540.0,152675.4,63.84,16136872.299999991,rebalance_in,2000-02-21,63.08,64.78
2000-03-03,doosan,두산/우,SELL,12532.0,1580,19800560.0,198005.6,59.15,35739426.69999999,rebalance_out,2000-03-02,,
2000-03-03,hyundai_motor_3pref,현대차/3우,BUY,4560.0,3613,16475280.0,164752.80000000002,66.22,19099393.899999987,rebalance_in,2000-03-02,65.15,62.55
2000-03-23,hyundai_motor_3pref,현대차/3우,SELL,4560.0,3613,16475280.0,164752.80000000002,66.47,35409921.09999999,rebalance_out,2000-03-22,,
2000-03-23,doosan,두산/우,BUY,10993.0,1497,16456521.0,164565.21,63.11,18788834.889999986,rebalance_in,2000-03-22,62.14,67.79
2000-03-24,doosan,두산/우,SELL,11378.0,1497,17032866.0,170328.66,63.18,35651372.22999999,rebalance_out,2000-03-23,,
2000-03-24,hyundai_motor_3pref,현대차/3우,BUY,4670.0,3541,16536470.0,165364.7,67.57,18949537.52999999,rebalance_in,2000-03-23,66.47,63.11
2000-05-02,hyundai_motor_3pref,현대차/3우,SELL,3585.0,3541,12694485.0,126944.85,66.5,31517077.679999992,rebalance_out,2000-04-28,,
2000-05-02,doosan_2pref,두산/2우B,BUY,10107.0,1421,14362047.0,143620.47,64.51,17011410.209999993,rebalance_in,2000-04-28,65.6,65.55
2000-05-18,doosan_2pref,두산/2우B,SELL,7643.0,1421,10860703.0,108607.03,64.89,27763506.179999992,rebalance_out,2000-05-17,,
2000-05-18,hyundai_motor_3pref,현대차/3우,BUY,3260.0,3944,12857440.0,128574.40000000001,71.28,14777491.779999992,rebalance_in,2000-05-17,71.05,61.95
2000-06-05,hyundai_motor,현대차/2우B,SELL,4000.0,2323,9292000.0,92920.0,71.83,23976571.779999994,rebalance_out,2000-05-29,,
2000-06-05,hyundai_eandc,현대건설,BUY,2954.0,5023,14837942.0,148379.42,98.54,8990250.359999994,rebalance_in,2000-05-29,98.58,70.41
2000-06-23,hyundai_motor_3pref,현대차/3우,SELL,4590.0,3944,18102960.0,181029.6,72.84,26912180.75999999,rebalance_out,2000-06-22,,
2000-06-23,doosan,두산/우,BUY,6288.0,2540,15971520.0,159715.2,69.0,10780945.559999991,rebalance_in,2000-06-22,69.28,72.25
2000-06-26,doosan,두산/우,SELL,6376.0,2540,16195040.0,161950.4,69.16,26814035.15999999,rebalance_out,2000-06-23,,
2000-06-26,hyundai_motor_3pref,현대차/3우,BUY,5150.0,3096,15944400.0,159444.0,69.53,10710191.159999989,rebalance_in,2000-06-23,72.84,69.0
2000-06-27,hyundai_motor_3pref,현대차/3우,SELL,5920.0,3096,18328320.0,183283.2,64.01,28855227.95999999,rebalance_out,2000-06-26,,
2000-06-27,doosan,두산/우,BUY,6849.0,2355,16129395.0,161293.95,70.06,12564539.00999999,rebalance_in,2000-06-26,69.16,69.53
2000-07-04,doosan,두산/우,SELL,7585.0,2355,17862675.0,178626.75,70.52,30248587.25999999,rebalance_out,2000-07-03,,
2000-07-04,hyundai_motor,현대차/2우B,BUY,4400.0,3664,16121600.0,161216.0,69.97,13965771.25999999,rebalance_in,2000-07-03,70.34,69.87
2000-07-05,hyundai_motor,현대차/2우B,SELL,4320.0,3664,15828480.0,158284.80000000002,70.61,29635966.45999999,rebalance_out,2000-07-04,,
2000-07-05,doosan,두산/우,BUY,7706.0,2070,15951420.0,159514.2,72.41,13525032.25999999,rebalance_in,2000-07-04,70.52,69.97
2000-07-28,doosan,두산/우,SELL,7256.0,2070,15019920.0,150199.2,71.92,28394753.05999999,rebalance_out,2000-07-27,,
2000-07-28,hyundai_motor,현대차/2우B,BUY,3800.0,3721,14139800.0,141398.0,72.76,14113555.059999991,rebalance_in,2000-07-27,72.5,72.4
2000-08-02,hyundai_motor,현대차/2우B,SELL,4400.0,3721,16372400.0,163724.0,71.24,30322231.05999999,rebalance_out,2000-07-28,,
2000-08-02,doosan,두산/우,BUY,7574.0,1984,15026816.0,150268.16,70.44,15145146.899999991,rebalance_in,2000-07-28,71.92,72.76
2000-08-17,doosan,두산/우,SELL,7695.0,1984,15266880.0,152668.80000000002,68.83,30259358.09999999,rebalance_out,2000-08-16,,
2000-08-17,doosan_2pref,두산/2우B,BUY,8248.0,1808,14912384.0,149123.84,66.59,15197850.25999999,rebalance_in,2000-08-16,65.61,68.21
2000-08-18,doosan_2pref,두산/2우B,SELL,8391.0,1808,15170928.0,151709.28,66.08,30217068.97999999,rebalance_out,2000-08-17,,
2000-08-18,doosan,두산/우,BUY,7706.0,1987,15311822.0,153118.22,68.85,14752128.759999989,rebalance_in,2000-08-17,68.83,66.59
2000-08-28,doosan,두산/우,SELL,7706.0,1987,15311822.0,153118.22,67.63,29910832.539999988,rebalance_out,2000-08-23,,
2000-08-28,hyundai_motor,현대차/2우B,BUY,5100.0,2943,15009300.0,150093.0,69.46,14751439.539999988,rebalance_in,2000-08-23,69.97,68.56
2000-09-06,hyundai_motor,현대차/2우B,SELL,4995.0,2943,14700285.0,147002.85,70.09,29304721.68999999,rebalance_out,2000-08-28,,
2000-09-06,doosan,두산/우,BUY,7640.0,1936,14791040.0,147910.4,67.83,14365771.28999999,rebalance_in,2000-08-28,67.63,69.46
2000-09-07,doosan,두산/우,SELL,7519.0,1936,14556784.0,145567.84,68.05,28776987.449999988,rebalance_out,2000-09-06,,
2000-09-07,hyundai_motor_3pref,현대차/3우,BUY,5260.0,2737,14396620.0,143966.2,66.92,14236401.249999989,rebalance_in,2000-09-06,66.17,67.83
2000-09-08,hyundai_motor_3pref,현대차/3우,SELL,5330.0,2737,14588210.0,145882.1,67.3,28678729.14999999,rebalance_out,2000-09-07,,
2000-09-08,doosan,두산/우,BUY,7475.0,1933,14449175.0,144491.75,67.63,14085062.399999991,rebalance_in,2000-09-07,68.05,66.92
2000-09-20,doosan,두산/우,SELL,6596.0,1933,12750068.0,127500.68000000001,69.86,26707629.71999999,rebalance_out,2000-09-19,,
2000-09-20,hyundai_motor_3pref,현대차/3우,BUY,4880.0,2721,13278480.0,132784.8,61.88,13296364.91999999,rebalance_in,2000-09-19,64.16,69.53
2000-09-22,hyundai_motor_3pref,현대차/3우,SELL,4390.0,2721,11945190.0,119451.90000000001,66.23,25122103.01999999,rebalance_out,2000-09-21,,
2000-09-22,doosan,두산/우,BUY,6068.0,2101,12748868.0,127488.68000000001,71.7,12245746.339999989,rebalance_in,2000-09-21,69.83,64.66
2000-09-26,doosan,두산/우,SELL,6486.0,2101,13627086.0,136270.86000000002,69.6,25736561.47999999,rebalance_out,2000-09-25,,
2000-09-26,doosan_2pref,두산/2우B,BUY,7016.0,1846,12951536.0,129515.36,67.11,12655510.11999999,rebalance_in,2000-09-25,68.55,70.81
2000-09-27,doosan_2pref,두산/2우B,SELL,7093.0,1846,13093678.0,130936.78,68.22,25618251.33999999,rebalance_out,2000-09-26,,
2000-09-27,doosan,두산/우,BUY,6750.0,1913,12912750.0,129127.5,69.76,12576373.839999989,rebalance_in,2000-09-26,69.6,67.11
2000-09-28,doosan,두산/우,SELL,6618.0,1913,12660234.0,126602.34,69.76,25110005.49999999,rebalance_out,2000-09-27,,
2000-09-28,doosan_2pref,두산/2우B,BUY,7313.0,1742,12739246.0,127392.46,66.58,12243367.039999988,rebalance_in,2000-09-27,68.22,69.76
2000-09-29,doosan_2pref,두산/2우B,SELL,7335.0,1742,12777570.0,127775.7,66.98,24893161.33999999,rebalance_out,2000-09-28,,
2000-09-29,doosan,두산/우,BUY,6750.0,1877,12669750.0,126697.5,69.61,12096713.839999989,rebalance_in,2000-09-28,69.76,66.58
2000-10-02,doosan,두산/우,SELL,6706.0,1877,12587162.0,125871.62000000001,69.12,24558004.21999999,rebalance_out,2000-09-29,,
2000-10-02,hyundai_motor_3pref,현대차/3우,BUY,4370.0,2752,12026240.0,120262.40000000001,68.56,12411501.819999991,rebalance_in,2000-09-29,68.97,69.61
2000-10-04,hyundai_motor_3pref,현대차/3우,SELL,4340.0,2752,11943680.0,119436.8,69.0,24235745.019999992,rebalance_out,2000-10-02,,
2000-10-04,doosan,두산/우,BUY,6706.0,1777,11916562.0,119165.62,69.81,12200017.39999999,rebalance_in,2000-10-02,69.12,68.56
2000-10-12,doosan,두산/우,SELL,6387.0,1777,11349699.0,113496.99,63.7,23436219.40999999,rebalance_out,2000-10-06,,
2000-10-12,hyundai_motor,현대차/2우B,BUY,3900.0,2909,11345100.0,113451.0,69.05,11977668.409999989,rebalance_in,2000-10-06,68.9,67.51
2000-10-17,hyundai_motor,현대차/2우B,SELL,3655.0,2909,10632395.0,106323.95,67.22,22503739.45999999,rebalance_out,2000-10-13,,
2000-10-17,hyundai_motor_3pref,현대차/3우,BUY,3870.0,2726,10549620.0,105496.2,65.29,11848623.25999999,rebalance_in,2000-10-13,70.04,71.67
2000-10-24,hyundai_motor_3pref,현대차/3우,SELL,4020.0,2726,10958520.0,109585.2,66.78,22697558.05999999,rebalance_out,2000-10-23,,
2000-10-24,doosan,두산/우,BUY,6266.0,1731,10846446.0,108464.46,66.28,11742647.59999999,rebalance_in,2000-10-23,66.67,64.39
2000-10-25,doosan,두산/우,SELL,6123.0,1731,10598913.0,105989.13,64.98,22235571.46999999,rebalance_out,2000-10-24,,
2000-10-25,hyundai_motor_3pref,현대차/3우,BUY,4080.0,2621,10693680.0,106936.8,67.36,11434954.66999999,rebalance_in,2000-10-24,66.78,66.28
2000-11-07,hyundai_motor_3pref,현대차/3우,SELL,4600.0,2621,12056600.0,120566.0,67.03,23370988.66999999,rebalance_out,2000-11-06,,
2000-11-07,doosan,두산/우,BUY,7058.0,1544,10897552.0,108975.52,66.22,12364461.149999991,rebalance_in,2000-11-06,66.21,65.77
2000-11-08,doosan,두산/우,SELL,7146.0,1544,11033424.0,110334.24,67.18,23287550.90999999,rebalance_out,2000-11-07,,
2000-11-08,hyundai_motor_3pref,현대차/3우,BUY,4860.0,2223,10803780.0,108037.8,68.03,12375733.109999988,rebalance_in,2000-11-07,67.03,66.22
2000-11-09,hyundai_motor_3pref,현대차/3우,SELL,4900.0,2223,10892700.0,108927.0,68.28,23159506.10999999,rebalance_out,2000-11-08,,
2000-11-09,doosan,두산/우,BUY,7113.0,1488,10584144.0,105841.44,66.05,12469520.669999989,rebalance_in,2000-11-08,67.18,68.03
2000-11-10,doosan,두산/우,SELL,7003.0,1488,10420464.0,104204.64,66.66,22785780.029999986,rebalance_out,2000-11-09,,
2000-11-10,hyundai_motor_3pref,현대차/3우,BUY,4880.0,2144,10462720.0,104627.2,68.31,12218432.829999987,rebalance_in,2000-11-09,68.28,66.05
2000-11-13,hyundai_motor_3pref,현대차/3우,SELL,4595.0,2144,9851680.0,98516.8,69.16,21971596.029999986,rebalance_out,2000-11-10,,
2000-11-13,doosan,두산/우,BUY,6838.0,1508,10311704.0,103117.04000000001,67.78,11556774.989999987,rebalance_in,2000-11-10,66.66,68.31
2000-11-14,doosan,두산/우,SELL,6948.0,1508,10477584.0,104775.84,67.35,21929583.149999987,rebalance_out,2000-11-13,,
2000-11-14,hyundai_motor_3pref,현대차/3우,BUY,4650.0,2215,10299750.0,102997.5,69.61,11526835.649999987,rebalance_in,2000-11-13,69.16,67.78
2000-11-27,hyundai_motor_3pref,현대차/3우,SELL,4510.0,2215,9989650.0,99896.5,66.72,21416589.149999987,rebalance_out,2000-11-24,,
2000-11-27,doosan,두산/우,BUY,6805.0,1609,10949245.0,109492.45,67.08,10357851.699999988,rebalance_in,2000-11-24,66.38,66.1
2000-12-11,doosan,두산/우,SELL,6398.0,1609,10294382.0,102943.82,68.72,20549289.879999988,rebalance_out,2000-12-08,,
2000-12-11,hyundai_motor_3pref,현대차/3우,BUY,4550.0,2214,10073700.0,100737.0,66.04,10374852.879999988,rebalance_in,2000-12-08,65.71,68.0
2000-12-12,hyundai_motor_3pref,현대차/3우,SELL,4565.0,2214,10106910.0,101069.1,64.34,20380693.77999999,rebalance_out,2000-12-11,,
2000-12-12,doosan,두산/우,BUY,6277.0,1588,9967876.0,99678.76000000001,68.29,10313139.019999987,rebalance_in,2000-12-11,68.72,66.04
2000-12-21,doosan,두산/우,SELL,5475.0,1588,8694300.0,86943.0,70.71,18920496.01999999,rebalance_out,2000-12-20,,
2000-12-21,doosan_2pref,두산/2우B,BUY,5774.0,1580,9122920.0,91229.2,69.11,9706346.81999999,rebalance_in,2000-12-20,66.86,71.39
2000-12-22,doosan_2pref,두산/2우B,SELL,5521.0,1580,8723180.0,87231.8,69.39,18342295.01999999,rebalance_out,2000-12-21,,
2000-12-22,doosan,두산/우,BUY,5079.0,1750,8888250.0,88882.5,71.84,9365162.519999988,rebalance_in,2000-12-21,70.71,69.11
2000-12-26,doosan,두산/우,SELL,5266.0,1750,9215500.0,92155.0,73.4,18488507.51999999,rebalance_out,2000-12-22,,
2000-12-26,doosan_2pref,두산/2우B,BUY,5774.0,1548,8938152.0,89381.52,70.83,9460973.999999989,rebalance_in,2000-12-22,69.39,71.84
2001-01-02,doosan_2pref,두산/2우B,SELL,5664.0,1548,8767872.0,87678.72,70.57,18141167.279999986,rebalance_out,2000-12-26,,
2001-01-02,doosan,두산/우,BUY,5035.0,1752,8821320.0,88213.2,73.84,9231634.079999987,rebalance_in,2000-12-26,73.4,70.83
2001-01-03,doosan,두산/우,SELL,4958.0,1752,8686416.0,86864.16,73.63,17831185.91999999,rebalance_out,2001-01-02,,
2001-01-03,doosan_2pref,두산/2우B,BUY,5653.0,1542,8716926.0,87169.26,69.94,9027090.659999987,rebalance_in,2001-01-02,70.57,73.84
2001-01-04,doosan_2pref,두산/2우B,SELL,5862.0,1542,9039204.0,90392.04000000001,69.36,17975902.61999999,rebalance_out,2001-01-03,,
2001-01-04,doosan,두산/우,BUY,5062.0,1908,9658296.0,96582.96,73.54,8221023.659999989,rebalance_in,2001-01-03,73.63,69.94
2001-01-05,doosan,두산/우,SELL,5057.0,1908,9648756.0,96487.56,72.3,17773292.099999987,rebalance_out,2001-01-04,,
2001-01-05,doosan_2pref,두산/2우B,BUY,5818.0,1648,9588064.0,95880.64,68.13,8089347.459999986,rebalance_in,2001-01-04,69.36,73.54
2001-01-08,doosan_2pref,두산/2우B,SELL,5796.0,1648,9551808.0,95518.08,68.25,17545637.379999988,rebalance_out,2001-01-05,,
2001-01-08,doosan,두산/우,BUY,5167.0,1841,9512447.0,95124.47,71.69,7938065.909999987,rebalance_in,2001-01-05,72.3,68.13
2001-01-19,doosan,두산/우,SELL,5057.0,1841,9309937.0,93099.37,72.79,17154903.539999984,rebalance_out,2001-01-18,,
2001-01-19,hyundai_motor_3pref,현대차/3우,BUY,4010.0,2349,9419490.0,94194.90000000001,74.13,7641218.639999988,rebalance_in,2001-01-18,72.4,72.59
2001-01-22,hyundai_motor_3pref,현대차/3우,SELL,4160.0,2349,9771840.0,97718.40000000001,72.9,17315340.239999987,rebalance_out,2001-01-19,,
2001-01-22,doosan,두산/우,BUY,5200.0,1855,9646000.0,96460.0,72.98,7572880.239999987,rebalance_in,2001-01-19,72.79,74.13
2001-01-26,doosan,두산/우,SELL,5574.0,1855,10339770.0,103397.7,70.01,17809252.539999988,rebalance_out,2001-01-22,,
2001-01-26,hyundai_motor_3pref,현대차/3우,BUY,4090.0,2398,9807820.0,98078.2,72.55,7903354.339999989,rebalance_in,2001-01-22,72.9,72.98
2001-01-29,hyundai_motor_3pref,현대차/3우,SELL,4050.0,2398,9711900.0,97119.0,73.0,17518135.33999999,rebalance_out,2001-01-26,,
2001-01-29,doosan,두산/우,BUY,5442.0,1926,10481292.0,104812.92,70.46,6932030.419999989,rebalance_in,2001-01-26,70.01,72.55
2001-01-30,doosan,두산/우,SELL,5530.0,1926,10650780.0,106507.8,69.89,17476302.61999999,rebalance_out,2001-01-29,,
2001-01-30,hyundai_motor_3pref,현대차/3우,BUY,4005.0,2613,10465065.0,104650.65000000001,72.57,6906586.9699999895,rebalance_in,2001-01-29,73.0,70.46
2001-02-21,hyundai_motor_3pref,현대차/3우,SELL,4380.0,2613,11444940.0,114449.40000000001,74.53,18237077.56999999,rebalance_out,2001-02-14,,
2001-02-21,hyundai_motor,현대차/2우B,BUY,4410.0,2295,10120950.0,101209.5,74.36,8014918.069999989,rebalance_in,2001-02-14,74.25,74.19
2001-02-23,hyundai_motor,현대차/2우B,SELL,4560.0,2295,10465200.0,104652.0,73.72,18375466.06999999,rebalance_out,2001-02-21,,
2001-02-23,hyundai_motor_3pref,현대차/3우,BUY,4525.0,2268,10262700.0,102627.0,73.92,8010139.069999989,rebalance_in,2001-02-21,74.53,74.36
2001-03-07,hyundai_motor_3pref,현대차/3우,SELL,4780.0,2268,10841040.0,108410.40000000001,71.55,18742768.669999987,rebalance_out,2001-03-06,,
2001-03-07,doosan,두산/우,BUY,5348.0,1858,9936584.0,99365.84,72.98,8706818.829999987,rebalance_in,2001-03-06,72.69,72.29
2001-03-08,doosan,두산/우,SELL,5447.0,1858,10120526.0,101205.26000000001,73.22,18726139.569999985,rebalance_out,2001-03-07,,
2001-03-08,hyundai_motor_3pref,현대차/3우,BUY,4890.0,2031,9931590.0,99315.90000000001,71.82,8695233.669999985,rebalance_in,2001-03-07,71.55,72.98
2001-03-09,hyundai_motor_3pref,현대차/3우,SELL,4880.0,2031,9911280.0,99112.8,71.79,18507400.869999982,rebalance_out,2001-03-08,,
2001-03-09,doosan,두산/우,BUY,5398.0,1826,9856748.0,98567.48,73.03,8552085.389999982,rebalance_in,2001-03-08,73.22,71.82
2001-03-12,doosan,두산/우,SELL,5123.0,1826,9354598.0,93545.98,72.83,17813137.40999998,rebalance_out,2001-03-09,,
2001-03-12,hyundai_motor_3pref,현대차/3우,BUY,4735.0,2033,9626255.0,96262.55,72.47,8090619.859999981,rebalance_in,2001-03-09,71.79,73.03
2001-03-13,hyundai_motor_3pref,현대차/3우,SELL,4460.0,2033,9067180.0,90671.8,72.64,17067128.05999998,rebalance_out,2001-03-12,,
2001-03-13,doosan,두산/우,BUY,4903.0,1913,9379439.0,93794.39,73.06,7593894.669999979,rebalance_in,2001-03-12,72.83,72.47
2001-03-15,doosan,두산/우,SELL,4914.0,1913,9400482.0,94004.82,75.17,16900371.84999998,rebalance_out,2001-03-13,,
2001-03-15,hyundai_motor_3pref,현대차/3우,BUY,4470.0,2086,9324420.0,93244.2,73.55,7482707.64999998,rebalance_in,2001-03-13,72.64,73.06
2001-03-16,hyundai_motor_3pref,현대차/3우,SELL,4490.0,2086,9366140.0,93661.40000000001,73.35,16755186.24999998,rebalance_out,2001-03-15,,
2001-03-16,doosan,두산/우,BUY,4919.0,1797,8839443.0,88394.43000000001,74.43,7827348.81999998,rebalance_in,2001-03-15,75.17,73.55
2001-03-19,doosan,두산/우,SELL,4930.0,1797,8859210.0,88592.1,74.45,16597966.71999998,rebalance_out,2001-03-16,,
2001-03-19,hyundai_motor_3pref,현대차/3우,BUY,4430.0,1984,8789120.0,87891.2,72.65,7720955.519999981,rebalance_in,2001-03-16,73.35,74.43
2001-03-20,hyundai_motor_3pref,현대차/3우,SELL,4400.0,1984,8729600.0,87296.0,71.88,16363259.51999998,rebalance_out,2001-03-19,,
2001-03-20,doosan,두산/우,BUY,4936.0,1765,8712040.0,87120.40000000001,74.42,7564099.119999981,rebalance_in,2001-03-19,74.45,72.65
2001-03-21,doosan,두산/우,SELL,5024.0,1765,8867360.0,88673.6,74.83,16342785.51999998,rebalance_out,2001-03-20,,
2001-03-21,hyundai_motor_3pref,현대차/3우,BUY,4390.0,1937,8503430.0,85034.3,72.04,7754321.21999998,rebalance_in,2001-03-20,71.88,74.42
2001-03-22,hyundai_motor_3pref,현대차/3우,SELL,4400.0,1937,8522800.0,85228.0,72.33,16191893.21999998,rebalance_out,2001-03-21,,
2001-03-22,doosan,두산/우,BUY,4958.0,1705,8453390.0,84533.90000000001,75.43,7653969.31999998,rebalance_in,2001-03-21,74.83,72.04
2001-03-23,doosan,두산/우,SELL,4963.0,1705,8461915.0,84619.15000000001,75.53,16031265.16999998,rebalance_out,2001-03-22,,
2001-03-23,hyundai_motor_3pref,현대차/3우,BUY,4550.0,1846,8399300.0,83993.0,73.24,7547972.169999979,rebalance_in,2001-03-22,72.33,75.43
2001-03-26,hyundai_motor_3pref,현대차/3우,SELL,4595.0,1846,8482370.0,84823.7,72.97,15945518.46999998,rebalance_out,2001-03-23,,
2001-03-26,doosan,두산/우,BUY,4963.0,1687,8372581.0,83725.81,75.53,7489211.65999998,rebalance_in,2001-03-23,75.53,73.24
2001-03-27,doosan,두산/우,SELL,4919.0,1687,8298353.0,82983.53,75.15,15704581.12999998,rebalance_out,2001-03-26,,
2001-03-27,hyundai_motor_3pref,현대차/3우,BUY,4455.0,1802,8027910.0,80279.1,72.16,7596392.029999981,rebalance_in,2001-03-26,72.97,75.53
2001-03-28,hyundai_motor_3pref,현대차/3우,SELL,4465.0,1802,8045930.0,80459.3,73.34,15561862.729999982,rebalance_out,2001-03-27,,
2001-03-28,doosan,두산/우,BUY,4908.0,1578,7744824.0,77448.24,75.2,7739590.489999982,rebalance_in,2001-03-27,75.15,72.16
2001-03-29,doosan,두산/우,SELL,4969.0,1578,7841082.0,78410.82,74.9,15502261.669999981,rebalance_out,2001-03-28,,
2001-03-29,hyundai_motor_3pref,현대차/3우,BUY,4560.0,1694,7724640.0,77246.40000000001,73.18,7700375.269999981,rebalance_in,2001-03-28,73.34,75.2
2001-03-30,hyundai_motor_3pref,현대차/3우,SELL,4525.0,1694,7665350.0,76653.5,73.69,15289071.76999998,rebalance_out,2001-03-29,,
2001-03-30,doosan,두산/우,BUY,4947.0,1547,7653009.0,76530.09,74.58,7559532.679999981,rebalance_in,2001-03-29,74.9,73.18
2001-04-02,doosan,두산/우,SELL,4947.0,1547,7653009.0,76530.09,74.29,15136011.589999981,rebalance_out,2001-03-30,,
2001-04-02,hyundai_motor_3pref,현대차/3우,BUY,4580.0,1660,7602800.0,76028.0,73.68,7457183.589999981,rebalance_in,2001-03-30,73.69,74.58
2001-04-03,hyundai_motor_3pref,현대차/3우,SELL,4540.0,1660,7536400.0,75364.0,74.06,14918219.589999981,rebalance_out,2001-04-02,,
2001-04-03,doosan,두산/우,BUY,4947.0,1475,7296825.0,72968.25,73.99,7548426.339999981,rebalance_in,2001-04-02,74.29,73.68
2001-04-04,doosan,두산/우,SELL,4941.0,1475,7287975.0,72879.75,74.02,14763521.589999981,rebalance_out,2001-04-03,,
2001-04-04,hyundai_motor_3pref,현대차/3우,BUY,4500.0,1610,7245000.0,72450.0,73.53,7446071.589999981,rebalance_in,2001-04-03,74.06,73.99
2001-04-06,hyundai_motor_3pref,현대차/3우,SELL,4570.0,1610,7357700.0,73577.0,73.35,14730194.589999983,rebalance_out,2001-04-04,,
2001-04-06,doosan,두산/우,BUY,5029.0,1439,7236731.0,72367.31,73.64,7421096.279999982,rebalance_in,2001-04-04,74.02,73.53
2001-04-09,doosan,두산/우,SELL,5024.0,1439,7229536.0,72295.36,73.67,14578336.919999981,rebalance_out,2001-04-06,,
2001-04-09,hyundai_motor_3pref,현대차/3우,BUY,4515.0,1591,7183365.0,71833.65000000001,73.83,7323138.269999981,rebalance_in,2001-04-06,73.35,73.64
2001-04-10,hyundai_motor_3pref,현대차/3우,SELL,4580.0,1591,7286780.0,72867.8,73.75,14537050.46999998,rebalance_out,2001-04-09,,
2001-04-10,doosan,두산/우,BUY,5046.0,1421,7170366.0,71703.66,73.55,7294980.80999998,rebalance_in,2001-04-09,73.67,73.83
2001-04-11,doosan,두산/우,SELL,5090.0,1421,7232890.0,72328.90000000001,73.32,14455541.90999998,rebalance_out,2001-04-10,,
2001-04-11,hyundai_motor_3pref,현대차/3우,BUY,4850.0,1414,6857900.0,68579.0,73.64,7529062.90999998,rebalance_in,2001-04-10,73.75,73.55
2001-04-12,hyundai_motor_3pref,현대차/3우,SELL,4840.0,1414,6843760.0,68437.6,72.66,14304385.30999998,rebalance_out,2001-04-11,,
2001-04-12,doosan,두산/우,BUY,5134.0,1330,6828220.0,68282.2,73.17,7407883.10999998,rebalance_in,2001-04-11,73.32,73.64
2001-04-13,doosan,두산/우,SELL,5189.0,1330,6901370.0,69013.7,72.72,14240239.409999982,rebalance_out,2001-04-12,,
2001-04-13,hyundai_motor_3pref,현대차/3우,BUY,4845.0,1404,6802380.0,68023.8,72.63,7369835.60999998,rebalance_in,2001-04-12,72.66,73.17
2001-04-16,hyundai_motor_3pref,현대차/3우,SELL,4960.0,1404,6963840.0,69638.4,72.9,14264037.209999979,rebalance_out,2001-04-13,,
2001-04-16,doosan,두산/우,BUY,5139.0,1326,6814314.0,68143.14,72.75,7381580.069999979,rebalance_in,2001-04-13,72.72,72.63
2001-04-17,doosan,두산/우,SELL,5266.0,1326,6982716.0,69827.16,71.83,14294468.909999978,rebalance_out,2001-04-16,,
2001-04-17,hyundai_motor_3pref,현대차/3우,BUY,4850.0,1445,7008250.0,70082.5,72.44,7216136.409999978,rebalance_in,2001-04-16,72.9,72.75
2001-04-25,hyundai_motor_3pref,현대차/3우,SELL,4995.0,1445,7217775.0,72177.75,72.85,14361733.659999978,rebalance_out,2001-04-24,,
2001-04-25,doosan,두산/우,BUY,5343.0,1287,6876441.0,68764.41,72.86,7416528.249999978,rebalance_in,2001-04-24,72.73,71.93
2001-05-04,doosan,두산/우,SELL,5859.0,1287,7540533.0,75405.33,69.38,14881655.919999978,rebalance_out,2001-05-03,,
2001-05-04,hyundai_motor_3pref,현대차/3우,BUY,7150.0,979,6999850.0,69998.5,67.65,7811807.419999978,rebalance_in,2001-05-03,69.72,70.53
2001-05-07,hyundai_motor_3pref,현대차/3우,SELL,7000.0,979,6853000.0,68530.0,68.61,14596277.419999978,rebalance_out,2001-05-04,,
2001-05-07,doosan,두산/우,BUY,5936.0,1163,6903568.0,69035.68000000001,69.33,7623673.739999978,rebalance_in,2001-05-04,69.38,67.65
2001-05-10,doosan,두산/우,SELL,5716.0,1163,6647708.0,66477.08,69.95,14204904.659999978,rebalance_out,2001-05-09,,
2001-05-10,doosan_2pref,두산/2우B,BUY,5928.0,1150,6817200.0,68172.0,68.84,7319532.659999978,rebalance_in,2001-05-09,69.19,70.07
2001-05-11,doosan_2pref,두산/2우B,SELL,6038.0,1150,6943700.0,69437.0,69.15,14193795.659999978,rebalance_out,2001-05-10,,
2001-05-11,doosan,두산/우,BUY,5903.0,1157,6829771.0,68297.71,69.84,7295726.949999978,rebalance_in,2001-05-10,69.95,68.84
2001-05-21,doosan,두산/우,SELL,6486.0,1157,7504302.0,75043.02,69.44,14724985.929999977,rebalance_out,2001-05-18,,
2001-05-21,hyundai_motor_3pref,현대차/3우,BUY,7620.0,931,7094220.0,70942.2,69.34,7559823.729999977,rebalance_in,2001-05-18,69.87,70.59
2001-05-22,hyundai_motor_3pref,현대차/3우,SELL,7700.0,931,7168700.0,71687.0,67.44,14656836.729999978,rebalance_out,2001-05-21,,
2001-05-22,doosan,두산/우,BUY,6321.0,1158,7319718.0,73197.18000000001,69.74,7263921.549999978,rebalance_in,2001-05-21,69.44,69.34
2001-05-23,doosan,두산/우,SELL,6431.0,1158,7447098.0,74470.98,69.22,14636548.569999978,rebalance_out,2001-05-22,,
2001-05-23,hyundai_motor_3pref,현대차/3우,BUY,7890.0,950,7495500.0,74955.0,67.46,7066093.569999978,rebalance_in,2001-05-22,67.44,69.74
2001-05-24,hyundai_motor_3pref,현대차/3우,SELL,7980.0,950,7581000.0,75810.0,68.08,14571283.569999976,rebalance_out,2001-05-23,,
2001-05-24,doosan,두산/우,BUY,7091.0,1083,7679553.0,76795.53,70.49,6814935.039999978,rebalance_in,2001-05-23,69.22,67.46
2001-05-31,doosan,두산/우,SELL,7278.0,1083,7882074.0,78820.74,71.72,14618188.299999978,rebalance_out,2001-05-30,,
2001-05-31,doosan_2pref,두산/2우B,BUY,7379.0,1020,7526580.0,75265.8,71.32,7016342.499999979,rebalance_in,2001-05-30,70.3,70.99
2001-06-01,doosan_2pref,두산/2우B,SELL,7665.0,1020,7818300.0,78183.0,71.31,14756459.499999978,rebalance_out,2001-05-31,,
2001-06-01,doosan,두산/우,BUY,7475.0,1036,7744100.0,77441.0,72.02,6934918.499999978,rebalance_in,2001-05-31,71.72,71.32
2001-06-04,doosan,두산/우,SELL,7267.0,1036,7528612.0,75286.12,72.12,14388244.379999977,rebalance_out,2001-06-01,,
2001-06-04,doosan_2pref,두산/2우B,BUY,7423.0,1016,7541768.0,75417.68000000001,71.52,6771058.699999977,rebalance_in,2001-06-01,71.31,72.02
2001-06-05,doosan_2pref,두산/2우B,SELL,7126.0,1016,7240016.0,72400.16,69.36,13938674.539999977,rebalance_out,2001-06-04,,
2001-06-05,doosan,두산/우,BUY,6871.0,1070,7351970.0,73519.7,70.46,6513184.839999977,rebalance_in,2001-06-04,72.12,71.52
2001-06-07,doosan,두산/우,SELL,6970.0,1070,7457900.0,74579.0,71.45,13896505.839999977,rebalance_out,2001-06-05,,
2001-06-07,doosan_2pref,두산/2우B,BUY,7214.0,1015,7322210.0,73222.1,70.45,6501073.739999978,rebalance_in,2001-06-05,69.36,70.46
2001-06-08,doosan_2pref,두산/2우B,SELL,8083.0,1015,8204245.0,82042.45,71.17,14623276.289999977,rebalance_out,2001-06-07,,
2001-06-08,doosan,두산/우,BUY,7750.0,974,7548500.0,75485.0,72.36,6999291.289999977,rebalance_in,2001-06-07,71.45,70.45
2001-06-11,doosan,두산/우,SELL,7860.0,974,7655640.0,76556.40000000001,73.82,14578374.889999976,rebalance_out,2001-06-08,,
2001-06-11,doosan_2pref,두산/2우B,BUY,8259.0,912,7532208.0,75322.08,72.49,6970844.809999976,rebalance_in,2001-06-08,71.17,72.36
2001-06-12,doosan_2pref,두산/2우B,SELL,8182.0,912,7461984.0,74619.84,72.84,14358208.969999976,rebalance_out,2001-06-11,,
2001-06-12,doosan,두산/우,BUY,7805.0,969,7563045.0,75630.45,74.09,6719533.519999976,rebalance_in,2001-06-11,73.82,72.49
2001-06-13,doosan,두산/우,SELL,7695.0,969,7456455.0,74564.55,74.08,14101423.969999978,rebalance_out,2001-06-12,,
2001-06-13,doosan_2pref,두산/2우B,BUY,8028.0,927,7441956.0,74419.56,72.96,6585048.409999977,rebalance_in,2001-06-12,72.84,74.09
2001-06-14,doosan_2pref,두산/2우B,SELL,8028.0,927,7441956.0,74419.56,73.06,13952584.849999977,rebalance_out,2001-06-13,,
2001-06-14,doosan,두산/우,BUY,7695.0,960,7387200.0,73872.0,74.18,6491512.849999977,rebalance_in,2001-06-13,74.08,72.96
2001-06-15,doosan,두산/우,SELL,7475.0,960,7176000.0,71760.0,74.82,13595752.849999975,rebalance_out,2001-06-14,,
2001-06-15,doosan_2pref,두산/2우B,BUY,7962.0,910,7245420.0,72454.2,73.18,6277878.649999977,rebalance_in,2001-06-14,73.06,74.18
2001-06-18,doosan_2pref,두산/2우B,SELL,7852.0,910,7145320.0,71453.2,73.36,13351745.449999975,rebalance_out,2001-06-15,,
2001-06-18,doosan,두산/우,BUY,7409.0,967,7164503.0,71645.03,74.86,6115597.419999977,rebalance_in,2001-06-15,74.82,73.18
2001-06-19,doosan,두산/우,SELL,7750.0,967,7494250.0,74942.5,75.18,13534904.919999976,rebalance_out,2001-06-18,,
2001-06-19,doosan_2pref,두산/2우B,BUY,7962.0,908,7229496.0,72294.96,74.5,6233113.959999976,rebalance_in,2001-06-18,73.36,74.86
2001-06-20,doosan_2pref,두산/2우B,SELL,7863.0,908,7139604.0,71396.04000000001,74.0,13304263.421138108,rebalance_out,2001-06-19,,
2001-06-20,doosan,두산/우,BUY,7684.0,930,7146120.0,71461.2,74.59,6086682.221138109,rebalance_in,2001-06-19,75.18,74.5
2001-06-21,doosan,두산/우,SELL,7684.0,930,7146120.0,71461.2,75.04,13161341.021138111,rebalance_out,2001-06-20,,
2001-06-21,doosan_2pref,두산/2우B,BUY,8193.0,867,7103331.0,71033.31,73.39,5986976.71113811,rebalance_in,2001-06-20,74.0,74.59
2001-06-22,doosan_2pref,두산/2우B,SELL,7896.0,867,6845832.0,68458.32,73.21,12764350.39113811,rebalance_out,2001-06-21,,
2001-06-22,doosan,두산/우,BUY,7585.0,919,6970615.0,69706.15,74.26,5724029.24113811,rebalance_in,2001-06-21,75.04,73.39
2001-06-25,doosan,두산/우,SELL,7585.0,919,6970615.0,69706.15,73.47,12624938.09113811,rebalance_out,2001-06-22,,
2001-06-25,doosan_2pref,두산/2우B,BUY,8127.0,852,6924204.0,69242.04000000001,71.57,5631492.0511381095,rebalance_in,2001-06-22,73.21,74.26
2001-06-26,doosan_2pref,두산/2우B,SELL,7918.0,852,6746136.0,67461.36,71.2,12310166.69113811,rebalance_out,2001-06-25,,
2001-06-26,doosan,두산/우,BUY,7179.0,950,6820050.0,68200.5,73.89,5421916.191138109,rebalance_in,2001-06-25,73.47,71.57
2001-06-27,doosan,두산/우,SELL,7146.0,950,6788700.0,67887.0,74.01,12142729.19113811,rebalance_out,2001-06-26,,
2001-06-27,doosan_2pref,두산/2우B,BUY,7808.0,866,6761728.0,67617.28,71.6,5313383.911138109,rebalance_in,2001-06-26,71.2,73.89
2001-06-28,doosan_2pref,두산/2우B,SELL,7841.0,866,6790306.0,67903.06,70.89,12035786.85113811,rebalance_out,2001-06-27,,
2001-06-28,doosan,두산/우,BUY,7124.0,944,6725056.0,67250.56,73.56,5243480.29113811,rebalance_in,2001-06-27,74.01,71.6
2001-06-29,doosan,두산/우,SELL,7091.0,944,6693904.0,66939.04000000001,73.73,11870445.25113811,rebalance_out,2001-06-28,,
2001-06-29,doosan_2pref,두산/2우B,BUY,7797.0,856,6674232.0,66742.32,71.12,5129470.931138109,rebalance_in,2001-06-28,70.89,73.56
2001-07-02,doosan_2pref,두산/2우B,SELL,7665.0,856,6561240.0,65612.4,69.69,11625098.53113811,rebalance_out,2001-06-29,,
2001-07-02,doosan,두산/우,BUY,6992.0,942,6586464.0,65864.64,72.35,4972769.891138109,rebalance_in,2001-06-29,73.73,71.12
2001-07-03,doosan,두산/우,SELL,6915.0,942,6513930.0,65139.3,71.93,11421560.59113811,rebalance_out,2001-07-02,,
2001-07-03,hyundai_motor_3pref,현대차/3우,BUY,7600.0,858,6520800.0,65208.0,70.54,4835552.59113811,rebalance_in,2001-07-02,70.04,72.35
2001-07-04,hyundai_motor_3pref,현대차/3우,SELL,7640.0,858,6555120.0,65551.2,70.62,11325121.39113811,rebalance_out,2001-07-03,,
2001-07-04,doosan,두산/우,BUY,7179.0,904,6489816.0,64898.16,73.68,4770407.23113811,rebalance_in,2001-07-03,71.93,70.54
2001-07-05,doosan,두산/우,SELL,6970.0,904,6300880.0,63008.8,74.23,11008278.43113811,rebalance_out,2001-07-04,,
2001-07-05,hyundai_motor_3pref,현대차/3우,BUY,7790.0,819,6380010.0,63800.1,71.15,4564468.33113811,rebalance_in,2001-07-04,70.62,73.68
2001-07-06,hyundai_motor_3pref,현대차/3우,SELL,7510.0,819,6150690.0,61506.9,71.23,10653651.431138108,rebalance_out,2001-07-05,,
2001-07-06,doosan,두산/우,BUY,6893.0,909,6265737.0,62657.37,73.38,4325257.061138109,rebalance_in,2001-07-05,74.23,71.15
2001-07-09,doosan,두산/우,SELL,6706.0,909,6095754.0,60957.54,73.71,10360053.52113811,rebalance_out,2001-07-06,,
2001-07-09,hyundai_motor_3pref,현대차/3우,BUY,7240.0,852,6168480.0,61684.8,71.61,4129888.7211381095,rebalance_in,2001-07-06,71.23,73.38
2001-07-10,hyundai_motor_3pref,현대차/3우,SELL,7290.0,852,6211080.0,62110.8,71.74,10278857.92113811,rebalance_out,2001-07-09,,
2001-07-10,doosan,두산/우,BUY,6574.0,934,6140116.0,61401.16,73.07,4077340.7611381095,rebalance_in,2001-07-09,73.71,71.61
2001-07-11,doosan,두산/우,SELL,6354.0,934,5934636.0,59346.36,73.43,9952630.401138108,rebalance_out,2001-07-10,,
2001-07-11,hyundai_motor_3pref,현대차/3우,BUY,7500.0,804,6030000.0,60300.0,71.91,3862330.401138108,rebalance_in,2001-07-10,71.74,73.07
2001-07-12,hyundai_motor_3pref,현대차/3우,SELL,7560.0,804,6078240.0,60782.4,71.25,9879788.00113811,rebalance_out,2001-07-11,,
2001-07-12,doosan,두산/우,BUY,6574.0,945,6212430.0,62124.3,73.19,3605233.701138108,rebalance_in,2001-07-11,73.43,71.91
2001-07-13,doosan,두산/우,SELL,6475.0,945,6118875.0,61188.75,72.86,9662919.95113811,rebalance_out,2001-07-12,,
2001-07-13,doosan_2pref,두산/2우B,BUY,6719.0,952,6396488.0,63964.880000000005,71.84,3202467.071138109,rebalance_in,2001-07-12,71.75,73.19
2001-07-16,hyundai_eandc,현대건설,SELL,8166.0,838,6843108.0,68431.08,69.92,9977143.991138108,rebalance_out,2001-07-13,,
2001-07-16,doosan,두산/우,BUY,6332.0,1051,6654932.0,66549.32,73.03,3255662.671138108,rebalance_in,2001-07-13,72.86,71.67
2001-07-24,doosan_2pref,두산/2우B,SELL,5972.0,952,5685344.0,56853.44,69.49,8884153.231138106,rebalance_out,2001-07-23,,
2001-07-24,hyundai_motor_3pref,현대차/3우,BUY,6750.0,906,6115500.0,61155.0,68.89,2707498.2311381064,rebalance_in,2001-07-23,68.12,70.32
2001-07-26,hyundai_motor_3pref,현대차/3우,SELL,7100.0,906,6432600.0,64326.0,69.0,9075772.231138106,rebalance_out,2001-07-25,,
2001-07-26,doosan_2pref,두산/2우B,BUY,5884.0,1053,6195852.0,61958.520000000004,69.51,2817961.711138107,rebalance_in,2001-07-25,69.66,69.63
2001-09-19,doosan_2pref,두산/2우B,SELL,5224.0,1053,5500872.0,55008.72,63.46,8263824.991138107,rebalance_out,2001-09-18,,
2001-09-19,amore_holdings,아모레G,BUY,2162.0,2635,5696870.0,56968.700000000004,64.0,2509986.291138107,rebalance_in,2001-09-18,62.29,62.65
2001-10-15,amore_holdings,아모레G,SELL,2320.0,2635,6113200.0,61132.0,65.49,8562054.291138107,rebalance_out,2001-10-12,,
2001-10-15,doosan_2pref,두산/2우B,BUY,5686.0,1046,5947556.0,59475.56,66.53,2555022.7311381074,rebalance_in,2001-10-12,67.54,65.34
2001-11-15,doosan_2pref,두산/2우B,SELL,6323.0,1046,6613858.0,66138.58,67.69,9102742.151138108,rebalance_out,2001-11-14,,
2001-11-15,hyundai_motor_3pref,현대차/3우,BUY,8390.0,752,6309280.0,63092.8,65.04,2730369.3511381084,rebalance_in,2001-11-14,64.82,66.45
2001-11-16,hyundai_motor_3pref,현대차/3우,SELL,8480.0,752,6376960.0,63769.6,65.46,9043559.75113811,rebalance_out,2001-11-15,,
2001-11-16,doosan_2pref,두산/2우B,BUY,6818.0,956,6518008.0,65180.08,68.84,2460371.6711381096,rebalance_in,2001-11-15,67.69,65.04
2001-11-19,doosan_2pref,두산/2우B,SELL,7654.0,956,7317224.0,73172.24,64.49,9704423.43113811,rebalance_out,2001-11-16,,
2001-11-19,hyundai_motor_3pref,현대차/3우,BUY,8910.0,788,7021080.0,70210.8,65.47,2613132.6311381096,rebalance_in,2001-11-16,65.46,68.84
2001-11-26,hyundai_motor_3pref,현대차/3우,SELL,9850.0,788,7761800.0,77618.0,64.05,10297314.631138109,rebalance_out,2001-11-23,,
2001-11-26,hyundai_eandc,현대건설,BUY,4461.0,1650,7360650.0,73606.5,86.48,2863058.1311381087,rebalance_in,2001-11-23,86.48,64.27
2001-12-04,doosan,두산/우,SELL,7695.0,1051,8087445.0,80874.45,65.01,10869628.68113811,rebalance_out,2001-12-03,,
2001-12-04,doosan_2pref,두산/2우B,BUY,7808.0,995,7768960.0,77689.6,64.5,3022979.08113811,rebalance_in,2001-12-03,64.75,65.01
2001-12-05,doosan_2pref,두산/2우B,SELL,7896.0,995,7856520.0,78565.2,65.48,10800933.881138107,rebalance_out,2001-12-04,,
2001-12-05,doosan,두산/우,BUY,7794.0,1001,7801794.0,78017.94,65.92,2921121.9411381083,rebalance_in,2001-12-04,65.01,64.5
2001-12-06,doosan,두산/우,SELL,7585.0,1001,7592585.0,75925.85,67.61,10437781.09113811,rebalance_out,2001-12-05,,
2001-12-06,doosan_2pref,두산/2우B,BUY,7720.0,1009,7789480.0,77894.8,67.04,2570406.2911381098,rebalance_in,2001-12-05,65.48,65.92
2001-12-07,doosan_2pref,두산/2우B,SELL,8006.0,1009,8078054.0,80780.54000000001,66.75,10567679.75113811,rebalance_out,2001-12-06,,
2001-12-07,doosan,두산/우,BUY,7849.0,998,7833302.0,78333.02,67.41,2656044.73113811,rebalance_in,2001-12-06,67.61,67.04
2001-12-10,doosan,두산/우,SELL,7431.0,998,7416138.0,74161.38,68.12,9998021.351138111,rebalance_out,2001-12-07,,
2001-12-10,doosan_2pref,두산/2우B,BUY,7588.0,1007,7641116.0,76411.16,67.45,2280494.191138111,rebalance_in,2001-12-07,66.75,67.41
2001-12-11,doosan_2pref,두산/2우B,SELL,7390.0,1007,7441730.0,74417.3,66.89,9647806.89113811,rebalance_out,2001-12-10,,
2001-12-11,doosan,두산/우,BUY,7585.0,972,7372620.0,73726.2,66.02,2201460.69113811,rebalance_in,2001-12-10,68.12,67.45
2001-12-12,doosan,두산/우,SELL,7453.0,972,7244316.0,72443.16,67.1,9373333.53113811,rebalance_out,2001-12-11,,
2001-12-12,doosan_2pref,두산/2우B,BUY,7445.0,976,7266320.0,72663.2,67.13,2034350.3311381107,rebalance_in,2001-12-11,66.89,66.02
2001-12-13,doosan_2pref,두산/2우B,SELL,7522.0,976,7341472.0,73414.72,66.13,9302407.611138111,rebalance_out,2001-12-12,,
2001-12-13,doosan,두산/우,BUY,7365.0,984,7247160.0,72471.6,66.84,1982776.0111381114,rebalance_in,2001-12-12,67.1,67.13
2001-12-14,doosan,두산/우,SELL,7146.0,984,7031664.0,70316.64,67.83,8944123.37113811,rebalance_out,2001-12-13,,
2001-12-14,doosan_2pref,두산/2우B,BUY,7368.0,963,7095384.0,70953.84,66.83,1777785.531138111,rebalance_in,2001-12-13,66.13,66.84
2001-12-17,doosan_2pref,두산/2우B,SELL,7269.0,963,7000047.0,70000.47,66.44,8707832.061138112,rebalance_out,2001-12-14,,
2001-12-17,doosan,두산/우,BUY,7047.0,995,7011765.0,70117.65000000001,67.47,1625949.4111381117,rebalance_in,2001-12-14,67.83,66.83
2001-12-18,doosan,두산/우,SELL,6816.0,995,6781920.0,67819.2,67.38,8340050.211138112,rebalance_out,2001-12-17,,
2001-12-18,doosan_2pref,두산/2우B,BUY,7148.0,964,6890672.0,68906.72,65.79,1380471.4911381118,rebalance_in,2001-12-17,66.44,67.47
2001-12-19,doosan_2pref,두산/2우B,SELL,6983.0,964,6731612.0,67316.12,66.4,8044767.371138112,rebalance_out,2001-12-18,,
2001-12-19,doosan,두산/우,BUY,6673.0,1018,6793114.0,67931.14,67.89,1183722.231138112,rebalance_in,2001-12-18,67.38,65.79
2001-12-20,doosan,두산/우,SELL,6816.0,1018,6938688.0,69386.88,68.13,8053023.351138112,rebalance_out,2001-12-19,,
2001-12-20,doosan_2pref,두산/2우B,BUY,7093.0,958,6795094.0,67950.94,66.83,1189978.4111381117,rebalance_in,2001-12-19,66.4,67.89
2001-12-21,doosan_2pref,두산/2우B,SELL,6851.0,958,6563258.0,65632.58,67.38,7687603.831138112,rebalance_out,2001-12-20,,
2001-12-21,doosan,두산/우,BUY,6640.0,1005,6673200.0,66732.0,68.38,947671.8311381117,rebalance_in,2001-12-20,68.13,66.83
2001-12-24,doosan,두산/우,SELL,6662.0,1005,6695310.0,66953.1,68.28,7576028.731138112,rebalance_out,2001-12-21,,
2001-12-24,doosan_2pref,두산/2우B,BUY,6763.0,981,6634503.0,66345.03,67.8,875180.7011381118,rebalance_in,2001-12-21,67.38,68.38
2001-12-26,doosan_2pref,두산/2우B,SELL,6818.0,981,6688458.0,66884.58,66.66,7496754.121138112,rebalance_out,2001-12-24,,
2001-12-26,doosan,두산/우,BUY,6794.0,881,5985514.0,59855.14,66.78,1451384.981138112,rebalance_in,2001-12-24,68.28,67.8
2001-12-27,doosan,두산/우,SELL,6761.0,881,5956441.0,59564.41,67.03,7348261.571138112,rebalance_out,2001-12-26,,
2001-12-27,doosan_2pref,두산/2우B,BUY,6818.0,881,6006658.0,60066.58,66.75,1281536.9911381118,rebalance_in,2001-12-26,66.66,66.78
2001-12-28,doosan_2pref,두산/2우B,SELL,6928.0,881,6103568.0,61035.68,67.94,7324069.311138112,rebalance_out,2001-12-27,,
2001-12-28,doosan,두산/우,BUY,6816.0,902,6148032.0,61480.32,68.46,1114556.9911381118,rebalance_in,2001-12-27,67.03,66.75
2002-01-02,doosan,두산/우,SELL,6706.0,902,6048812.0,60488.12,68.48,7102880.871138112,rebalance_out,2001-12-28,,
2002-01-02,doosan_2pref,두산/2우B,BUY,6818.0,891,6074838.0,60748.380000000005,67.95,967294.4911381118,rebalance_in,2001-12-28,67.94,68.46
2002-01-04,doosan_2pref,두산/2우B,SELL,6928.0,891,6172848.0,61728.48,69.41,7078414.011138111,rebalance_out,2002-01-02,,
2002-01-04,doosan,두산/우,BUY,6761.0,897,6064617.0,60646.17,70.15,953150.8411381114,rebalance_in,2002-01-02,68.48,67.95
2002-01-07,doosan,두산/우,SELL,7069.0,897,6340893.0,63408.93,70.38,7230634.911138112,rebalance_out,2002-01-04,,
2002-01-07,doosan_2pref,두산/2우B,BUY,7093.0,863,6121259.0,61212.590000000004,70.27,1048163.3211381119,rebalance_in,2002-01-04,69.41,70.15
2002-01-08,doosan_2pref,두산/2우B,SELL,6873.0,863,5931399.0,59313.99,69.13,6920248.331138112,rebalance_out,2002-01-07,,
2002-01-08,doosan,두산/우,BUY,6871.0,875,6012125.0,60121.25,69.14,848002.0811381117,rebalance_in,2002-01-07,70.38,70.27
2002-01-10,doosan,두산/우,SELL,6816.0,875,5964000.0,59640.0,68.05,6752362.081138112,rebalance_out,2002-01-09,,
2002-01-10,hyundai_motor_3pref,현대차/3우,BUY,8900.0,733,6523700.0,65237.0,68.16,163425.08113811165,rebalance_in,2002-01-09,69.87,68.86
2002-01-23,hyundai_motor_3pref,현대차/3우,SELL,9140.0,733,6699620.0,66996.2,68.15,6796048.881138111,rebalance_out,2002-01-22,,
2002-01-23,doosan,두산/우,BUY,6761.0,917,6199837.0,61998.37,68.47,534213.5111381114,rebalance_in,2002-01-22,67.89,68.07
2002-02-01,doosan,두산/우,SELL,7442.0,917,6824314.0,68243.14,70.31,7290284.371138112,rebalance_out,2002-01-30,,
2002-02-01,hyundai_motor_3pref,현대차/3우,BUY,8830.0,723,6384090.0,63840.9,71.0,842353.4711381113,rebalance_in,2002-01-30,70.14,70.65
2002-02-04,hyundai_motor_3pref,현대차/3우,SELL,8540.0,723,6174420.0,61744.200000000004,70.85,6955029.271138111,rebalance_out,2002-02-01,,
2002-02-04,doosan,두산/우,BUY,7486.0,838,6273268.0,62732.68,67.66,619028.5911381114,rebalance_in,2002-02-01,70.31,71.0
2002-02-05,doosan,두산/우,SELL,7201.0,838,6034438.0,60344.380000000005,68.82,6593122.211138112,rebalance_out,2002-02-04,,
2002-02-05,hyundai_motor_3pref,현대차/3우,BUY,8500.0,698,5933000.0,59330.0,70.74,600792.2111381115,rebalance_in,2002-02-04,70.85,67.66
2002-02-06,hyundai_motor_3pref,현대차/3우,SELL,8630.0,698,6023740.0,60237.4,71.19,6564294.811138111,rebalance_out,2002-02-05,,
2002-02-06,doosan,두산/우,BUY,7201.0,822,5919222.0,59192.22,69.11,585880.5911381114,rebalance_in,2002-02-05,68.82,70.74
2002-02-07,doosan,두산/우,SELL,7190.0,822,5910180.0,59101.8,68.57,6436958.791138112,rebalance_out,2002-02-06,,
2002-02-07,hyundai_motor_3pref,현대차/3우,BUY,8700.0,660,5742000.0,57420.0,71.0,637538.7911381116,rebalance_in,2002-02-06,71.19,69.11
2002-02-08,hyundai_motor_3pref,현대차/3우,SELL,9010.0,660,5946600.0,59466.0,70.36,6524672.791138112,rebalance_out,2002-02-07,,
2002-02-08,doosan,두산/우,BUY,7300.0,796,5810800.0,58108.0,69.05,655764.7911381116,rebalance_in,2002-02-07,68.57,71.0
2002-02-14,doosan,두산/우,SELL,7915.0,796,6300340.0,63003.4,67.28,6893101.391138111,rebalance_out,2002-02-08,,
2002-02-14,hyundai_motor_3pref,현대차/3우,BUY,10350.0,577,5971950.0,59719.5,68.64,861431.8911381112,rebalance_in,2002-02-08,70.36,69.05
2002-02-15,hyundai_motor_3pref,현대차/3우,SELL,11650.0,577,6722050.0,67220.5,66.52,7516261.391138111,rebalance_out,2002-02-14,,
2002-02-15,doosan,두산/우,BUY,8443.0,736,6214048.0,62140.48,66.03,1240072.9111381108,rebalance_in,2002-02-14,67.28,68.64
2002-02-18,doosan,두산/우,SELL,9443.0,736,6950048.0,69500.48,63.14,8120620.43113811,rebalance_out,2002-02-15,,
2002-02-18,hyundai_motor_3pref,현대차/3우,BUY,13150.0,488,6417200.0,64172.0,62.8,1639248.4311381103,rebalance_in,2002-02-15,66.52,66.03
2002-02-19,hyundai_motor_3pref,현대차/3우,SELL,12900.0,488,6295200.0,62952.0,63.66,7871496.43113811,rebalance_out,2002-02-18,,
2002-02-19,doosan,두산/우,BUY,9311.0,673,6266303.0,62663.03,63.26,1542530.40113811,rebalance_in,2002-02-18,63.14,62.8
2002-02-20,doosan,두산/우,SELL,10707.0,673,7205811.0,72058.11,59.34,8676283.291138109,rebalance_out,2002-02-19,,
2002-02-20,hyundai_motor_3pref,현대차/3우,BUY,13200.0,495,6534000.0,65340.0,60.71,2076943.2911381088,rebalance_in,2002-02-19,63.66,63.26
2002-02-21,hyundai_motor_3pref,현대차/3우,SELL,12900.0,495,6385500.0,63855.0,62.28,8398588.291138109,rebalance_out,2002-02-20,,
2002-02-21,doosan,두산/우,BUY,11433.0,562,6425346.0,64253.46,56.77,1908988.8311381089,rebalance_in,2002-02-20,59.34,60.71
2002-02-22,doosan,두산/우,SELL,11433.0,562,6425346.0,64253.46,57.39,8270081.371138109,rebalance_out,2002-02-21,,
2002-02-22,hyundai_motor_3pref,현대차/3우,BUY,12000.0,527,6324000.0,63240.0,64.65,1882841.371138109,rebalance_in,2002-02-21,62.28,56.77
2002-03-06,hyundai_motor_3pref,현대차/3우,SELL,14000.0,527,7378000.0,73780.0,62.77,9187061.371138109,rebalance_out,2002-03-05,,
2002-03-06,amore_holdings,아모레G,BUY,3693.0,1819,6717567.0,67175.67,63.69,2402318.701138109,rebalance_in,2002-03-05,61.84,62.82
2002-03-07,amore_holdings,아모레G,SELL,3597.0,1819,6542943.0,65429.43,64.98,8879832.27113811,rebalance_out,2002-03-06,,
2002-03-07,hyundai_motor_3pref,현대차/3우,BUY,13550.0,488,6612400.0,66124.0,63.08,2201308.2711381093,rebalance_in,2002-03-06,62.77,63.69
2002-03-08,hyundai_motor_3pref,현대차/3우,SELL,13600.0,488,6636800.0,66368.0,62.84,8771740.27113811,rebalance_out,2002-03-07,,
2002-03-08,amore_holdings,아모레G,BUY,3508.0,1875,6577500.0,65775.0,65.51,2128465.2711381093,rebalance_in,2002-03-07,64.98,63.08
2002-03-11,amore_holdings,아모레G,SELL,3576.0,1875,6705000.0,67050.0,64.95,8766415.27113811,rebalance_out,2002-03-08,,
2002-03-11,hyundai_motor_3pref,현대차/3우,BUY,14250.0,457,6512250.0,65122.5,60.36,2189042.7711381093,rebalance_in,2002-03-08,62.84,65.51
2002-03-12,hyundai_motor_3pref,현대차/3우,SELL,14800.0,457,6763600.0,67636.0,61.26,8885006.77113811,rebalance_out,2002-03-11,,
2002-03-12,amore_holdings,아모레G,BUY,3672.0,1785,6554520.0,65545.2,65.51,2264941.571138109,rebalance_in,2002-03-11,64.95,60.36
2002-03-13,amore_holdings,아모레G,SELL,3624.0,1785,6468840.0,64688.4,66.18,8669093.171138108,rebalance_out,2002-03-12,,
2002-03-13,doosan,두산/우,BUY,10004.0,644,6442576.0,64425.76,63.24,2162091.411138108,rebalance_in,2002-03-12,63.25,65.51
2002-03-14,doosan,두산/우,SELL,9729.0,644,6265476.0,62654.76,63.81,8364912.651138108,rebalance_out,2002-03-13,,
2002-03-14,amore_holdings,아모레G,BUY,3638.0,1765,6421070.0,64210.700000000004,70.47,1879631.951138108,rebalance_in,2002-03-13,66.18,63.24
2002-03-21,amore_holdings,아모레G,SELL,4318.0,1765,7621270.0,76212.7,59.84,9424689.251138108,rebalance_out,2002-03-20,,
2002-03-21,doosan,두산/우,BUY,10872.0,634,6892848.0,68928.48,62.69,2462912.7711381074,rebalance_in,2002-03-20,62.8,60.67
2002-04-01,doosan,두산/우,SELL,12752.0,634,8084768.0,80847.68000000001,52.76,10466833.091138108,rebalance_out,2002-03-29,,
2002-04-01,amore_holdings,아모레G,BUY,4331.0,1658,7180798.0,71807.98,57.27,3214227.1111381073,rebalance_in,2002-03-29,60.29,57.93
2002-04-11,amore_holdings,아모레G,SELL,4599.0,1658,7625142.0,76251.42,54.47,10763117.691138107,rebalance_out,2002-04-10,,
2002-04-11,hyundai_motor_3pref,현대차/3우,BUY,17550.0,420,7371000.0,73710.0,57.35,3318407.6911381073,rebalance_in,2002-04-10,58.66,54.93
2002-04-26,hyundai_motor_3pref,현대차/3우,SELL,19650.0,420,8253000.0,82530.0,60.7,11488877.691138107,rebalance_out,2002-04-25,,
2002-04-26,doosan,두산/우,BUY,9663.0,741,7160283.0,71602.83,58.15,4256991.861138107,rebalance_in,2002-04-25,57.98,60.0
2002-04-29,doosan,두산/우,SELL,9025.0,741,6687525.0,66875.25,59.16,10877641.611138107,rebalance_out,2002-04-26,,
2002-04-29,hyundai_motor_3pref,현대차/3우,BUY,18550.0,375,6956250.0,69562.5,61.59,3851829.1111381073,rebalance_in,2002-04-26,60.7,58.15
2002-04-30,hyundai_motor_3pref,현대차/3우,SELL,18300.0,375,6862500.0,68625.0,61.88,10645704.111138107,rebalance_out,2002-04-29,,
2002-04-30,doosan,두산/우,BUY,9344.0,737,6886528.0,68865.28,59.73,3690310.831138107,rebalance_in,2002-04-29,59.16,61.59
2002-05-02,doosan,두산/우,SELL,9619.0,737,7089203.0,70892.03,58.93,10708621.801138107,rebalance_out,2002-04-30,,
2002-05-02,hyundai_motor_3pref,현대차/3우,BUY,18650.0,370,6900500.0,69005.0,62.32,3739116.8011381067,rebalance_in,2002-04-30,61.88,59.73
2002-05-13,hyundai_motor_3pref,현대차/3우,SELL,16300.0,370,6031000.0,60310.0,62.7,9709806.801138107,rebalance_out,2002-05-10,,
2002-05-13,hyundai_motor,현대차/2우B,BUY,17100.0,367,6275700.0,62757.0,60.87,3371349.8011381067,rebalance_in,2002-05-10,61.0,62.22
2002-05-14,hyundai_motor,현대차/2우B,SELL,17200.0,367,6312400.0,63124.0,60.91,9620625.801138107,rebalance_out,2002-05-13,,
2002-05-14,hyundai_motor_3pref,현대차/3우,BUY,16450.0,380,6251000.0,62510.0,62.61,3307115.8011381067,rebalance_in,2002-05-13,62.7,60.87
2002-05-16,hyundai_motor_3pref,현대차/3우,SELL,17850.0,380,6783000.0,67830.0,63.38,10022285.801138107,rebalance_out,2002-05-14,,
2002-05-16,hyundai_motor,현대차/2우B,BUY,18800.0,343,6448400.0,64484.0,61.44,3509401.8011381067,rebalance_in,2002-05-14,60.91,62.61
2002-05-20,hyundai_motor,현대차/2우B,SELL,18900.0,343,6482700.0,64827.0,61.74,9927274.801138107,rebalance_out,2002-05-16,,
2002-05-20,hyundai_motor_3pref,현대차/3우,BUY,18000.0,360,6480000.0,64800.0,63.56,3382474.8011381067,rebalance_in,2002-05-16,63.38,61.44
2002-07-11,hyundai_motor_3pref,현대차/3우,SELL,12000.0,360,4320000.0,43200.0,66.1,7659274.801138107,rebalance_out,2002-07-09,,
2002-07-11,hyundai_motor,현대차/2우B,BUY,13050.0,397,5180850.0,51808.5,63.14,2426616.3011381067,rebalance_in,2002-07-09,64.14,66.92
2002-07-15,hyundai_motor,현대차/2우B,SELL,12400.0,397,4922800.0,49228.0,62.99,7300188.301138107,rebalance_out,2002-07-11,,
2002-07-15,hyundai_motor_3pref,현대차/3우,BUY,11600.0,436,5057600.0,50576.0,65.37,2192012.3011381067,rebalance_in,2002-07-11,66.1,63.14
2002-09-09,hyundai_motor_3pref,현대차/3우,SELL,13400.0,436,5842400.0,58424.0,58.19,7975988.301138107,rebalance_out,2002-09-06,,
2002-09-09,doosan,두산/우,BUY,6574.0,894,5877156.0,58771.56,56.68,2040060.7411381071,rebalance_in,2002-09-06,56.28,57.88
2002-09-10,doosan,두산/우,SELL,6574.0,894,5877156.0,58771.56,56.2,7858445.181138108,rebalance_out,2002-09-09,,
2002-09-10,hyundai_motor_3pref,현대차/3우,BUY,13450.0,434,5837300.0,58373.0,58.29,1962772.1811381076,rebalance_in,2002-09-09,58.19,56.68
2002-09-11,hyundai_motor_3pref,현대차/3우,SELL,13500.0,434,5859000.0,58590.0,58.46,7763182.181138108,rebalance_out,2002-09-10,,
2002-09-11,doosan,두산/우,BUY,6596.0,1121,7394116.0,73941.16,58.2,295125.0211381074,rebalance_in,2002-09-10,56.2,58.29
2002-09-12,doosan,두산/우,SELL,6673.0,1121,7480433.0,74804.33,57.56,7700753.691138107,rebalance_out,2002-09-11,,
2002-09-12,hyundai_motor_3pref,현대차/3우,BUY,14000.0,488,6832000.0,68320.0,58.64,800433.6911381073,rebalance_in,2002-09-11,58.46,58.2
2002-10-29,hyundai_motor_3pref,현대차/3우,SELL,13700.0,488,6685600.0,66856.0,57.98,7419177.691138107,rebalance_out,2002-10-28,,
2002-10-29,doosan,두산/우,BUY,4892.0,1118,5469256.0,54692.56,57.22,1895229.1311381077,rebalance_in,2002-10-28,57.65,57.38
2002-11-08,doosan,두산/우,SELL,4601.0,1118,5143918.0,51439.18,57.74,6987707.951138108,rebalance_out,2002-10-29,,
2002-11-08,lotte_chilsung,롯데칠성,BUY,26600.0,199,5293400.0,52934.0,54.37,1641373.951138108,rebalance_in,2002-10-29,59.48,57.22
2002-11-12,lotte_chilsung,롯데칠성,SELL,27400.0,199,5452600.0,54526.0,52.35,7039447.951138108,rebalance_out,2002-11-08,,
2002-11-12,doosan,두산/우,BUY,4496.0,1160,5215360.0,52153.6,57.32,1771934.3511381084,rebalance_in,2002-11-08,57.74,54.37
2002-11-13,doosan,두산/우,SELL,4474.0,1160,5189840.0,51898.4,57.57,6909875.951138108,rebalance_out,2002-11-12,,
2002-11-13,hyundai_motor_3pref,현대차/3우,BUY,12850.0,399,5127150.0,51271.5,55.92,1731454.451138108,rebalance_in,2002-11-12,55.48,57.32
2002-11-14,hyundai_motor_3pref,현대차/3우,SELL,12900.0,399,5147100.0,51471.0,56.05,6827083.451138108,rebalance_out,2002-11-13,,
2002-11-14,doosan,두산/우,BUY,4546.0,1122,5100612.0,51006.12,57.6,1675465.331138108,rebalance_in,2002-11-13,57.57,55.92
2002-11-15,doosan,두산/우,SELL,4656.0,1122,5224032.0,52240.32,58.89,6847257.011138108,rebalance_out,2002-11-14,,
2002-11-15,hyundai_motor_3pref,현대차/3우,BUY,12950.0,394,5102300.0,51023.0,56.98,1693934.0111381076,rebalance_in,2002-11-14,56.05,57.6
2002-11-18,hyundai_motor_3pref,현대차/3우,SELL,12750.0,394,5023500.0,50235.0,56.71,6667199.011138108,rebalance_out,2002-11-15,,
2002-11-18,doosan,두산/우,BUY,4672.0,1080,5045760.0,50457.6,58.95,1570981.411138108,rebalance_in,2002-11-15,58.89,56.98
2002-11-19,doosan,두산/우,SELL,4650.0,1080,5022000.0,50220.0,59.34,6542761.411138108,rebalance_out,2002-11-18,,
2002-11-19,hyundai_motor_3pref,현대차/3우,BUY,12650.0,395,4996750.0,49967.5,57.26,1496043.911138108,rebalance_in,2002-11-18,56.71,58.95
2002-11-20,hyundai_motor_3pref,현대차/3우,SELL,13100.0,395,5174500.0,51745.0,56.19,6618798.911138108,rebalance_out,2002-11-19,,
2002-11-20,doosan,두산/우,BUY,4628.0,1087,5030636.0,50306.36,59.72,1537856.5511381077,rebalance_in,2002-11-19,59.34,57.26
2002-11-21,doosan,두산/우,SELL,4683.0,1087,5090421.0,50904.21,59.05,6577373.341138108,rebalance_out,2002-11-20,,
2002-11-21,hyundai_motor_3pref,현대차/3우,BUY,13250.0,379,5021750.0,50217.5,56.27,1505405.8411381077,rebalance_in,2002-11-20,56.19,59.72
2002-11-22,hyundai_motor_3pref,현대차/3우,SELL,13550.0,379,5135450.0,51354.5,56.43,6589501.341138108,rebalance_out,2002-11-21,,
2002-11-22,doosan,두산/우,BUY,4656.0,1080,5028480.0,50284.8,59.09,1510736.541138108,rebalance_in,2002-11-21,59.05,56.27
2002-11-25,doosan,두산/우,SELL,4634.0,1080,5004720.0,50047.200000000004,58.89,6465409.341138108,rebalance_out,2002-11-22,,
2002-11-25,hyundai_motor_3pref,현대차/3우,BUY,14100.0,353,4977300.0,49773.0,57.4,1438336.3411381077,rebalance_in,2002-11-22,56.43,59.09
2002-11-26,hyundai_motor_3pref,현대차/3우,SELL,14300.0,353,5047900.0,50479.0,57.69,6435757.341138108,rebalance_out,2002-11-25,,
2002-11-26,doosan,두산/우,BUY,4689.0,1062,4979718.0,49797.18,59.0,1406242.161138108,rebalance_in,2002-11-25,58.89,57.4
2002-11-27,doosan,두산/우,SELL,4771.0,1062,5066802.0,50668.020000000004,60.38,6422376.141138108,rebalance_out,2002-11-26,,
2002-11-27,hyundai_motor_3pref,현대차/3우,BUY,14500.0,343,4973500.0,49735.0,57.48,1399141.1411381084,rebalance_in,2002-11-26,57.69,59.0
2002-11-28,hyundai_motor_3pref,현대차/3우,SELL,14300.0,343,4904900.0,49049.0,56.93,6254992.141138108,rebalance_out,2002-11-27,,
2002-11-28,doosan,두산/우,BUY,5057.0,973,4920461.0,49204.61,59.66,1285326.531138108,rebalance_in,2002-11-27,60.38,57.48
2002-11-29,doosan,두산/우,SELL,5035.0,973,4899055.0,48990.55,60.36,6135390.981138108,rebalance_out,2002-11-28,,
2002-11-29,hyundai_motor_3pref,현대차/3우,BUY,14700.0,361,5306700.0,53067.0,58.12,775623.9811381083,rebalance_in,2002-11-28,56.93,59.66
2002-12-03,hyundai_motor_3pref,현대차/3우,SELL,14550.0,361,5252550.0,52525.5,59.58,5975648.481138108,rebalance_out,2002-11-29,,
2002-12-03,doosan,두산/우,BUY,4980.0,1079,5373420.0,53734.200000000004,60.1,548494.2811381081,rebalance_in,2002-11-29,60.36,58.12
2002-12-04,doosan,두산/우,SELL,4815.0,1079,5195385.0,51953.85,60.01,5691925.4311381085,rebalance_out,2002-12-03,,
2002-12-04,hyundai_motor_3pref,현대차/3우,BUY,13850.0,381,5276850.0,52768.5,59.26,362306.9311381085,rebalance_in,2002-12-03,59.58,60.1
2002-12-05,hyundai_motor_3pref,현대차/3우,SELL,14050.0,381,5353050.0,53530.5,58.92,5661826.4311381085,rebalance_out,2002-12-04,,
2002-12-05,doosan,두산/우,BUY,4876.0,1080,5266080.0,52660.8,60.05,343085.63113810867,rebalance_in,2002-12-04,60.01,59.26
2002-12-06,doosan,두산/우,SELL,4876.0,1080,5266080.0,52660.8,59.87,5556504.831138109,rebalance_out,2002-12-05,,
2002-12-06,hyundai_motor_3pref,현대차/3우,BUY,14200.0,368,5225600.0,52256.0,58.11,278648.83113810886,rebalance_in,2002-12-05,58.92,60.05
2002-12-09,hyundai_motor_3pref,현대차/3우,SELL,14000.0,368,5152000.0,51520.0,57.32,5379128.831138109,rebalance_out,2002-12-06,,
2002-12-09,doosan,두산/우,BUY,4859.0,1091,5301169.0,53011.69,60.19,24948.141138108447,rebalance_in,2002-12-06,59.87,58.11
2002-12-10,doosan,두산/우,SELL,4848.0,1091,5289168.0,52891.68,60.46,5261224.461138109,rebalance_out,2002-12-09,,
2002-12-10,hyundai_motor_3pref,현대차/3우,BUY,14050.0,370,5198500.0,51985.0,56.37,10739.461138108745,rebalance_in,2002-12-09,57.32,60.19
2002-12-11,hyundai_motor_3pref,현대차/3우,SELL,14100.0,370,5217000.0,52170.0,56.07,5175569.461138109,rebalance_out,2002-12-10,,
2002-12-11,doosan,두산/우,BUY,4881.0,1049,5120169.0,51201.69,59.46,4198.771138108335,rebalance_in,2002-12-10,60.46,56.37
2002-12-12,doosan,두산/우,SELL,4881.0,1049,5120169.0,51201.69,59.65,5073166.081138108,rebalance_out,2002-12-11,,
2002-12-12,hyundai_motor_3pref,현대차/3우,BUY,14300.0,351,5019300.0,50193.0,56.27,3673.0811381079257,rebalance_in,2002-12-11,56.07,59.46
2002-12-13,hyundai_motor_3pref,현대차/3우,SELL,14200.0,351,4984200.0,49842.0,55.69,4938031.081138108,rebalance_out,2002-12-12,,
2002-12-13,doosan,두산/우,BUY,4848.0,1008,4886784.0,48867.840000000004,59.74,2379.2411381080747,rebalance_in,2002-12-12,59.65,56.27
2002-12-26,doosan,두산/우,SELL,4216.0,1008,4249728.0,42497.28,58.01,4209609.961138108,rebalance_out,2002-12-24,,
2002-12-26,hyundai_motor_3pref,현대차/3우,BUY,12900.0,323,4166700.0,41667.0,57.98,1242.961138107814,rebalance_in,2002-12-24,57.24,58.45
2002-12-27,hyundai_motor_3pref,현대차/3우,SELL,11600.0,323,3746800.0,37468.0,61.2,4001274.961138108,rebalance_out,2002-12-26,,
2002-12-27,doosan,두산/우,BUY,4128.0,959,3958752.0,39587.520000000004,58.06,2935.4411381077953,rebalance_in,2002-12-26,58.01,57.98
2002-12-30,doosan,두산/우,SELL,3837.0,959,3679683.0,36796.83,60.35,3645821.6111381077,rebalance_out,2002-12-27,,
2002-12-30,hyundai_motor_3pref,현대차/3우,BUY,10700.0,337,3605900.0,36059.0,61.44,3862.6111381077208,rebalance_in,2002-12-27,61.2,58.06
2003-01-02,hyundai_motor_3pref,현대차/3우,SELL,11050.0,337,3723850.0,37238.5,61.36,3690474.1111381077,rebalance_out,2002-12-30,,
2003-01-02,doosan,두산/우,BUY,3958.0,923,3653234.0,36532.340000000004,60.88,707.7711381078698,rebalance_in,2002-12-30,60.35,61.44
2003-01-03,doosan,두산/우,SELL,4068.0,923,3754764.0,37547.64,61.06,3717924.1311381077,rebalance_out,2003-01-02,,
2003-01-03,hyundai_motor_3pref,현대차/3우,BUY,11700.0,314,3673800.0,36738.0,60.8,7386.131138107739,rebalance_in,2003-01-02,61.36,60.88
2003-01-06,hyundai_motor_3pref,현대차/3우,SELL,12050.0,314,3783700.0,37837.0,60.17,3753249.1311381077,rebalance_out,2003-01-03,,
2003-01-06,doosan,두산/우,BUY,4111.0,903,3712233.0,37122.33,60.1,3893.801138107665,rebalance_in,2003-01-03,61.06,60.8
2003-01-07,doosan,두산/우,SELL,4024.0,903,3633672.0,36336.72,61.48,3601229.0811381075,rebalance_out,2003-01-06,,
2003-01-07,hyundai_motor_3pref,현대차/3우,BUY,11700.0,304,3556800.0,35568.0,59.52,8861.08113810746,rebalance_in,2003-01-06,60.17,60.1
2003-01-08,hyundai_motor_3pref,현대차/3우,SELL,11450.0,304,3480800.0,34808.0,60.03,3454853.0811381075,rebalance_out,2003-01-07,,
2003-01-08,doosan,두산/우,BUY,4002.0,854,3417708.0,34177.08,61.89,2968.0011381073855,rebalance_in,2003-01-07,61.48,59.52
2003-01-09,doosan,두산/우,SELL,3903.0,854,3333162.0,33331.62,62.56,3302798.3811381073,rebalance_out,2003-01-08,,
2003-01-09,hyundai_motor_3pref,현대차/3우,BUY,11050.0,295,3259750.0,32597.5,59.07,10450.881138107274,rebalance_in,2003-01-08,60.03,61.89
2003-01-10,hyundai_motor_3pref,현대차/3우,SELL,10650.0,295,3141750.0,31417.5,59.89,3120783.3811381073,rebalance_out,2003-01-09,,
2003-01-10,doosan,두산/우,BUY,3897.0,792,3086424.0,30864.24,62.5,3495.14113810705,rebalance_in,2003-01-09,62.56,59.07
2003-01-13,doosan,두산/우,SELL,3958.0,792,3134736.0,31347.36,62.15,3106883.781138107,rebalance_out,2003-01-10,,
2003-01-13,hyundai_motor_3pref,현대차/3우,BUY,10900.0,282,3073800.0,30738.0,60.07,2345.7811381071806,rebalance_in,2003-01-10,59.89,62.5
2003-01-14,hyundai_motor_3pref,현대차/3우,SELL,11100.0,282,3130200.0,31302.0,60.64,3101243.781138107,rebalance_out,2003-01-13,,
2003-01-14,doosan,두산/우,BUY,3930.0,781,3069330.0,30693.3,61.98,1220.4811381073669,rebalance_in,2003-01-13,62.15,60.07
2003-01-15,doosan,두산/우,SELL,3859.0,781,3013879.0,30138.79,61.94,2984960.6911381073,rebalance_out,2003-01-14,,
2003-01-15,hyundai_motor_3pref,현대차/3우,BUY,11050.0,267,2950350.0,29503.5,60.54,5107.19113810733,rebalance_in,2003-01-14,60.64,61.98
2003-01-16,hyundai_motor_3pref,현대차/3우,SELL,11000.0,267,2937000.0,29370.0,60.07,2912737.1911381073,rebalance_out,2003-01-15,,
2003-01-16,doosan,두산/우,BUY,3892.0,740,2880080.0,28800.8,61.61,3856.391138107516,rebalance_in,2003-01-15,61.94,60.54
2003-01-17,doosan,두산/우,SELL,3892.0,740,2880080.0,28800.8,60.89,2855135.5911381077,rebalance_out,2003-01-16,,
2003-01-17,hyundai_motor_3pref,현대차/3우,BUY,10800.0,261,2818800.0,28188.0,59.85,8147.591138107702,rebalance_in,2003-01-16,60.07,61.61
2003-01-20,hyundai_motor_3pref,현대차/3우,SELL,10750.0,261,2805750.0,28057.5,59.43,2785840.0911381077,rebalance_out,2003-01-17,,
2003-01-20,doosan,두산/우,BUY,3859.0,714,2755326.0,27553.260000000002,60.57,2960.8311381079257,rebalance_in,2003-01-17,60.89,59.85
2003-01-21,doosan,두산/우,SELL,3837.0,714,2739618.0,27396.18,61.15,2715182.6511381078,rebalance_out,2003-01-20,,
2003-01-21,hyundai_motor_3pref,현대차/3우,BUY,10550.0,254,2679700.0,26797.0,60.19,8685.651138107758,rebalance_in,2003-01-20,59.43,60.57
2003-01-22,hyundai_motor_3pref,현대차/3우,SELL,10250.0,254,2603500.0,26035.0,60.27,2586150.6511381078,rebalance_out,2003-01-21,,
2003-01-22,doosan,두산/우,BUY,3771.0,679,2560509.0,25605.09,60.54,36.56113810790703,rebalance_in,2003-01-21,61.15,60.19
2003-01-23,doosan,두산/우,SELL,3771.0,679,2560509.0,25605.09,60.81,2534940.471138108,rebalance_out,2003-01-22,,
2003-01-23,hyundai_motor_3pref,현대차/3우,BUY,10300.0,243,2502900.0,25029.0,60.98,7011.471138108056,rebalance_in,2003-01-22,60.27,60.54
2003-01-24,hyundai_motor_3pref,현대차/3우,SELL,10000.0,243,2430000.0,24300.0,60.86,2412711.471138108,rebalance_out,2003-01-23,,
2003-01-24,doosan,두산/우,BUY,3633.0,657,2386881.0,23868.81,61.67,1961.6611381080002,rebalance_in,2003-01-23,60.81,60.98
2003-01-29,doosan,두산/우,SELL,3512.0,657,2307384.0,23073.84,58.52,2286271.821138108,rebalance_out,2003-01-24,,
2003-01-29,hyundai_motor_3pref,현대차/3우,BUY,9900.0,228,2257200.0,22572.0,58.75,6499.821138108149,rebalance_in,2003-01-24,60.86,61.67
2003-02-07,hyundai_motor_3pref,현대차/3우,SELL,10450.0,228,2382600.0,23826.0,58.78,2365273.821138108,rebalance_out,2003-02-06,,
2003-02-07,doosan,두산/우,BUY,3468.0,675,2340900.0,23409.0,58.11,964.8211381081492,rebalance_in,2003-02-06,58.45,58.2
2003-02-18,doosan,두산/우,SELL,3644.0,675,2459700.0,24597.0,56.39,2436067.821138108,rebalance_out,2003-02-17,,
2003-02-18,hyundai_motor_3pref,현대차/3우,BUY,11400.0,211,2405400.0,24054.0,58.39,6613.821138108149,rebalance_in,2003-02-17,58.3,56.67
2003-03-04,hyundai_motor_3pref,현대차/3우,SELL,10600.0,211,2236600.0,22366.0,58.1,2220847.821138108,rebalance_out,2003-03-03,,
2003-03-04,doosan,두산/우,BUY,3397.0,647,2197859.0,21978.59,60.6,1010.2311381082982,rebalance_in,2003-03-03,61.38,57.8
2003-03-05,doosan,두산/우,SELL,3309.0,647,2140923.0,21409.23,59.0,2120524.0011381083,rebalance_out,2003-03-04,,
2003-03-05,hyundai_motor_3pref,현대차/3우,BUY,10250.0,204,2091000.0,20910.0,56.2,8614.001138108317,rebalance_in,2003-03-04,58.1,60.6
2003-03-06,hyundai_motor_3pref,현대차/3우,SELL,10000.0,204,2040000.0,20400.0,54.75,2028214.0011381083,rebalance_out,2003-03-05,,
2003-03-06,doosan,두산/우,BUY,3336.0,601,2004936.0,20049.36,58.32,3228.6411381082144,rebalance_in,2003-03-05,59.0,56.2
2003-03-17,doosan,두산/우,SELL,2737.0,601,1644937.0,16449.37,62.28,1631716.271138108,rebalance_out,2003-03-14,,
2003-03-17,hyundai_motor_3pref,현대차/3우,BUY,9600.0,168,1612800.0,16128.0,55.76,2788.2711381081026,rebalance_in,2003-03-14,57.2,61.42
2003-03-18,hyundai_motor_3pref,현대차/3우,SELL,9960.0,168,1673280.0,16732.8,57.71,1659335.471138108,rebalance_out,2003-03-17,,
2003-03-18,doosan,두산/우,BUY,2913.0,563,1640019.0,16400.19,61.66,2916.281138108112,rebalance_in,2003-03-17,62.28,55.76
2003-03-19,doosan,두산/우,SELL,2924.0,563,1646212.0,16462.12,61.51,1632666.161138108,rebalance_out,2003-03-18,,
2003-03-19,hyundai_motor_3pref,현대차/3우,BUY,9900.0,163,1613700.0,16137.0,57.33,2829.161138108,rebalance_in,2003-03-18,57.71,61.66
2003-03-20,hyundai_motor_3pref,현대차/3우,SELL,10650.0,163,1735950.0,17359.5,56.71,1721419.661138108,rebalance_out,2003-03-19,,
2003-03-20,doosan,두산/우,BUY,3128.0,544,1701632.0,17016.32,61.09,2771.341138107935,rebalance_in,2003-03-19,61.51,57.33
2003-03-21,doosan,두산/우,SELL,3155.0,544,1716320.0,17163.2,61.74,1701928.141138108,rebalance_out,2003-03-20,,
2003-03-21,hyundai_motor_3pref,현대차/3우,BUY,11000.0,153,1683000.0,16830.0,57.2,2098.1411381079815,rebalance_in,2003-03-20,56.71,61.09
2003-03-24,hyundai_motor_3pref,현대차/3우,SELL,10900.0,153,1667700.0,16677.0,57.5,1653121.141138108,rebalance_out,2003-03-21,,
2003-03-24,doosan,두산/우,BUY,3166.0,516,1633656.0,16336.56,61.09,3128.5811381079257,rebalance_in,2003-03-21,61.74,57.2
2003-03-25,doosan,두산/우,SELL,3067.0,516,1582572.0,15825.720000000001,60.66,1569874.861138108,rebalance_out,2003-03-24,,
2003-03-25,hyundai_motor_3pref,현대차/3우,BUY,10350.0,150,1552500.0,15525.0,58.1,1849.8611381079536,rebalance_in,2003-03-24,57.5,61.09
2003-03-26,hyundai_motor_3pref,현대차/3우,SELL,10450.0,150,1567500.0,15675.0,58.37,1553674.861138108,rebalance_out,2003-03-25,,
2003-03-26,doosan,두산/우,BUY,3067.0,501,1536567.0,15365.67,60.71,1742.191138108028,rebalance_in,2003-03-25,60.66,58.1
2003-03-27,doosan,두산/우,SELL,3067.0,501,1536567.0,15365.67,60.04,1522943.521138108,rebalance_out,2003-03-26,,
2003-03-27,hyundai_motor_3pref,현대차/3우,BUY,10850.0,138,1497300.0,14973.0,57.37,10670.521138108103,rebalance_in,2003-03-26,58.37,60.71
2003-03-28,hyundai_motor_3pref,현대차/3우,SELL,11350.0,138,1566300.0,15663.0,55.84,1561307.521138108,rebalance_out,2003-03-27,,
2003-03-28,doosan,두산/우,BUY,3232.0,478,1544896.0,15448.960000000001,59.57,962.5611381081399,rebalance_in,2003-03-27,60.04,57.37
2003-03-31,doosan,두산/우,SELL,3144.0,478,1502832.0,15028.32,60.29,1488766.241138108,rebalance_out,2003-03-28,,
2003-03-31,hyundai_motor_3pref,현대차/3우,BUY,10650.0,138,1469700.0,14697.0,55.62,4369.241138108075,rebalance_in,2003-03-28,55.84,59.57
2003-04-01,hyundai_motor_3pref,현대차/3우,SELL,10250.0,138,1414500.0,14145.0,55.53,1404724.241138108,rebalance_out,2003-03-31,,
2003-04-01,doosan,두산/우,BUY,3100.0,448,1388800.0,13888.0,59.9,2036.2411381080747,rebalance_in,2003-03-31,60.29,55.62
2003-04-21,doosan,두산/우,SELL,3771.0,448,1689408.0,16894.08,61.08,1674550.161138108,rebalance_out,2003-04-18,,
2003-04-21,amore_holdings,아모레G,BUY,2986.0,555,1657230.0,16572.3,59.49,747.8611381079536,rebalance_in,2003-04-18,59.49,61.33
2003-04-23,amore_holdings,아모레G,SELL,3020.0,555,1676100.0,16761.0,58.06,1660086.861138108,rebalance_out,2003-04-21,,
2003-04-23,doosan,두산/우,BUY,3782.0,434,1641388.0,16413.88,59.87,2284.9811381080654,rebalance_in,2003-04-21,61.08,59.49
2003-05-23,doosan,두산/우,SELL,3551.0,434,1541134.0,15411.34,64.16,1528007.641138108,rebalance_out,2003-05-19,,
2003-05-23,lotte_chilsung,롯데칠성,BUY,25000.0,60,1500000.0,15000.0,62.69,13007.641138107982,rebalance_in,2003-05-19,63.04,62.86
2003-05-26,lotte_chilsung,롯데칠성,SELL,24800.0,60,1488000.0,14880.0,63.31,1486127.641138108,rebalance_out,2003-05-23,,
2003-05-26,doosan,두산/우,BUY,3672.0,400,1468800.0,14688.0,64.21,2639.6411381079815,rebalance_in,2003-05-23,64.16,62.69
2003-06-10,doosan,두산/우,SELL,3677.0,400,1470800.0,14708.0,64.0,1458731.641138108,rebalance_out,2003-06-09,,
2003-06-10,hyundai_motor_3pref,현대차/3우,BUY,14000.0,103,1442000.0,14420.0,57.19,2311.6411381079815,rebalance_in,2003-06-09,56.84,63.79
2003-06-11,hyundai_motor_3pref,현대차/3우,SELL,13800.0,103,1421400.0,14214.0,57.54,1409497.641138108,rebalance_out,2003-06-10,,
2003-06-11,doosan,두산/우,BUY,3595.0,388,1394860.0,13948.6,64.85,689.0411381078884,rebalance_in,2003-06-10,64.0,57.19
2003-06-12,doosan,두산/우,SELL,3584.0,388,1390592.0,13905.92,64.73,1377375.121138108,rebalance_out,2003-06-11,,
2003-06-12,hyundai_motor_3pref,현대차/3우,BUY,13600.0,100,1360000.0,13600.0,56.89,3775.121138107963,rebalance_in,2003-06-11,57.54,64.85
2003-06-13,hyundai_motor_3pref,현대차/3우,SELL,13250.0,100,1325000.0,13250.0,57.4,1315525.121138108,rebalance_out,2003-06-12,,
2003-06-13,doosan,두산/우,BUY,3622.0,359,1300298.0,13002.98,64.19,2224.1411381079815,rebalance_in,2003-06-12,64.73,56.89
2003-08-29,doosan,두산/우,SELL,3650.0,359,1310350.0,13103.5,66.81,1299470.641138108,rebalance_out,2003-08-28,,
2003-08-29,namyang_dairy,남양유업,BUY,9487.0,135,1280745.0,12807.45,63.51,5918.191138108028,rebalance_in,2003-08-28,63.24,66.54
2003-09-01,namyang_dairy,남양유업,SELL,9576.0,135,1292760.0,12927.6,65.68,1285750.591138108,rebalance_out,2003-08-29,,
2003-09-01,doosan,두산/우,BUY,3716.0,342,1270872.0,12708.720000000001,66.54,2169.871138107963,rebalance_in,2003-08-29,66.81,63.51
2003-09-02,doosan,두산/우,SELL,3782.0,342,1293444.0,12934.44,65.95,1282679.431138108,rebalance_out,2003-09-01,,
2003-09-02,namyang_dairy,남양유업,BUY,9289.0,136,1263304.0,12633.04,66.28,6742.3911381079815,rebalance_in,2003-09-01,65.68,66.54
2003-09-04,namyang_dairy,남양유업,SELL,8944.0,136,1216384.0,12163.84,65.86,1210962.551138108,rebalance_out,2003-09-02,,
2003-09-04,doosan,두산/우,BUY,3749.0,319,1195931.0,11959.31,64.56,3072.241138107842,rebalance_in,2003-09-02,65.95,66.28
2003-09-24,doosan,두산/우,SELL,3424.0,319,1092256.0,10922.56,66.26,1084405.6811381078,rebalance_out,2003-09-15,,
2003-09-24,namyang_dairy,남양유업,BUY,8390.0,127,1065530.0,10655.300000000001,62.46,8220.38113810774,rebalance_in,2003-09-15,65.12,65.18
2003-09-25,namyang_dairy,남양유업,SELL,8499.0,127,1079373.0,10793.73,61.72,1076799.6511381078,rebalance_out,2003-09-24,,
2003-09-25,doosan,두산/우,BUY,3391.0,314,1064774.0,10647.74,65.15,1377.9111381077673,rebalance_in,2003-09-24,66.26,62.46
2003-11-03,doosan,두산/우,SELL,3485.0,314,1094290.0,10942.9,68.18,1084725.0111381079,rebalance_out,2003-10-31,,
2003-11-03,hyundai_motor_3pref,현대차/3우,BUY,16600.0,64,1062400.0,10624.0,58.91,11701.01113810786,rebalance_in,2003-10-31,59.7,68.02
2003-11-04,hyundai_motor_3pref,현대차/3우,SELL,17100.0,64,1094400.0,10944.0,60.42,1095157.0111381079,rebalance_out,2003-11-03,,
2003-11-04,doosan,두산/우,BUY,3512.0,308,1081696.0,10816.960000000001,67.51,2644.0511381078977,rebalance_in,2003-11-03,68.18,58.91
2003-11-25,doosan,두산/우,SELL,3380.0,308,1041040.0,10410.4,69.41,1033273.6511381079,rebalance_out,2003-11-24,,
2003-11-25,namyang_dairy,남양유업,BUY,8015.0,127,1017905.0,10179.050000000001,68.57,5189.601138107828,rebalance_in,2003-11-24,68.8,68.62
2003-11-26,namyang_dairy,남양유업,SELL,8005.0,127,1016635.0,10166.35,68.61,1011658.2511381079,rebalance_out,2003-11-25,,
2003-11-26,doosan,두산/우,BUY,3496.0,286,999856.0,9998.56,69.28,1803.6911381077953,rebalance_in,2003-11-25,69.41,68.57
2003-12-09,doosan,두산/우,SELL,3677.0,286,1051622.0,10516.22,71.17,1042909.4711381078,rebalance_out,2003-11-26,,
2003-12-09,namyang_dairy,남양유업,BUY,8351.0,123,1027173.0,10271.73,68.43,5464.741138107842,rebalance_in,2003-11-26,68.61,69.28
2003-12-10,namyang_dairy,남양유업,SELL,8351.0,123,1027173.0,10271.73,68.55,1022366.0111381079,rebalance_out,2003-12-09,,
2003-12-10,doosan,두산/우,BUY,3738.0,270,1009260.0,10092.6,70.7,3013.4111381078837,rebalance_in,2003-12-09,71.17,68.43
2004-01-12,doosan,두산/우,SELL,3842.0,270,1037340.0,10373.4,70.39,1029980.0111381079,rebalance_out,2003-12-30,,
2004-01-12,namyang_dairy,남양유업,BUY,8321.0,122,1015162.0,10151.62,72.03,4666.391138107865,rebalance_in,2003-12-30,70.85,70.9
2004-01-15,namyang_dairy,남양유업,SELL,8785.0,122,1071770.0,10717.7,72.5,1072739.2793734018,rebalance_out,2004-01-12,,
2004-01-15,doosan,두산/우,BUY,3782.0,280,1058960.0,10589.6,70.73,3189.679373401683,rebalance_in,2004-01-12,70.39,72.03
2004-02-18,hyundai_eandc,현대건설,SELL,18300.0,182,3330600.0,33306.0,-64.13,3300483.6793734017,rebalance_out,2004-02-17,,
2004-02-18,amore_holdings,아모레G,BUY,4119.0,639,2632041.0,26320.41,66.29,642122.2693734015,rebalance_in,2004-02-17,65.64,-65.62
2004-03-19,amore_holdings,아모레G,SELL,4077.0,639,2605203.0,26052.03,67.97,3221273.2393734017,rebalance_out,2004-03-17,,
2004-03-19,hyundai_motor_3pref,현대차/3우,BUY,19800.0,131,2593800.0,25938.0,62.57,601535.2393734017,rebalance_in,2004-03-17,62.31,67.77
2004-04-01,hyundai_motor_3pref,현대차/3우,SELL,19750.0,131,2587250.0,25872.5,62.02,3162912.7393734017,rebalance_out,2004-03-31,,
2004-04-01,amore_holdings,아모레G,BUY,4057.0,636,2580252.0,25802.52,69.75,556858.2193734017,rebalance_in,2004-03-31,69.8,62.02
2004-05-14,amore_holdings,아모레G,SELL,4325.0,636,2750700.0,27507.0,64.8,3280051.2193734017,rebalance_out,2004-05-13,,
2004-05-14,hyundai_motor_3pref,현대차/3우,BUY,17900.0,145,2595500.0,25955.0,58.08,658596.2193734017,rebalance_in,2004-05-13,58.16,66.57
2004-05-21,hyundai_motor_3pref,현대차/3우,SELL,17650.0,145,2559250.0,25592.5,58.95,3192253.7193734017,rebalance_out,2004-05-20,,
2004-05-21,amore_holdings,아모레G,BUY,4277.0,601,2570477.0,25704.77,68.19,596071.9493734017,rebalance_in,2004-05-20,67.83,58.19
2004-06-01,amore_holdings,아모레G,SELL,4331.0,601,2602931.0,26029.31,68.27,3172973.6393734016,rebalance_out,2004-05-31,,
2004-06-01,hyundai_motor_3pref,현대차/3우,BUY,18800.0,136,2556800.0,25568.0,57.18,590605.6393734016,rebalance_in,2004-05-31,57.59,68.65
2004-06-14,hyundai_motor_3pref,현대차/3우,SELL,17500.0,136,2380000.0,23800.0,56.68,2946805.6393734016,rebalance_out,2004-06-11,,
2004-06-14,amore_holdings,아모레G,BUY,4270.0,579,2472330.0,24723.3,69.34,449752.33937340183,rebalance_in,2004-06-11,68.14,57.74
2004-07-23,doosan,두산/우,SELL,3150.0,280,882000.0,8820.0,64.42,1322932.3393734018,rebalance_out,2004-07-15,,
2004-07-23,nexen_tire,넥센타이어,BUY,595.0,2201,1309595.0,13095.95,58.97,241.3893734018784,rebalance_in,2004-07-15,58.1,64.96
2004-07-27,nexen_tire,넥센타이어,SELL,578.0,2201,1272178.0,12721.78,59.3,1259697.6093734019,rebalance_out,2004-07-23,,
2004-07-27,doosan,두산/우,BUY,3067.0,406,1245202.0,12452.02,64.47,2043.5893734018318,rebalance_in,2004-07-23,64.42,58.97
2004-10-05,doosan,두산/우,SELL,4232.0,406,1718192.0,17181.920000000002,62.26,1703053.669373402,rebalance_out,2004-09-16,,
2004-10-05,namyang_dairy,남양유업,BUY,9102.0,185,1683870.0,16838.7,70.26,2344.969373401953,rebalance_in,2004-09-16,73.53,63.06
2004-10-06,amore_holdings,아모레G,SELL,4942.0,579,2861418.0,28614.18,69.12,2835148.7893734016,rebalance_out,2004-10-05,,
2004-10-06,doosan,두산/우,BUY,4227.0,639,2701053.0,27010.53,62.68,107085.25937340176,rebalance_in,2004-10-05,62.26,68.85
2004-10-07,doosan,두산/우,SELL,4177.0,639,2669103.0,26691.03,62.01,2749497.229373402,rebalance_out,2004-10-06,,
2004-10-07,amore_holdings,아모레G,BUY,4908.0,544,2669952.0,26699.52,68.94,52845.70937340194,rebalance_in,2004-10-06,69.12,62.68
2004-10-08,amore_holdings,아모레G,SELL,4908.0,544,2669952.0,26699.52,69.4,2696098.189373402,rebalance_out,2004-10-07,,
2004-10-08,doosan,두산/우,BUY,4155.0,634,2634270.0,26342.7,62.17,35485.48937340174,rebalance_in,2004-10-07,62.01,68.94
2004-10-11,doosan,두산/우,SELL,4287.0,634,2717958.0,27179.58,61.77,2726263.9093734017,rebalance_out,2004-10-08,,
2004-10-11,amore_holdings,아모레G,BUY,5080.0,521,2646680.0,26466.8,68.86,53117.10937340185,rebalance_in,2004-10-08,69.4,62.17
2004-10-12,amore_holdings,아모레G,SELL,5066.0,521,2639386.0,26393.86,68.68,2666109.249373402,rebalance_out,2004-10-11,,
2004-10-12,doosan,두산/우,BUY,4298.0,612,2630376.0,26303.760000000002,60.79,9429.489373402204,rebalance_in,2004-10-11,61.77,68.86
2004-10-13,doosan,두산/우,SELL,4562.0,612,2791944.0,27919.440000000002,62.11,2773454.0493734023,rebalance_out,2004-10-12,,
2004-10-13,amore_holdings,아모레G,BUY,5073.0,526,2668398.0,26683.98,67.47,78372.06937340228,rebalance_in,2004-10-12,68.68,60.79
2004-10-14,amore_holdings,아모레G,SELL,5045.0,526,2653670.0,26536.7,66.32,2705505.369373402,rebalance_out,2004-10-13,,
2004-10-14,doosan,두산/우,BUY,4562.0,580,2645960.0,26459.600000000002,62.96,33085.769373402,rebalance_in,2004-10-13,62.11,67.47
2004-10-15,doosan,두산/우,SELL,4650.0,580,2697000.0,26970.0,61.2,2703115.769373402,rebalance_out,2004-10-14,,
2004-10-15,amore_holdings,아모레G,BUY,5059.0,522,2640798.0,26407.98,66.0,35909.78937340202,rebalance_in,2004-10-14,66.32,62.96
2004-10-18,amore_holdings,아모레G,SELL,5080.0,522,2651760.0,26517.600000000002,66.17,2661152.189373402,rebalance_out,2004-10-15,,
2004-10-18,doosan,두산/우,BUY,4524.0,581,2628444.0,26284.440000000002,60.82,6423.749373401981,rebalance_in,2004-10-15,61.2,66.0
2004-10-19,doosan,두산/우,SELL,4590.0,581,2666790.0,26667.9,61.53,2646545.849373402,rebalance_out,2004-10-18,,
2004-10-19,amore_holdings,아모레G,BUY,5217.0,502,2618934.0,26189.34,65.95,1422.509373402223,rebalance_in,2004-10-18,66.17,60.82
2004-10-20,amore_holdings,아모레G,SELL,5011.0,502,2515522.0,25155.22,66.24,2491789.289373402,rebalance_out,2004-10-19,,
2004-10-20,doosan,두산/우,BUY,4540.0,543,2465220.0,24652.2,61.23,1917.0893734018318,rebalance_in,2004-10-19,61.53,65.95
2004-10-21,doosan,두산/우,SELL,4650.0,543,2524950.0,25249.5,63.07,2501617.589373402,rebalance_out,2004-10-20,,
2004-10-21,amore_holdings,아모레G,BUY,5073.0,488,2475624.0,24756.24,65.83,1237.3493734016083,rebalance_in,2004-10-20,66.24,61.23
2004-10-22,amore_holdings,아모레G,SELL,5148.0,488,2512224.0,25122.24,65.32,2488339.1093734014,rebalance_out,2004-10-21,,
2004-10-22,doosan,두산/우,BUY,4974.0,495,2462130.0,24621.3,61.0,1587.809373401571,rebalance_in,2004-10-21,63.07,65.83
2004-10-25,doosan,두산/우,SELL,4996.0,495,2473020.0,24730.2,58.31,2449877.6093734014,rebalance_out,2004-10-22,,
2004-10-25,amore_holdings,아모레G,BUY,5080.0,477,2423160.0,24231.600000000002,65.78,2486.0093734012917,rebalance_in,2004-10-22,65.32,61.0
2004-10-26,amore_holdings,아모레G,SELL,5148.0,477,2455596.0,24555.96,65.71,2433526.0493734013,rebalance_out,2004-10-25,,
2004-10-26,doosan,두산/우,BUY,5090.0,473,2407570.0,24075.7,56.94,1880.3493734011427,rebalance_in,2004-10-25,58.31,65.78
2004-10-27,doosan,두산/우,SELL,5150.0,473,2435950.0,24359.5,57.23,2413470.849373401,rebalance_out,2004-10-26,,
2004-10-27,amore_holdings,아모레G,BUY,5114.0,467,2388238.0,23882.38,65.55,1350.4693734012544,rebalance_in,2004-10-26,65.71,56.94
2004-10-28,amore_holdings,아모레G,SELL,5286.0,467,2468562.0,24685.62,64.64,2445226.849373401,rebalance_out,2004-10-27,,
2004-10-28,doosan,두산/우,BUY,5354.0,452,2420008.0,24200.08,55.13,1018.7693734010682,rebalance_in,2004-10-27,57.23,65.55
2004-10-29,doosan,두산/우,SELL,5332.0,452,2410064.0,24100.64,52.92,2386982.129373401,rebalance_out,2004-10-28,,
2004-10-29,amore_holdings,아모레G,BUY,5286.0,447,2362842.0,23628.420000000002,64.64,511.7093734010123,rebalance_in,2004-10-28,64.64,55.13
2004-11-01,amore_holdings,아모레G,SELL,5217.0,447,2331999.0,23319.99,64.53,2309190.719373401,rebalance_out,2004-10-29,,
2004-11-01,doosan,두산/우,BUY,5326.0,429,2284854.0,22848.54,53.87,1488.1793734007515,rebalance_in,2004-10-29,52.92,64.64
2004-11-02,doosan,두산/우,SELL,5442.0,429,2334618.0,23346.18,54.81,2312759.9993734006,rebalance_out,2004-11-01,,
2004-11-02,amore_holdings,아모레G,BUY,5368.0,426,2286768.0,22867.68,63.42,3124.319373400416,rebalance_in,2004-11-01,64.53,53.87
2004-11-26,amore_holdings,아모레G,SELL,5224.0,426,2225424.0,22254.24,62.02,2206294.0793734,rebalance_out,2004-11-25,,
2004-11-26,doosan,두산/우,BUY,6090.0,358,2180220.0,21802.2,55.87,4271.879373400006,rebalance_in,2004-11-25,55.7,62.83
2004-12-03,doosan,두산/우,SELL,6156.0,358,2203848.0,22038.48,55.92,2186081.3993734,rebalance_out,2004-12-02,,
2004-12-03,amore_holdings,아모레G,BUY,5594.0,386,2159284.0,21592.84,63.08,5204.559373400174,rebalance_in,2004-12-02,62.97,56.46
2004-12-09,namyang_dairy,남양유업,SELL,17492.0,185,3236020.0,32360.2,50.09,3208864.3593734,rebalance_out,2004-12-08,,
2004-12-09,doosan,두산/우,BUY,6145.0,487,2992615.0,29926.15,57.01,186323.20937340008,rebalance_in,2004-12-08,56.26,54.51
2004-12-24,doosan,두산/우,SELL,5662.0,487,2757394.0,27573.940000000002,53.82,2916143.2693734,rebalance_out,2004-12-23,,
2004-12-24,nexen_tire,넥센타이어,BUY,789.0,3659,2886951.0,28869.510000000002,55.04,322.75937340036035,rebalance_in,2004-12-23,56.17,53.17
2004-12-30,amore_holdings,아모레G,SELL,7414.0,386,2861804.0,28618.04,58.14,3083027.2253734004,rebalance_out,2004-12-29,,
2004-12-30,doosan,두산/우,BUY,5552.0,549,3048048.0,30480.48,57.57,4498.745373400394,rebalance_in,2004-12-29,57.64,57.25
2005-01-07,doosan,두산/우,SELL,5299.0,549,2909151.0,29091.510000000002,57.17,2884558.2353734006,rebalance_out,2005-01-06,,
2005-01-07,amore_holdings,아모레G,BUY,6796.0,420,2854320.0,28543.2,56.23,1695.0353734004311,rebalance_in,2005-01-06,55.45,56.59
2005-01-10,amore_holdings,아모레G,SELL,6796.0,420,2854320.0,28543.2,55.65,2827471.8353734002,rebalance_out,2005-01-07,,
2005-01-10,doosan,두산/우,BUY,5475.0,511,2797725.0,27977.25,56.52,1769.5853734002449,rebalance_in,2005-01-07,57.17,56.23
2005-01-11,doosan,두산/우,SELL,5354.0,511,2735894.0,27358.940000000002,59.09,2710304.6453734003,rebalance_out,2005-01-10,,
2005-01-11,amore_holdings,아모레G,BUY,6796.0,394,2677624.0,26776.24,55.94,5904.405373400077,rebalance_in,2005-01-10,55.65,56.52
2005-01-12,amore_holdings,아모레G,SELL,6796.0,394,2677624.0,26776.24,56.14,2656752.1653734,rebalance_out,2005-01-11,,
2005-01-12,doosan,두산/우,BUY,5359.0,490,2625910.0,26259.100000000002,57.98,4583.065373399761,rebalance_in,2005-01-11,59.09,55.94
2005-02-17,nexen_tire,넥센타이어,SELL,878.0,3659,3212602.0,32126.02,60.09,3185059.0453733997,rebalance_out,2005-02-11,,
2005-02-17,korea_circuit,코리아써키트/우,BUY,2737.0,1148,3142076.0,31420.760000000002,54.95,11562.285373399965,rebalance_in,2005-02-11,56.03,56.24
2005-03-11,korea_circuit,코리아써키트/우,SELL,2481.0,1148,2848188.0,28481.88,49.91,2831268.4053734,rebalance_out,2005-03-10,,
2005-03-11,kumho_petro,금호석유,BUY,9450.0,296,2797200.0,27972.0,57.24,6096.405373400077,rebalance_in,2005-03-10,55.69,51.38
2005-05-02,kumho_petro,금호석유,SELL,9200.0,296,2723200.0,27232.0,45.56,2702064.4053734,rebalance_out,2005-04-29,,
2005-05-02,korea_investment,한국금융지주,BUY,7570.0,353,2672210.0,26722.100000000002,44.95,3132.305373399984,rebalance_in,2005-04-29,47.04,45.64
2005-07-01,korea_investment,한국금융지주,SELL,10550.0,353,3724150.0,37241.5,45.9,3690040.8053734,rebalance_out,2005-06-24,,
2005-07-01,nexen_tire,넥센타이어,BUY,970.0,3536,3429920.0,34299.2,54.46,225821.6053733998,rebalance_in,2005-06-24,54.57,44.2
2005-07-28,nexen_tire,넥센타이어,SELL,985.0,3536,3482960.0,34829.6,47.47,3673952.0053733997,rebalance_out,2005-07-27,,
2005-07-28,doosan_2pref,두산/2우B,BUY,8721.0,417,3636657.0,36366.57,53.62,928.4353733998723,rebalance_in,2005-07-27,53.35,48.91
2005-08-24,doosan_2pref,두산/2우B,SELL,8226.0,417,3430242.0,34302.42,52.65,3396868.0153734,rebalance_out,2005-08-23,,
2005-08-24,sebang,세방,BUY,4100.0,820,3362000.0,33620.0,54.29,1248.0153733999468,rebalance_in,2005-08-23,53.01,51.26
2005-09-01,sebang,세방,SELL,4395.0,820,3603900.0,36039.0,51.17,3569109.0153734,rebalance_out,2005-08-31,,
2005-09-01,doosan_2pref,두산/2우B,BUY,8314.0,425,3533450.0,35334.5,54.59,324.51537339994684,rebalance_in,2005-08-31,55.81,50.69
2005-10-07,yuhwa_sec,유화증권,SELL,1940.0,2683,5205020.0,52050.200000000004,25.95,5153294.3153734,rebalance_out,2005-10-06,,
2005-10-07,korea_circuit,코리아써키트/우,BUY,2983.0,1634,4874222.0,48742.22,57.55,230330.0953734005,rebalance_in,2005-10-06,58.17,25.02
2005-10-12,doosan_2pref,두산/2우B,SELL,10502.0,425,4463350.0,44633.5,47.23,4649046.5953734005,rebalance_out,2005-10-11,,
2005-10-12,byc,BYC,BUY,6040.0,762,4602480.0,46024.8,57.61,541.7953734006733,rebalance_in,2005-10-11,57.46,49.44
2005-10-13,doosan,두산/우,SELL,9872.0,490,4837280.0,48372.8,51.47,4789448.995373401,rebalance_out,2005-10-12,,
2005-10-13,sebang,세방,BUY,5370.0,883,4741710.0,47417.1,53.91,321.89537340123206,rebalance_in,2005-10-12,55.17,48.63
2005-10-28,byc,BYC,SELL,5440.0,762,4145280.0,41452.8,48.44,4104149.0953734014,rebalance_out,2005-10-27,,
2005-10-28,lotte_chilsung,롯데칠성,BUY,43450.0,93,4040850.0,40408.5,53.18,22890.59537340142,rebalance_in,2005-10-27,54.93,50.47
2005-11-24,lotte_chilsung,롯데칠성,SELL,46650.0,93,4338450.0,43384.5,46.99,4317956.095373401,rebalance_out,2005-11-23,,
2005-11-24,doosan,두산/우,BUY,15391.0,277,4263307.0,42633.07,55.99,12016.02537340112,rebalance_in,2005-11-23,58.06,46.99
2005-12-23,sebang,세방,SELL,4240.0,883,3743920.0,37439.200000000004,55.13,3718496.825373401,rebalance_out,2005-12-22,,
2005-12-23,doosan_2pref,두산/2우B,BUY,15341.0,239,3666499.0,36664.99,59.56,15332.83537340071,rebalance_in,2005-12-22,58.85,54.54
2006-01-19,doosan_2pref,두산/2우B,SELL,14516.0,239,3469324.0,34693.24,57.07,3573753.1477734004,rebalance_out,2006-01-18,,
2006-01-19,byc,BYC,BUY,4985.0,709,3534365.0,35343.65,59.31,4044.497773400508,rebalance_in,2006-01-18,58.28,53.74
2006-02-10,doosan,두산/우,SELL,14346.0,277,3973842.0,39738.42,51.32,3938148.0777734006,rebalance_out,2006-02-09,,
2006-02-10,sebang,세방,BUY,3395.0,1148,3897460.0,38974.6,57.56,1713.4777734004892,rebalance_in,2006-02-09,56.68,50.39
2006-03-23,byc,BYC,SELL,5600.0,709,3970400.0,39704.0,48.62,3932409.4777734005,rebalance_out,2006-03-22,,
2006-03-23,namyang_dairy,남양유업,BUY,29598.0,131,3877338.0,38773.38,53.61,16298.097773400601,rebalance_in,2006-03-22,53.29,50.09
2006-03-31,sebang,세방,SELL,3475.0,1148,3989300.0,39893.0,55.9,3965705.0977734006,rebalance_out,2006-03-30,,
2006-03-31,hyundai_eandc,현대건설,BUY,23572.0,166,3912952.0,39129.520000000004,52.38,13623.577773400582,rebalance_in,2006-03-30,52.94,54.24
2006-04-18,hyundai_eandc,현대건설,SELL,24467.0,166,4061522.0,40615.22,53.84,4034530.3577734004,rebalance_out,2006-04-17,,
2006-04-18,sebang,세방,BUY,3490.0,1144,3992560.0,39925.6,55.99,2044.7577734002843,rebalance_in,2006-04-17,56.09,52.64
2006-05-11,sebang,세방,SELL,3515.0,1144,4021160.0,40211.6,52.5,3982993.1577734,rebalance_out,2006-05-10,,
2006-05-11,doosan,두산/우,BUY,18469.0,213,3933897.0,39338.97,53.08,9757.187773399986,rebalance_in,2006-05-10,52.55,52.99
2006-06-29,korea_circuit,코리아써키트/우,SELL,1979.0,1634,3233686.0,32336.86,46.45,3211106.3277734,rebalance_out,2006-06-28,,
2006-06-29,daekyo,대교,BUY,3545.0,896,3176320.0,31763.2,51.77,3023.1277733999304,rebalance_in,2006-06-28,50.0,46.29
2006-07-21,daekyo,대교,SELL,3300.0,896,2956800.0,29568.0,53.39,2930255.1277734,rebalance_out,2006-07-13,,
2006-07-21,doosan_2pref,두산/2우B,BUY,16386.0,177,2900322.0,29003.22,52.84,929.9077733997256,rebalance_in,2006-07-13,54.34,51.38
2006-08-30,doosan,두산/우,SELL,17479.0,213,3723027.0,37230.270000000004,56.09,3686726.6377733997,rebalance_out,2006-08-29,,
2006-08-30,kumho_petro,금호석유,BUY,10850.0,324,3515400.0,35154.0,56.77,136172.6377733997,rebalance_in,2006-08-29,55.62,54.58
2006-08-31,doosan_2pref,두산/2우B,SELL,17541.0,177,3104757.0,31047.57,55.81,3209882.0677734,rebalance_out,2006-08-30,,
2006-08-31,byc,BYC,BUY,6770.0,469,3175130.0,31751.3,56.88,3000.767773400061,rebalance_in,2006-08-30,58.86,55.8
2006-09-08,kumho_petro,금호석유,SELL,11700.0,324,3790800.0,37908.0,53.94,3755892.7677734,rebalance_out,2006-09-07,,
2006-09-08,doosan,두산/우,BUY,17589.0,200,3517800.0,35178.0,55.57,202914.76777340006,rebalance_in,2006-09-07,55.24,53.29
2006-09-27,doosan,두산/우,SELL,19788.0,200,3957600.0,39576.0,55.01,4120938.7677734,rebalance_out,2006-09-26,,
2006-09-27,doosan_2pref,두산/2우B,BUY,19465.0,186,3620490.0,36204.9,55.74,464243.86777340015,rebalance_in,2006-09-26,56.02,54.38
2006-10-20,doosan_2pref,두산/2우B,SELL,19465.0,186,3620490.0,36204.9,55.07,4048528.9677734002,rebalance_out,2006-10-19,,
2006-10-20,amorepacific,아모레퍼시픽,BUY,23000.0,158,3634000.0,36340.0,50.96,378188.96777340025,rebalance_in,2006-10-19,54.68,54.61
2006-10-26,amorepacific,아모레퍼시픽,SELL,22700.0,158,3586600.0,35866.0,52.61,3928922.9677734002,rebalance_out,2006-10-25,,
2006-10-26,doosan_2pref,두산/2우B,BUY,19575.0,185,3621375.0,36213.75,54.35,271334.21777340025,rebalance_in,2006-10-25,55.24,53.01
2006-11-01,byc,BYC,SELL,6250.0,469,2931250.0,29312.5,54.04,3173271.7177734002,rebalance_out,2006-10-31,,
2006-11-01,daekyo,대교,BUY,3720.0,844,3139680.0,31396.8,55.4,2194.9177734004334,rebalance_in,2006-10-31,56.42,54.25
2006-11-08,daekyo,대교,SELL,3870.0,844,3266280.0,32662.8,54.2,3235812.1177734006,rebalance_out,2006-11-07,,
2006-11-08,sebang,세방,BUY,3440.0,931,3202640.0,32026.4,56.01,1145.7177734007128,rebalance_in,2006-11-07,55.99,54.0
2006-11-21,namyang_dairy,남양유업,SELL,38689.0,131,5068259.0,50682.590000000004,51.64,5018722.1277734,rebalance_out,2006-11-20,,
2006-11-21,doosan,두산/우,BUY,23526.0,178,4187628.0,41876.28,56.78,789217.8477734001,rebalance_in,2006-11-20,56.89,50.65
2006-11-30,sebang,세방,SELL,4025.0,931,3747275.0,37472.75,54.93,4499020.0977734,rebalance_out,2006-11-29,,
2006-11-30,kumho_petro,금호석유,BUY,13550.0,326,4417300.0,44173.0,56.01,37547.097773400135,rebalance_in,2006-11-29,56.67,55.06
2006-12-08,kumho_petro,금호석유,SELL,14100.0,326,4596600.0,45966.0,55.02,4588181.0977734,rebalance_out,2006-12-06,,
2006-12-08,byc,BYC,BUY,6400.0,673,4307200.0,43072.0,55.86,237909.09777340014,rebalance_in,2006-12-06,56.67,55.78
2006-12-19,doosan,두산/우,SELL,23636.0,178,4207208.0,42072.08,57.94,4403045.0177734,rebalance_out,2006-12-18,,
2006-12-19,lg_household,LG생활건강,BUY,50400.0,84,4233600.0,42336.0,62.67,127109.01777340006,rebalance_in,2006-12-18,60.98,58.28
2006-12-28,byc,BYC,SELL,6400.0,673,4307200.0,43072.0,57.33,4537477.0177734,rebalance_out,2006-12-27,,
2006-12-28,doosan,두산/우,BUY,25010.0,177,4426770.0,44267.700000000004,60.03,66439.31777339987,rebalance_in,2006-12-27,62.08,56.07
2007-01-11,lg_household,LG생활건강,SELL,49900.0,84,4191600.0,41916.0,55.05,4216123.3177734,rebalance_out,2007-01-10,,
2007-01-11,kumho_petro,금호석유,BUY,13400.0,311,4167400.0,41674.0,56.07,7049.317773399875,rebalance_in,2007-01-10,57.64,54.17
2007-02-22,kumho_petro,금호석유,SELL,12100.0,311,3763100.0,37631.0,57.69,3732518.3177734,rebalance_out,2007-02-21,,
2007-02-22,namyang_dairy,남양유업,BUY,34588.0,106,3666328.0,36663.28,58.53,29527.03777340008,rebalance_in,2007-02-21,59.14,58.07
2007-03-29,namyang_dairy,남양유업,SELL,34588.0,106,3666328.0,36663.28,57.77,3659191.7577734003,rebalance_out,2007-03-27,,
2007-03-29,lg_household,LG생활건강,BUY,45300.0,79,3578700.0,35787.0,60.26,44704.757773400284,rebalance_in,2007-03-27,59.53,56.45
2007-04-02,doosan,두산/우,SELL,38257.0,177,6771489.0,67714.89,55.96,6748478.867773401,rebalance_out,2007-03-30,,
2007-04-02,byc,BYC,BUY,6490.0,893,5795570.0,57955.700000000004,61.02,894953.1677734004,rebalance_in,2007-03-30,61.83,54.95
2007-04-05,doosan_2pref,두산/2우B,SELL,37611.0,185,6958035.0,69580.35,55.05,7783407.817773401,rebalance_out,2007-04-04,,
2007-04-05,sebang,세방,BUY,4035.0,1415,5709525.0,57095.25,59.85,2016787.5677734008,rebalance_in,2007-04-04,60.88,55.12
2007-05-11,byc,BYC,SELL,7030.0,893,6277790.0,62777.9,60.51,8231799.6677734,rebalance_out,2007-05-10,,
2007-05-11,amorepacific,아모레퍼시픽,BUY,24250.0,253,6135250.0,61352.5,63.37,2035197.1677734004,rebalance_in,2007-05-10,63.36,61.06
2007-06-11,lg_household,LG생활건강,SELL,62800.0,79,4961200.0,49612.0,52.78,6946785.1677734,rebalance_out,2007-06-08,,
2007-06-11,doosan,두산/우,BUY,51668.0,133,6871844.0,68718.44,60.68,6222.727773400024,rebalance_in,2007-06-08,62.01,55.77
2007-06-12,amorepacific,아모레퍼시픽,SELL,28850.0,253,7299050.0,72990.5,58.49,7232282.2277734,rebalance_out,2007-06-11,,
2007-06-12,byc,BYC,BUY,9850.0,723,7121550.0,71215.5,63.11,39516.72777340002,rebalance_in,2007-06-11,63.07,58.57
2007-06-15,doosan,두산/우,SELL,65850.0,133,8758050.0,87580.5,60.08,8709986.2277734,rebalance_out,2007-06-14,,
2007-06-15,nexen_tire,넥센타이어,BUY,1710.0,4540,7763400.0,77634.0,67.37,868952.2277734,rebalance_in,2007-06-14,66.6,60.67
2007-06-27,sebang,세방,SELL,5260.0,1415,7442900.0,74429.0,59.38,8237423.2277734,rebalance_out,2007-06-26,,
2007-06-27,amorepacific,아모레퍼시픽,BUY,27000.0,272,7344000.0,73440.0,62.29,819983.2277734,rebalance_in,2007-06-26,62.76,59.53
2007-07-20,amorepacific,아모레퍼시픽,SELL,26800.0,272,7289600.0,72896.0,58.77,8036687.2277734,rebalance_out,2007-07-19,,
2007-07-20,sebang,세방,BUY,6420.0,1172,7524240.0,75242.40000000001,61.09,437204.82777339965,rebalance_in,2007-07-19,60.78,58.75
2007-08-17,byc,BYC,SELL,8770.0,723,6340710.0,63407.1,55.71,6714507.7277734,rebalance_out,2007-08-16,,
2007-08-17,doosan,두산/우,BUY,52108.0,127,6617716.0,66177.16,61.47,30614.567773399875,rebalance_in,2007-08-16,66.05,56.03
2007-08-23,sebang,세방,SELL,5850.0,1172,6856200.0,68562.0,62.74,6818252.5677734,rebalance_out,2007-08-22,,
2007-08-23,doosan_2pref,두산/2우B,BUY,54217.0,124,6722908.0,67229.08,63.88,28115.4877733998,rebalance_in,2007-08-22,65.13,61.78
2007-09-06,nexen_tire,넥센타이어,SELL,1810.0,4540,8217400.0,82174.0,61.49,8163341.4877734,rebalance_out,2007-09-05,,
2007-09-06,sebang,세방,BUY,5990.0,1257,7529430.0,75294.3,64.02,558617.1877734,rebalance_in,2007-09-05,63.94,61.77
2007-09-20,doosan,두산/우,SELL,91244.0,127,11587988.0,115879.88,57.56,12030725.3077734,rebalance_out,2007-09-19,,
2007-09-20,amorepacific,아모레퍼시픽,BUY,26300.0,388,10204400.0,102044.0,61.66,1724281.3077734,rebalance_in,2007-09-19,62.68,52.27
2007-09-28,doosan_2pref,두산/2우B,SELL,84789.0,124,10513836.0,105138.36,59.42,12132978.9477734,rebalance_out,2007-09-27,,
2007-09-28,lg_household,LG생활건강,BUY,62200.0,160,9952000.0,99520.0,62.3,2081458.9477734007,rebalance_in,2007-09-27,62.65,59.64
2007-10-12,sebang,세방,SELL,5620.0,1257,7064340.0,70643.40000000001,55.92,9075155.5477734,rebalance_out,2007-10-11,,
2007-10-12,doosan,두산/우,BUY,95531.0,94,8979914.0,89799.14,62.87,5442.407773399726,rebalance_in,2007-10-11,64.13,58.76
2007-10-18,lg_household,LG생활건강,SELL,64800.0,160,10368000.0,103680.0,61.88,10269762.4077734,rebalance_out,2007-10-17,,
2007-10-18,cj_cheiljedang,CJ제일제당,BUY,95900.0,103,9877700.0,98777.0,66.87,293285.4077733997,rebalance_in,2007-10-17,65.75,60.48
2007-10-29,amorepacific,아모레퍼시픽,SELL,30400.0,388,11795200.0,117952.0,63.81,11970533.4077734,rebalance_out,2007-10-25,,
2007-10-29,doosan_2pref,두산/2우B,BUY,106124.0,100,10612400.0,106124.0,64.26,1252009.4077733997,rebalance_in,2007-10-25,64.41,62.4
2007-11-15,doosan_2pref,두산/2우B,SELL,90948.0,100,9094800.0,90948.0,61.53,10255861.4077734,rebalance_out,2007-11-14,,
2007-11-15,amorepacific,아모레퍼시픽,BUY,26700.0,345,9211500.0,92115.0,64.68,952246.4077733997,rebalance_in,2007-11-14,65.37,63.26
2008-01-07,doosan,두산/우,SELL,70577.0,94,6634238.0,66342.38,67.0,7694367.0277734,rebalance_out,2008-01-04,,
2008-01-07,namyang_dairy,남양유업,BUY,29054.0,262,7612148.0,76121.48,68.39,6097.54777339939,rebalance_in,2008-01-04,67.72,64.49
2008-02-15,amorepacific,아모레퍼시픽,SELL,22150.0,345,7641750.0,76417.5,60.87,7571430.047773399,rebalance_out,2008-02-14,,
2008-02-15,doosan,두산/우,BUY,66509.0,112,7449008.0,74490.08,66.58,47931.967773399316,rebalance_in,2008-02-14,67.34,62.22
2008-04-14,namyang_dairy,남양유업,SELL,28758.0,262,7534596.0,75345.96,62.56,7507182.007773399,rebalance_out,2008-04-11,,
2008-04-14,amorepacific,아모레퍼시픽,BUY,16800.0,425,7140000.0,71400.0,69.73,295782.00777339935,rebalance_in,2008-04-11,69.79,63.54
2008-04-16,amorepacific,아모레퍼시픽,SELL,17250.0,425,7331250.0,73312.5,69.09,7553719.507773399,rebalance_out,2008-04-15,,
2008-04-16,lg_household,LG생활건강,BUY,57200.0,121,6921200.0,69212.0,70.74,563307.5077733994,rebalance_in,2008-04-15,71.11,69.6
2008-04-29,lg_household,LG생활건강,SELL,61700.0,121,7465700.0,74657.0,70.12,7954350.507773399,rebalance_out,2008-04-28,,
2008-04-29,amorepacific,아모레퍼시픽,BUY,17300.0,411,7110300.0,71103.0,71.96,772947.5077733994,rebalance_in,2008-04-28,71.04,69.78
2008-08-25,amorepacific,아모레퍼시픽,SELL,17500.0,411,7192500.0,71925.0,72.31,7893522.507773399,rebalance_out,2008-08-22,,
2008-08-25,lg_household,LG생활건강,BUY,55500.0,115,6382500.0,63825.0,71.97,1447197.5077733994,rebalance_in,2008-08-22,73.0,72.74
2008-09-01,lg_household,LG생활건강,SELL,52900.0,115,6083500.0,60835.0,72.16,7469862.507773399,rebalance_out,2008-08-29,,
2008-09-01,amorepacific,아모레퍼시픽,BUY,16550.0,347,5742850.0,57428.5,74.81,1669584.0077733994,rebalance_in,2008-08-29,73.31,70.95
2008-09-25,cj_cheiljedang,CJ제일제당,SELL,60500.0,103,6231500.0,62315.0,71.39,7838769.007773399,rebalance_out,2008-09-24,,
2008-09-25,lg_household,LG생활건강,BUY,52200.0,111,5794200.0,57942.0,72.74,1986627.0077733994,rebalance_in,2008-09-24,72.9,71.54
2009-03-30,lg_household,LG생활건강,SELL,43100.0,111,4784100.0,47841.0,70.88,7125671.007773399,rebalance_out,2009-03-27,,
2009-03-30,sebang,세방,BUY,3050.0,1550,4727500.0,47275.0,72.52,2350896.0077733994,rebalance_in,2009-03-27,72.52,71.06
2009-05-04,sebang,세방,SELL,3350.0,1550,5192500.0,51925.0,73.62,7491471.007773399,rebalance_out,2009-04-30,,
2009-05-04,lg_household,LG생활건강,BUY,43600.0,121,5275600.0,52756.0,75.57,2163115.0077733994,rebalance_in,2009-04-30,75.41,73.31
2009-05-25,lg_household,LG생활건강,SELL,54600.0,121,6606600.0,66066.0,69.41,8703649.0077734,rebalance_out,2009-05-22,,
2009-05-25,sebang,세방,BUY,3870.0,1596,6176520.0,61765.200000000004,70.46,2465363.807773399,rebalance_in,2009-05-22,71.24,70.08
2009-06-01,sebang,세방,SELL,3900.0,1596,6224400.0,62244.0,70.0,8627519.8077734,rebalance_out,2009-05-29,,
2009-06-01,kumho_petro,금호석유,BUY,8790.0,682,5994780.0,59947.8,72.53,2572792.0077734003,rebalance_in,2009-05-29,72.48,70.0
2009-06-10,kumho_petro,금호석유,SELL,8310.0,682,5667420.0,56674.200000000004,69.67,8183537.8077734,rebalance_out,2009-06-09,,
2009-06-10,lg_household,LG생활건강,BUY,57100.0,101,5767100.0,57671.0,71.52,2358766.8077734,rebalance_in,2009-06-09,71.94,71.38
2009-07-09,lg_household,LG생활건강,SELL,61300.0,101,6191300.0,61913.0,70.02,8488153.8077734,rebalance_out,2009-07-08,,
2009-07-09,kumho_petro,금호석유,BUY,9530.0,623,5937190.0,59371.9,72.58,2491591.9077733997,rebalance_in,2009-07-08,72.76,71.06
2009-09-07,doosan,두산/우,SELL,26988.0,112,3022656.0,30226.56,70.64,5484021.347773399,rebalance_out,2009-09-04,,
2009-09-07,nexen_tire,넥센타이어,BUY,1930.0,2813,5429090.0,54290.9,73.16,640.4477733988315,rebalance_in,2009-09-04,71.69,70.38
2009-09-10,nexen_tire,넥센타이어,SELL,1870.0,2813,5260310.0,52603.1,70.32,5208347.347773399,rebalance_out,2009-09-09,,
2009-09-10,lg_household,LG생활건강,BUY,64900.0,79,5127100.0,51271.0,73.78,29976.347773399204,rebalance_in,2009-09-09,73.47,70.12
2009-09-23,kumho_petro,금호석유,SELL,9060.0,623,5644380.0,56443.8,68.76,5617912.547773399,rebalance_out,2009-09-22,,
2009-09-23,doosan,두산/우,BUY,30012.0,185,5552220.0,55522.200000000004,71.06,10170.347773399204,rebalance_in,2009-09-22,72.07,69.24
2009-11-03,doosan,두산/우,SELL,27483.0,185,5084355.0,50843.55,69.37,5043681.797773399,rebalance_out,2009-11-02,,
2009-11-03,nexen_tire,넥센타이어,BUY,1845.0,2706,4992570.0,49925.700000000004,71.08,1186.097773399204,rebalance_in,2009-11-02,70.91,69.67
2009-11-18,amorepacific,아모레퍼시픽,SELL,26100.0,347,9056700.0,90567.0,70.31,8967319.0977734,rebalance_out,2009-11-17,,
2009-11-18,cj_cheiljedang,CJ제일제당,BUY,63000.0,104,6552000.0,65520.0,71.49,2349799.097773399,rebalance_in,2009-11-17,71.59,70.62
2009-11-25,nexen_tire,넥센타이어,SELL,1940.0,2706,5249640.0,52496.4,69.21,7546942.697773399,rebalance_out,2009-11-24,,
2009-11-25,amorepacific,아모레퍼시픽,BUY,26900.0,245,6590500.0,65905.0,69.71,890537.6977733988,rebalance_in,2009-11-24,69.09,68.2
2010-01-07,amorepacific,아모레퍼시픽,SELL,27950.0,245,6847750.0,68477.5,66.77,8007235.197773399,rebalance_out,2010-01-06,,
2010-01-07,nexen_tire,넥센타이어,BUY,1975.0,3418,6750550.0,67505.5,68.4,1189179.6977733988,rebalance_in,2010-01-06,69.11,67.44
2010-01-14,nexen_tire,넥센타이어,SELL,1840.0,3418,6289120.0,62891.200000000004,69.33,7415408.497773399,rebalance_out,2010-01-13,,
2010-01-14,doosan,두산/우,BUY,34684.0,189,6555276.0,65552.76,70.52,794579.7377733989,rebalance_in,2010-01-13,70.98,68.66
2010-02-04,doosan,두산/우,SELL,35178.0,189,6648642.0,66486.42,69.39,7376735.317773399,rebalance_out,2010-02-03,,
2010-02-04,hyundai_motor_3pref,현대차/3우,BUY,34500.0,192,6624000.0,66240.0,70.26,686495.317773399,rebalance_in,2010-02-03,70.27,68.41
2010-03-23,hyundai_motor_3pref,현대차/3우,SELL,34650.0,192,6652800.0,66528.0,70.51,7272767.317773399,rebalance_out,2010-03-22,,
2010-03-23,kumho_petro,금호석유,BUY,7270.0,953,6928310.0,69283.1,71.26,275174.2177733993,rebalance_in,2010-03-22,71.09,70.04
2010-04-09,cj_cheiljedang,CJ제일제당,SELL,64600.0,104,6718400.0,67184.0,71.22,6926390.217773399,rebalance_out,2010-04-08,,
2010-04-09,doosan,두산/우,BUY,42324.0,162,6856488.0,68564.88,71.28,1337.3377733994275,rebalance_in,2010-04-08,71.46,71.33
2010-04-21,doosan,두산/우,SELL,41005.0,162,6642810.0,66428.1,70.64,6577719.2377734,rebalance_out,2010-04-20,,
2010-04-21,amorepacific,아모레퍼시픽,BUY,23900.0,272,6500800.0,65008.0,71.92,11911.2377733998,rebalance_in,2010-04-20,72.0,70.24
2010-06-28,kumho_petro,금호석유,SELL,17050.0,953,16248650.0,162486.5,68.54,16098074.7377734,rebalance_out,2010-06-25,,
2010-06-28,doosan,두산/우,BUY,36388.0,293,10661684.0,106616.84,69.5,5329773.8977734,rebalance_in,2010-06-25,69.16,69.14
2010-07-20,doosan,두산/우,SELL,36718.0,293,10758374.0,107583.74,69.92,15980564.1577734,rebalance_out,2010-07-19,,
2010-07-20,kumho_petro,금호석유,BUY,15650.0,662,10360300.0,103603.0,71.95,5516661.1577734,rebalance_in,2010-07-19,71.48,70.1
2011-01-21,amorepacific,아모레퍼시픽,SELL,31200.0,272,8486400.0,84864.0,70.92,14991157.1577734,rebalance_out,2011-01-20,,
2011-01-21,doosan,두산/우,BUY,47986.0,309,14827674.0,148276.74,71.94,15206.417773399502,rebalance_in,2011-01-20,72.23,70.54
2011-01-26,doosan,두산/우,SELL,49415.0,309,15269235.0,152692.35,71.74,15131749.0677734,rebalance_out,2011-01-25,,
2011-01-26,nexen_tire,넥센타이어,BUY,3050.0,4912,14981600.0,149816.0,72.52,333.06777339987457,rebalance_in,2011-01-25,71.43,71.26
2011-09-16,lg_household,LG생활건강,SELL,112500.0,79,8887500.0,88875.0,77.04,8798958.0677734,rebalance_out,2011-09-15,,
2011-09-16,cj_cheiljedang,CJ제일제당,BUY,70000.0,124,8680000.0,86800.0,78.76,32158.067773399875,rebalance_in,2011-09-15,78.61,76.52
2011-10-11,cj_cheiljedang,CJ제일제당,SELL,68700.0,124,8518800.0,85188.0,75.98,8465770.0677734,rebalance_out,2011-10-10,,
2011-10-11,amorepacific,아모레퍼시픽,BUY,26800.0,312,8361600.0,83616.0,77.29,20554.067773399875,rebalance_in,2011-10-10,77.5,76.26
2011-11-14,amorepacific,아모레퍼시픽,SELL,27600.0,312,8611200.0,86112.0,75.83,8545642.0677734,rebalance_out,2011-11-11,,
2011-11-14,hyundai_motor_3pref,현대차/3우,BUY,50600.0,167,8450200.0,84502.0,78.14,10940.067773399875,rebalance_in,2011-11-11,78.14,75.62
2011-12-15,kumho_petro,금호석유,SELL,41700.0,662,27605400.0,276054.0,75.03,27340286.0677734,rebalance_out,2011-12-14,,
2011-12-15,cj_cheiljedang,CJ제일제당,BUY,68900.0,237,16329300.0,163293.0,77.03,10847693.067773402,rebalance_in,2011-12-14,76.67,75.23
2012-03-06,hyundai_motor_3pref,현대차/3우,SELL,46900.0,167,7832300.0,78323.0,78.34,19660000.0677734,rebalance_out,2012-03-05,,
2012-03-06,korea_circuit,코리아써키트/우,BUY,2277.0,7264,16540128.0,165401.28,78.24,2954470.7877734024,rebalance_in,2012-03-05,78.83,78.68
2012-03-15,korea_circuit,코리아써키트/우,SELL,2386.0,7264,17331904.0,173319.04,77.99,20113055.7477734,rebalance_out,2012-03-14,,
2012-03-15,hyundai_motor_3pref,현대차/3우,BUY,48550.0,347,16846850.0,168468.5,78.71,3097737.2477734014,rebalance_in,2012-03-14,78.49,77.93
2012-07-04,hyundai_motor_3pref,현대차/3우,SELL,50000.0,347,17350000.0,173500.0,78.77,20274237.2477734,rebalance_out,2012-07-03,,
2012-07-04,korea_circuit,코리아써키트/우,BUY,2874.0,5833,16764042.0,167640.42,79.9,3342554.8277733997,rebalance_in,2012-07-03,79.87,78.77
2012-07-17,cj_cheiljedang,CJ제일제당,SELL,63900.0,237,15144300.0,151443.0,77.3,18335411.8277734,rebalance_out,2012-07-16,,
2012-07-17,amore_holdings,아모레G,BUY,7310.0,2279,16659490.0,166594.9,78.69,1509326.9277734011,rebalance_in,2012-07-16,79.52,77.22
2012-08-23,amore_holdings,아모레G,SELL,13850.0,2279,31564150.0,315641.5,67.26,32757835.4277734,rebalance_out,2012-08-22,,
2012-08-23,cj_cheiljedang,CJ제일제당,BUY,65100.0,335,21808500.0,218085.0,78.66,10731250.427773401,rebalance_in,2012-08-22,78.89,65.64
2013-04-22,cj_cheiljedang,CJ제일제당,SELL,70900.0,335,23751500.0,237515.0,76.56,35184265.4277734,rebalance_out,2013-04-19,,
2013-04-22,lotte_chilsung,롯데칠성,BUY,36300.0,656,23812800.0,238128.0,78.28,11133337.427773401,rebalance_in,2013-04-19,77.46,77.16
2014-03-03,lotte_chilsung,롯데칠성,SELL,61500.0,656,40344000.0,403440.0,59.08,52279482.4277734,rebalance_out,2014-02-28,,
2014-03-03,sebang,세방,BUY,6470.0,5226,33812220.0,338122.2,64.84,18129140.2277734,rebalance_in,2014-02-28,66.22,60.66
2014-03-14,nexen_tire,넥센타이어,SELL,5500.0,4912,27016000.0,270160.0,60.71,44874980.2277734,rebalance_out,2014-03-13,,
2014-03-14,kolon_industries,코오롱인더,BUY,19300.0,1829,35299700.0,352997.0,61.93,9222283.227773398,rebalance_in,2014-03-13,61.54,59.79
2014-04-11,sebang,세방,SELL,6750.0,5226,35275500.0,352755.0,61.97,44145028.2277734,rebalance_out,2014-04-10,,
2014-04-11,korea_circuit_2pref,코리아써키트/2우B,BUY,4935.0,7879,38882865.0,388828.65,62.89,4873334.5777734,rebalance_in,2014-04-10,63.22,61.96
2014-04-14,kolon_industries,코오롱인더,SELL,24200.0,1829,44261800.0,442618.0,62.13,48692516.5777734,rebalance_out,2014-04-11,,
2014-04-14,byc,BYC,BUY,8550.0,4601,39338550.0,393385.5,63.46,8960581.0777734,rebalance_in,2014-04-11,63.27,62.77
2014-05-13,byc,BYC,SELL,9400.0,4601,43249400.0,432494.0,59.83,51777487.0777734,rebalance_out,2014-05-12,,
2014-05-13,kolon_industries,코오롱인더,BUY,24600.0,1574,38720400.0,387204.0,63.12,12669883.0777734,rebalance_in,2014-05-12,63.25,59.79
2014-05-14,korea_circuit,코리아써키트/우,SELL,4950.0,5833,28873350.0,288733.5,59.92,41254499.5777734,rebalance_out,2014-05-13,,
2014-05-14,sebang,세방,BUY,6800.0,5704,38787200.0,387872.0,63.24,2079427.5777733997,rebalance_in,2014-05-13,62.66,59.92
2014-05-27,korea_circuit_2pref,코리아써키트/2우B,SELL,4320.0,7879,34037280.0,340372.8,55.33,35776334.7777734,rebalance_out,2014-05-26,,
2014-05-27,namyang_dairy,남양유업,BUY,35379.0,1001,35414379.0,354143.79,62.56,7811.987773403525,rebalance_in,2014-05-26,61.51,56.36
2014-06-10,kolon_industries,코오롱인더,SELL,30100.0,1574,47377400.0,473774.0,56.75,46911437.9877734,rebalance_out,2014-06-09,,
2014-06-10,kumho_petro,금호석유,BUY,33650.0,1220,41053000.0,410530.0,59.6,5447907.9877734035,rebalance_in,2014-06-09,59.75,56.28
2014-07-30,sebang,세방,SELL,9950.0,5704,56754800.0,567548.0,50.62,61635159.9877734,rebalance_out,2014-07-29,,
2014-07-30,nexen_tire,넥센타이어,BUY,7860.0,6403,50327580.0,503275.8,53.49,10804304.187773407,rebalance_in,2014-07-29,53.94,49.88
2014-08-05,kumho_petro,금호석유,SELL,46300.0,1220,56486000.0,564860.0,49.29,66725444.18777341,rebalance_out,2014-08-04,,
2014-08-05,amore_holdings,아모레G,BUY,44450.0,1168,51917600.0,519176.0,51.37,14288668.187773407,rebalance_in,2014-08-04,51.8,50.7
2014-08-19,amore_holdings,아모레G,SELL,56000.0,1168,65408000.0,654080.0,45.21,79042588.1877734,rebalance_out,2014-08-18,,
2014-08-19,sebang,세방,BUY,10450.0,5419,56628550.0,566285.5,50.0,21847752.687773407,rebalance_in,2014-08-18,50.12,46.53
2014-08-28,nexen_tire,넥센타이어,SELL,7300.0,6403,46741900.0,467419.0,50.17,68122233.6877734,rebalance_out,2014-08-27,,
2014-08-28,korea_circuit,코리아써키트/우,BUY,4130.0,13390,55300700.0,553007.0,54.31,12268526.687773407,rebalance_in,2014-08-27,53.32,49.9
2014-09-01,sebang,세방,SELL,10200.0,5419,55273800.0,552738.0,51.31,66989588.68777341,rebalance_out,2014-08-29,,
2014-09-01,korea_circuit_2pref,코리아써키트/2우B,BUY,4335.0,12311,53368185.0,533681.85,50.68,13087721.837773405,rebalance_in,2014-08-29,52.09,50.35
2014-09-03,korea_circuit_2pref,코리아써키트/2우B,SELL,4300.0,12311,52937300.0,529373.0,50.4,65495648.837773405,rebalance_out,2014-09-02,,
2014-09-03,amore_holdings,아모레G,BUY,53900.0,980,52822000.0,528220.0,52.64,12145428.837773405,rebalance_in,2014-09-02,52.54,49.77
2014-09-15,amore_holdings,아모레G,SELL,52200.0,980,51156000.0,511560.0,49.17,62789868.837773405,rebalance_out,2014-09-12,,
2014-09-15,sebang,세방,BUY,9990.0,5192,51868080.0,518680.8,50.91,10403108.037773408,rebalance_in,2014-09-12,51.67,49.05
2014-10-10,korea_circuit,코리아써키트/우,SELL,3790.0,13390,50748100.0,507481.0,48.92,60643727.03777341,rebalance_out,2014-10-08,,
2014-10-10,kolon_industries,코오롱인더,BUY,27100.0,1768,47912800.0,479128.0,56.92,12251799.037773408,rebalance_in,2014-10-08,56.38,47.71
2014-10-23,kolon_industries,코오롱인더,SELL,25750.0,1768,45526000.0,455260.0,54.18,57322539.03777341,rebalance_out,2014-10-22,,
2014-10-23,nexen_tire,넥센타이어,BUY,5470.0,8148,44569560.0,445695.60000000003,57.76,12307283.437773407,rebalance_in,2014-10-22,57.33,54.53
2014-10-24,namyang_dairy,남양유업,SELL,31031.0,1001,31062031.0,310620.31,55.16,43058694.127773404,rebalance_out,2014-10-23,,
2014-10-24,lotte_chilsung,롯데칠성,BUY,82300.0,518,42631400.0,426314.0,56.84,980.1277734041214,rebalance_in,2014-10-23,57.18,55.92
2014-11-11,lotte_chilsung,롯데칠성,SELL,75400.0,518,39057200.0,390572.0,54.25,38667608.127773404,rebalance_out,2014-11-10,,
2014-11-11,namyang_dairy,남양유업,BUY,30240.0,1266,38283840.0,382838.4,54.93,929.7277734056115,rebalance_in,2014-11-10,56.48,54.36
2014-11-25,namyang_dairy,남양유업,SELL,27621.0,1266,34968186.0,349681.86,57.83,34619433.867773406,rebalance_out,2014-11-24,,
2014-11-25,kolon_industries,코오롱인더,BUY,19750.0,1735,34266250.0,342662.5,59.53,10521.367773406208,rebalance_in,2014-11-24,59.96,57.1
2014-12-08,nexen_tire,넥센타이어,SELL,5540.0,8148,45139920.0,451399.2,59.86,44699042.1677734,rebalance_out,2014-12-05,,
2014-12-08,namyang_dairy,남양유업,BUY,26139.0,1474,38528886.0,385288.86,60.28,5784867.307773404,rebalance_in,2014-12-05,60.28,59.27
2014-12-23,kolon_industries,코오롱인더,SELL,18200.0,1735,31577000.0,315770.0,59.1,37046097.307773404,rebalance_out,2014-12-22,,
2014-12-23,korea_circuit,코리아써키트/우,BUY,3735.0,9820,36677700.0,366777.0,59.84,1620.3077734038234,rebalance_in,2014-12-22,61.05,59.68
2015-01-05,namyang_dairy,남양유업,SELL,24409.0,1474,35978866.0,359788.66000000003,62.68,36578407.11037341,rebalance_out,2015-01-02,,
2015-01-05,korea_circuit_2pref,코리아써키트/2우B,BUY,4350.0,8325,36213750.0,362137.5,63.45,2519.6103734076023,rebalance_in,2015-01-02,64.0,61.84
2015-01-15,sebang,세방,SELL,7770.0,5192,40341840.0,403418.4,59.53,39940941.21037341,rebalance_out,2015-01-14,,
2015-01-15,kolon_industries,코오롱인더,BUY,19250.0,2020,38885000.0,388850.0,62.62,667091.2103734091,rebalance_in,2015-01-14,62.76,60.15
2015-01-29,kolon_industries,코오롱인더,SELL,18950.0,2020,38279000.0,382790.0,59.81,38563301.21037341,rebalance_out,2015-01-28,,
2015-01-29,nexen_tire,넥센타이어,BUY,5770.0,6617,38180090.0,381800.9,62.89,1410.3103734105825,rebalance_in,2015-01-28,63.36,60.46
2015-03-02,nexen_tire,넥센타이어,SELL,5740.0,6617,37981580.0,379815.8,62.11,37603174.51037341,rebalance_out,2015-02-27,,
2015-03-02,namyang_dairy,남양유업,BUY,27572.0,1350,37222200.0,372222.0,61.55,8752.510373413563,rebalance_in,2015-02-27,62.29,62.21
2015-05-20,korea_circuit,코리아써키트/우,SELL,4385.0,9820,43060700.0,430607.0,58.44,42638845.51037341,rebalance_out,2015-05-19,,
2015-05-20,kolon_industries,코오롱인더,BUY,26700.0,1471,39275700.0,392757.0,60.5,2970388.5103734136,rebalance_in,2015-05-19,60.4,56.8
2015-06-12,korea_circuit_2pref,코리아써키트/2우B,SELL,4140.0,8325,34465500.0,344655.0,60.19,37091233.51037341,rebalance_out,2015-06-10,,
2015-06-12,korea_circuit,코리아써키트/우,BUY,4125.0,8902,36720750.0,367207.5,60.34,3276.010373413563,rebalance_in,2015-06-10,60.83,59.95
2015-06-24,korea_circuit,코리아써키트/우,SELL,5560.0,8902,49495120.0,494951.2,44.12,49003444.81037341,rebalance_out,2015-06-23,,
2015-06-24,lotte_chilsung,롯데칠성,BUY,112500.0,393,44212500.0,442125.0,54.18,4348819.810373411,rebalance_in,2015-06-23,57.46,45.32
2015-07-10,kolon_industries,코오롱인더,SELL,26800.0,1471,39422800.0,394228.0,55.56,43377391.81037341,rebalance_out,2015-07-09,,
2015-07-10,nexen_tire,넥센타이어,BUY,5390.0,7713,41573070.0,415730.7,57.89,1388591.1103734076,rebalance_in,2015-07-09,57.35,54.01
2015-07-31,lotte_chilsung,롯데칠성,SELL,103200.0,393,40557600.0,405576.0,54.09,41540615.11037341,rebalance_out,2015-07-30,,
2015-07-31,kolon_industries,코오롱인더,BUY,24750.0,1661,41109750.0,411097.5,54.75,19767.610373407602,rebalance_in,2015-07-30,55.25,53.91
2015-08-10,kolon_industries,코오롱인더,SELL,25400.0,1661,42189400.0,421894.0,53.31,41787273.61037341,rebalance_out,2015-08-07,,
2015-08-10,lotte_chilsung,롯데칠성,BUY,91900.0,450,41355000.0,413550.0,58.75,18723.610373407602,rebalance_in,2015-08-07,58.11,54.51
2015-12-14,lotte_chilsung,롯데칠성,SELL,90500.0,450,40725000.0,407250.0,56.47,40336473.61037341,rebalance_out,2015-12-11,,
2015-12-14,kolon_industries,코오롱인더,BUY,27800.0,1387,38558600.0,385586.0,56.97,1392287.6103734076,rebalance_in,2015-12-11,56.92,55.55
2015-12-22,nexen_tire,넥센타이어,SELL,5250.0,7713,40493250.0,404932.5,57.14,41480605.11037341,rebalance_out,2015-12-21,,
2015-12-22,lotte_chilsung,롯데칠성,BUY,88500.0,438,38763000.0,387630.0,59.44,2329975.1103734076,rebalance_in,2015-12-21,59.52,57.56
2016-01-04,kolon_industries,코오롱인더,SELL,27350.0,1387,37934450.0,379344.5,56.86,41193163.22537341,rebalance_out,2015-12-30,,
2016-01-04,nexen_tire,넥센타이어,BUY,5070.0,7787,39480090.0,394800.9,57.93,1318272.3253734112,rebalance_in,2015-12-30,58.06,56.37
2016-01-11,nexen_tire,넥센타이어,SELL,4695.0,7787,36559965.0,365599.65,60.38,37512637.67537341,rebalance_out,2016-01-08,,
2016-01-11,byc,BYC,BUY,17100.0,2172,37141200.0,371412.0,62.0,25.675373412668705,rebalance_in,2016-01-08,62.16,59.03
2016-01-18,lotte_chilsung,롯데칠성,SELL,94900.0,438,41566200.0,415662.0,59.79,41150563.67537341,rebalance_out,2016-01-15,,
2016-01-18,nexen_tire,넥센타이어,BUY,4590.0,8338,38271420.0,382714.2,60.09,2496429.4753734097,rebalance_in,2016-01-15,59.65,59.32
2016-03-15,byc,BYC,SELL,22700.0,2172,49304400.0,493044.0,56.93,51307785.47537341,rebalance_out,2016-03-14,,
2016-03-15,korea_circuit,코리아써키트/우,BUY,4920.0,9137,44954040.0,449540.4,57.22,5904205.075373411,rebalance_in,2016-03-14,57.72,56.51
2016-04-12,korea_circuit,코리아써키트/우,SELL,4935.0,9137,45091095.0,450910.95,55.14,50544389.12537341,rebalance_out,2016-04-11,,
2016-04-12,byc,BYC,BUY,20500.0,2174,44567000.0,445670.0,58.16,5531719.125373408,rebalance_in,2016-04-11,57.42,54.72
2016-05-16,byc,BYC,SELL,20200.0,2174,43914800.0,439148.0,54.56,49007371.12537341,rebalance_out,2016-05-13,,
2016-05-16,lotte_chilsung,롯데칠성,BUY,86000.0,493,42398000.0,423980.0,56.83,6185391.125373408,rebalance_in,2016-05-13,57.33,55.78
2016-05-31,lotte_chilsung,롯데칠성,SELL,89300.0,493,44024900.0,440249.0,54.02,49770042.12537341,rebalance_out,2016-05-30,,
2016-05-31,byc,BYC,BUY,20500.0,2086,42763000.0,427630.0,57.29,6579412.125373408,rebalance_in,2016-05-30,56.51,54.0
2016-08-29,byc,BYC,SELL,19650.0,2086,40989900.0,409899.0,58.81,47159413.12537341,rebalance_out,2016-08-26,,
2016-08-29,kumho_petro,금호석유,BUY,27400.0,1550,42470000.0,424700.0,60.69,4264713.125373408,rebalance_in,2016-08-26,59.71,58.39
2016-09-08,kumho_petro,금호석유,SELL,27400.0,1550,42470000.0,424700.0,58.86,46310013.12537341,rebalance_out,2016-09-07,,
2016-09-08,byc,BYC,BUY,19200.0,2215,42528000.0,425280.0,59.28,3356733.125373408,rebalance_in,2016-09-07,59.52,58.98
2016-10-07,nexen_tire,넥센타이어,SELL,5710.0,8338,47609980.0,476099.8,60.21,50490613.32537341,rebalance_out,2016-10-06,,
2016-10-07,kumho_petro,금호석유,BUY,29000.0,1435,41615000.0,416150.0,59.61,8459463.325373411,rebalance_in,2016-10-06,60.27,58.01
2016-10-14,byc,BYC,SELL,19400.0,2215,42971000.0,429710.0,58.46,51000753.32537341,rebalance_out,2016-10-13,,
2016-10-14,nexen_tire,넥센타이어,BUY,5820.0,7113,41397660.0,413976.60000000003,59.16,9189116.72537341,rebalance_in,2016-10-13,59.52,59.07
2017-01-18,nexen_tire,넥센타이어,SELL,5430.0,7113,38623590.0,386235.9,62.68,49533168.44037341,rebalance_out,2017-01-17,,
2017-01-18,korea_circuit,코리아써키트/우,BUY,4295.0,9721,41751695.0,417516.95,64.21,7363956.49037341,rebalance_in,2017-01-17,63.98,62.93
2017-08-17,kumho_petro,금호석유,SELL,29600.0,1435,42476000.0,424760.0,60.59,49415196.49037341,rebalance_out,2017-08-16,,
2017-08-17,hanwha,한화,BUY,20500.0,2266,46453000.0,464530.0,60.12,2497666.4903734103,rebalance_in,2017-08-16,60.47,60.14
2017-08-24,hanwha,한화,SELL,20400.0,2266,46226400.0,462264.0,60.31,48261802.49037341,rebalance_out,2017-08-23,,
2017-08-24,kumho_petro,금호석유,BUY,28900.0,1574,45488600.0,454886.0,62.47,2318316.4903734103,rebalance_in,2017-08-23,62.5,60.1
2017-09-21,kumho_petro,금호석유,SELL,29050.0,1574,45724700.0,457247.0,61.98,47585769.49037341,rebalance_out,2017-09-20,,
2017-09-21,korea_circuit_2pref,코리아써키트/2우B,BUY,6790.0,6834,46402860.0,464028.60000000003,64.17,718880.8903734088,rebalance_in,2017-09-20,64.41,61.0
2017-11-08,korea_circuit_2pref,코리아써키트/2우B,SELL,6440.0,6834,44010960.0,440109.60000000003,60.49,44289731.29037341,rebalance_out,2017-11-07,,
2017-11-08,kumho_petro,금호석유,BUY,29050.0,1509,43836450.0,438364.5,60.58,14916.790373407304,rebalance_in,2017-11-07,61.22,59.69
2017-11-17,kumho_petro,금호석유,SELL,28200.0,1509,42553800.0,425538.0,61.16,42143178.79037341,rebalance_out,2017-11-16,,
2017-11-17,korea_circuit_2pref,코리아써키트/2우B,BUY,6430.0,6489,41724270.0,417242.7,64.28,1666.090373404324,rebalance_in,2017-11-16,63.46,60.93
2017-12-05,korea_circuit_2pref,코리아써키트/2우B,SELL,6210.0,6489,40296690.0,402966.9,56.42,39895389.190373406,rebalance_out,2017-12-04,,
2017-12-05,kumho_petro,금호석유,BUY,33800.0,1168,39478400.0,394784.0,62.69,22205.190373405814,rebalance_in,2017-12-04,62.64,54.19
2018-02-06,korea_circuit,코리아써키트/우,SELL,4735.0,9721,46028935.0,460289.35000000003,59.36,46957333.45537341,rebalance_out,2018-02-05,,
2018-02-06,lotte_chilsung,롯데칠성,BUY,62600.0,633,39625800.0,396258.0,60.05,6935275.455373406,rebalance_in,2018-02-05,60.71,59.15
2018-03-15,lotte_chilsung,롯데칠성,SELL,69900.0,633,44246700.0,442467.0,54.19,50739508.45537341,rebalance_out,2018-03-14,,
2018-03-15,lg_elec,LG전자,BUY,44450.0,877,38982650.0,389826.5,59.95,11367031.955373406,rebalance_in,2018-03-14,60.13,54.91
2018-04-02,lg_elec,LG전자,SELL,44900.0,877,39377300.0,393773.0,59.37,50350558.95537341,rebalance_out,2018-03-30,,
2018-04-02,amore_holdings,아모레G,BUY,58000.0,674,39092000.0,390920.0,61.2,10867638.955373406,rebalance_in,2018-03-30,60.99,59.13
2018-04-23,amore_holdings,아모레G,SELL,56300.0,674,37946200.0,379462.0,60.21,48434376.95537341,rebalance_out,2018-04-20,,
2018-04-23,cj_cheiljedang,CJ제일제당,BUY,131000.0,293,38383000.0,383830.0,60.54,9667546.955373406,rebalance_in,2018-04-20,60.34,60.21
2018-05-29,cj_cheiljedang,CJ제일제당,SELL,141500.0,293,41459500.0,414595.0,59.16,50712451.95537341,rebalance_out,2018-05-28,,
2018-05-29,samsung_electro,삼성전기,BUY,53800.0,767,41264600.0,412646.0,58.29,9035205.955373406,rebalance_in,2018-05-28,59.62,59.04
2018-10-18,samsung_electro,삼성전기,SELL,51300.0,767,39347100.0,393471.0,62.55,47988834.95537341,rebalance_out,2018-10-17,,
2018-10-18,cj_cheiljedang,CJ제일제당,BUY,121000.0,309,37389000.0,373890.0,63.66,10225944.955373406,rebalance_in,2018-10-17,63.66,62.59
2019-03-12,cj_cheiljedang,CJ제일제당,SELL,137000.0,309,42333000.0,423330.0,58.04,55007847.57037341,rebalance_out,2019-03-11,,
2019-03-12,lg_elec,LG전자,BUY,29900.0,1370,40963000.0,409630.0,59.81,13635217.570373408,rebalance_in,2019-03-11,60.16,58.75
2019-03-22,lg_elec,LG전자,SELL,30300.0,1370,41511000.0,415110.0,60.18,54731107.57037341,rebalance_out,2019-03-21,,
2019-03-22,nexen_tire,넥센타이어,BUY,3920.0,10367,40638640.0,406386.4,62.49,13686081.17037341,rebalance_in,2019-03-21,61.9,59.31
2019-04-26,nexen_tire,넥센타이어,SELL,4200.0,10367,43541400.0,435414.0,58.0,56792067.17037341,rebalance_out,2019-04-25,,
2019-04-26,samsung_sdi,삼성SDI,BUY,90400.0,469,42397600.0,423976.0,60.52,13970491.17037341,rebalance_in,2019-04-25,60.3,56.67
2019-08-12,kumho_petro,금호석유,SELL,29900.0,1168,34923200.0,349232.0,59.21,48544459.17037341,rebalance_out,2019-08-09,,
2019-08-12,samsung_electro,삼성전기,BUY,35850.0,1081,38753850.0,387538.5,59.63,9403070.67037341,rebalance_in,2019-08-09,59.45,58.29
2019-09-18,samsung_electro,삼성전기,SELL,39150.0,1081,42321150.0,423211.5,59.68,51301009.17037341,rebalance_out,2019-09-17,,
2019-09-18,amore_holdings,아모레G,BUY,24850.0,1577,39188450.0,391884.5,60.93,11720674.67037341,rebalance_in,2019-09-17,60.31,59.51
2019-10-18,amore_holdings,아모레G,SELL,28700.0,1577,45259900.0,452599.0,59.29,56527975.67037341,rebalance_out,2019-10-17,,
2019-10-18,nexen_tire,넥센타이어,BUY,3545.0,11363,40281835.0,402818.35000000003,61.68,15843322.320373408,rebalance_in,2019-10-17,62.21,60.11
2019-10-25,samsung_sdi,삼성SDI,SELL,87500.0,469,41037500.0,410375.0,61.28,56470447.32037341,rebalance_out,2019-10-24,,
2019-10-25,korea_circuit,코리아써키트/우,BUY,3240.0,12288,39813120.0,398131.2,66.49,16259196.120373406,rebalance_in,2019-10-24,64.61,61.46
2019-11-29,nexen_tire,넥센타이어,SELL,3465.0,11363,39372795.0,393727.95,62.05,55238263.1703734,rebalance_out,2019-11-28,,
2019-11-29,solus,솔루스첨단소재/1우,BUY,3455.0,11348,39207340.0,392073.4,62.25,15638849.770373404,rebalance_in,2019-11-28,62.97,61.22
2019-12-20,solus,솔루스첨단소재/1우,SELL,3450.0,11348,39150600.0,391506.0,60.65,54397943.770373404,rebalance_out,2019-12-19,,
2019-12-20,nexen_tire,넥센타이어,BUY,3460.0,11426,39533960.0,395339.60000000003,61.94,14468644.170373403,rebalance_in,2019-12-19,62.31,60.83
2020-01-06,nexen_tire,넥센타이어,SELL,3390.0,11426,38734140.0,387341.4,61.87,54212385.385373406,rebalance_out,2020-01-03,,
2020-01-06,solus,솔루스첨단소재/1우,BUY,3675.0,10886,40006050.0,400060.5,67.74,13806274.885373406,rebalance_in,2020-01-03,67.22,61.9
2020-02-21,solus,솔루스첨단소재/1우,SELL,5425.0,10886,59056550.0,590565.5,58.9,72272259.38537341,rebalance_out,2020-02-20,,
2020-02-21,lg_elec,LG전자,BUY,26150.0,1869,48874350.0,488743.5,60.44,22909165.885373414,rebalance_in,2020-02-20,60.34,58.0
2020-03-24,korea_circuit,코리아써키트/우,SELL,2585.0,12288,31764480.0,317644.8,58.84,54356001.08537342,rebalance_out,2020-03-23,,
2020-03-24,amorepacific,아모레퍼시픽,BUY,57100.0,553,31576300.0,315763.0,66.61,22463938.085373417,rebalance_in,2020-03-23,66.14,56.29
2020-04-02,lg_elec,LG전자,SELL,17900.0,1869,33455100.0,334551.0,63.69,55584487.08537342,rebalance_out,2020-04-01,,
2020-04-02,amore_holdings,아모레G,BUY,18150.0,1822,33069300.0,330693.0,65.69,22184494.085373417,rebalance_in,2020-04-01,65.91,63.83
2020-05-08,amore_holdings,아모레G,SELL,21400.0,1822,38990800.0,389908.0,62.91,60785386.08537342,rebalance_out,2020-05-07,,
2020-05-08,korea_circuit,코리아써키트/우,BUY,3075.0,11922,36660150.0,366601.5,63.99,23758634.585373417,rebalance_in,2020-05-07,64.66,62.57
2020-06-01,namyang_dairy,남양유업,SELL,10574.0,1350,14274900.0,142749.0,64.64,37890785.58537342,rebalance_out,2020-05-29,,
2020-06-01,doosan_fuelcell,두산퓨얼셀/1우,BUY,4440.0,8196,36390240.0,363902.4,69.95,1136643.185373418,rebalance_in,2020-05-29,70.36,64.36
2020-06-24,doosan_fuelcell,두산퓨얼셀/1우,SELL,13600.0,8196,111465600.0,1114656.0,56.64,111487587.18537343,rebalance_out,2020-06-23,,
2020-06-24,lg_elec,LG전자,BUY,26700.0,2553,68165100.0,681651.0,60.15,42640836.185373425,rebalance_in,2020-06-23,59.61,52.89
2020-07-22,lg_elec,LG전자,SELL,27600.0,2553,70462800.0,704628.0,63.2,112399008.18537343,rebalance_out,2020-07-21,,
2020-07-22,doosan_fuelcell,두산퓨얼셀/1우,BUY,13350.0,5228,69793800.0,697938.0,66.67,41907270.185373425,rebalance_in,2020-07-21,65.67,62.48
2020-08-27,korea_circuit,코리아써키트/우,SELL,4955.0,11922,59073510.0,590735.1,60.36,100390045.08537343,rebalance_out,2020-08-26,,
2020-08-27,kumho_petro,금호석유,BUY,38200.0,1676,64023200.0,640232.0,61.99,35726613.08537343,rebalance_in,2020-08-26,61.65,60.47
2020-09-10,doosan_fuelcell,두산퓨얼셀/1우,SELL,21450.0,5228,112140600.0,1121406.0,59.01,146745807.08537343,rebalance_out,2020-09-09,,
2020-09-10,korea_circuit,코리아써키트/우,BUY,5260.0,15611,82113860.0,821138.6,65.28,63810808.48537344,rebalance_in,2020-09-09,64.71,56.88
2020-09-15,kumho_petro,금호석유,SELL,40850.0,1676,68464600.0,684646.0,60.53,131590762.48537344,rebalance_out,2020-09-14,,
2020-09-15,lg_elec,LG전자,BUY,35250.0,2332,82203000.0,822030.0,61.6,48565732.48537344,rebalance_in,2020-09-14,61.62,60.96
2020-11-05,korea_circuit,코리아써키트/우,SELL,4940.0,15611,77118340.0,771183.4,62.86,124912889.08537343,rebalance_out,2020-11-04,,
2020-11-05,doosan_fuelcell,두산퓨얼셀/1우,BUY,14950.0,5170,77291500.0,772915.0,64.06,46848474.08537343,rebalance_in,2020-11-04,63.29,61.67
2020-12-08,lg_elec,LG전자,SELL,35000.0,2332,81620000.0,816200.0,63.16,127652274.08537343,rebalance_out,2020-12-07,,
2020-12-08,amore_holdings,아모레G,BUY,19750.0,3853,76096750.0,760967.5,63.56,50794556.58537343,rebalance_in,2020-12-07,62.94,62.39
2020-12-29,amore_holdings,아모레G,SELL,19900.0,3853,76674700.0,766747.0,63.69,128053129.58537343,rebalance_out,2020-12-28,,
2020-12-29,solus,솔루스첨단소재/1우,BUY,7925.0,9882,78314850.0,783148.5,67.03,48955131.08537343,rebalance_in,2020-12-28,66.12,62.8
2021-01-27,amorepacific,아모레퍼시픽,SELL,88400.0,553,48885200.0,488852.0,61.9,97351479.08537343,rebalance_out,2021-01-26,,
2021-01-27,doosan_fuelcell_2pref,두산퓨얼셀/2우B,BUY,22850.0,4218,96381300.0,963813.0,62.66,6366.085373431444,rebalance_in,2021-01-26,62.33,61.26
2021-02-03,solus,솔루스첨단소재/1우,SELL,9300.0,9882,91902600.0,919026.0,60.56,90989940.08537343,rebalance_out,2021-02-02,,
2021-02-03,amorepacific,아모레퍼시픽,BUY,83700.0,1076,90061200.0,900612.0,63.21,28128.085373431444,rebalance_in,2021-02-02,63.48,59.72
2021-03-10,doosan_fuelcell_2pref,두산퓨얼셀/2우B,SELL,17100.0,4218,72127800.0,721278.0,62.17,71434650.08537343,rebalance_out,2021-03-09,,
2021-03-10,amore_holdings,아모레G,BUY,21200.0,3336,70723200.0,707232.0,66.56,4218.085373431444,rebalance_in,2021-03-09,66.64,62.59
2021-03-16,amorepacific,아모레퍼시픽,SELL,81700.0,1076,87909200.0,879092.0,64.09,87034326.08537343,rebalance_out,2021-03-15,,
2021-03-16,solus,솔루스첨단소재/1우,BUY,7550.0,10620,80181000.0,801810.0,66.65,6051516.085373431,rebalance_in,2021-03-15,65.52,64.77
2021-03-24,solus,솔루스첨단소재/1우,SELL,7450.0,10620,79119000.0,791190.0,65.55,84379326.08537343,rebalance_out,2021-03-23,,
2021-03-24,amorepacific,아모레퍼시픽,BUY,82200.0,950,78090000.0,780900.0,67.89,5508426.085373431,rebalance_in,2021-03-23,67.36,65.05
2021-04-06,amore_holdings,아모레G,SELL,22100.0,3336,73725600.0,737256.0,66.57,78496770.08537343,rebalance_out,2021-04-05,,
2021-04-06,solus,솔루스첨단소재/1우,BUY,7425.0,10467,77717475.0,777174.75,67.75,2120.335373431444,rebalance_in,2021-04-05,67.92,66.97
2021-05-06,doosan_fuelcell,두산퓨얼셀/1우,SELL,14550.0,5170,75223500.0,752235.0,62.79,74473385.33537343,rebalance_out,2021-05-04,,
2021-05-06,amore_holdings,아모레G,BUY,25800.0,2857,73710600.0,737106.0,65.09,25679.335373431444,rebalance_in,2021-05-04,64.29,63.95
2021-06-02,amorepacific,아모레퍼시픽,SELL,103000.0,950,97850000.0,978500.0,63.86,96897179.33537343,rebalance_out,2021-06-01,,
2021-06-02,doosan_fuelcell,두산퓨얼셀/1우,BUY,15800.0,5617,88748600.0,887486.0,66.06,7261093.335373431,rebalance_in,2021-06-01,65.14,63.86
2021-06-18,amore_holdings,아모레G,SELL,26800.0,2857,76567600.0,765676.0,64.08,83063017.33537343,rebalance_out,2021-06-17,,
2021-06-18,amorepacific,아모레퍼시픽,BUY,99000.0,830,82170000.0,821700.0,64.83,71317.33537343144,rebalance_in,2021-06-17,64.85,64.24
2021-10-07,amorepacific,아모레퍼시픽,SELL,73300.0,830,60839000.0,608390.0,59.73,60301927.33537343,rebalance_out,2021-10-06,,
2021-10-07,amore_holdings,아모레G,BUY,19200.0,3109,59692800.0,596928.0,61.68,12199.335373431444,rebalance_in,2021-10-06,62.34,59.32
2021-11-15,amore_holdings,아모레G,SELL,17700.0,3109,55029300.0,550293.0,63.62,54491206.33537343,rebalance_out,2021-11-12,,
2021-11-15,solus_2pref,솔루스첨단소재/2우B,BUY,15550.0,3469,53942950.0,539429.5,68.35,8826.835373431444,rebalance_in,2021-11-12,68.43,63.73
2021-12-23,solus_2pref,솔루스첨단소재/2우B,SELL,14050.0,3469,48739450.0,487394.5,65.73,48260882.33537343,rebalance_out,2021-12-22,,
2021-12-23,korea_circuit,코리아써키트/우,BUY,8210.0,5820,47782200.0,477822.0,70.94,860.3353734314442,rebalance_in,2021-12-22,68.67,65.84
2022-01-24,korea_circuit,코리아써키트/우,SELL,9800.0,5820,57036000.0,570360.0,66.15,56995083.83537343,rebalance_out,2022-01-21,,
2022-01-24,solus_2pref,솔루스첨단소재/2우B,BUY,12575.0,4487,56424025.0,564240.25,66.53,6818.585373431444,rebalance_in,2022-01-21,67.19,65.75
2022-02-17,solus_2pref,솔루스첨단소재/2우B,SELL,13650.0,4487,61247550.0,612475.5,54.0,60641893.08537343,rebalance_out,2022-02-16,,
2022-02-17,korea_circuit_2pref,코리아써키트/2우B,BUY,9330.0,6435,60038550.0,600385.5,66.26,2957.585373431444,rebalance_in,2022-02-16,66.36,62.68
2022-04-04,korea_circuit_2pref,코리아써키트/2우B,SELL,10650.0,6435,68532750.0,685327.5,65.42,67850380.08537343,rebalance_out,2022-04-01,,
2022-04-04,solus_2pref,솔루스첨단소재/2우B,BUY,10450.0,6428,67172600.0,671726.0,67.8,6054.085373431444,rebalance_in,2022-04-01,67.05,64.72
2022-12-12,solus_2pref,솔루스첨단소재/2우B,SELL,5550.0,6428,35675400.0,356754.0,67.06,35324700.08537343,rebalance_out,2022-12-09,,
2022-12-12,sebang,세방,BUY,8390.0,4168,34969520.0,349695.2,68.64,5484.885373428464,rebalance_in,2022-12-09,68.03,67.74
2023-01-26,doosan_fuelcell,두산퓨얼셀/1우,SELL,10020.0,5617,56282340.0,562823.4,70.44,57524824.98537343,rebalance_out,2023-01-25,,
2023-01-26,solus_2pref,솔루스첨단소재/2우B,BUY,5570.0,8342,46464940.0,464649.4,70.99,10595235.585373431,rebalance_in,2023-01-25,70.55,70.05
2023-05-02,sebang,세방,SELL,8330.0,4168,34719440.0,347194.4,53.77,44967481.18537343,rebalance_out,2023-04-28,,
2023-05-02,doosan_fuelcell,두산퓨얼셀/1우,BUY,9010.0,4941,44518410.0,445184.10000000003,70.02,3887.085373431444,rebalance_in,2023-04-28,69.87,53.77
2023-08-14,doosan_fuelcell,두산퓨얼셀/1우,SELL,8300.0,4941,41010300.0,410103.0,67.64,40604084.08537343,rebalance_out,2023-08-11,,
2023-08-14,amorepacific,아모레퍼시픽,BUY,38750.0,1027,39796250.0,397962.5,70.55,409871.58537343144,rebalance_in,2023-08-11,70.28,68.21
2023-12-01,solus_2pref,솔루스첨단소재/2우B,SELL,3725.0,8342,31073950.0,310739.5,69.02,31173082.08537343,rebalance_out,2023-11-30,,
2023-12-01,doosan_fuelcell,두산퓨얼셀/1우,BUY,7100.0,4347,30863700.0,308637.0,69.06,745.0853734314442,rebalance_in,2023-11-30,70.37,68.34
2024-10-17,doosan_fuelcell,두산퓨얼셀/1우,SELL,5400.0,4347,23473800.0,234738.0,69.73,24708095.58537343,rebalance_out,2024-10-16,,
2024-10-17,hanjinkal,한진칼,BUY,25850.0,946,24454100.0,244541.0,72.23,9454.585373431444,rebalance_in,2024-10-16,72.17,69.97
2024-11-15,hanjinkal,한진칼,SELL,23400.0,946,22136400.0,221364.0,69.37,21924490.58537343,rebalance_out,2024-11-14,,
2024-11-15,doosan_fuelcell,두산퓨얼셀/1우,BUY,4550.0,4770,21703500.0,217035.0,69.67,3955.585373431444,rebalance_in,2024-11-14,69.68,69.47
2024-11-29,amorepacific,아모레퍼시픽,SELL,32350.0,1027,33223450.0,332234.5,68.95,32895171.08537343,rebalance_out,2024-11-28,,
2024-11-29,hanjinkal,한진칼,BUY,24150.0,1096,26468400.0,264684.0,69.93,6162087.085373431,rebalance_in,2024-11-28,69.01,69.0
2024-12-19,hanjinkal,한진칼,SELL,23750.0,1096,26030000.0,260300.0,68.12,31931787.08537343,rebalance_out,2024-12-18,,
2024-12-19,amorepacific,아모레퍼시픽,BUY,33150.0,767,25426050.0,254260.5,69.75,6251476.585373431,rebalance_in,2024-12-18,69.41,68.64
2025-02-04,doosan_fuelcell,두산퓨얼셀/1우,SELL,4795.0,4770,22872150.0,228721.5,69.88,29010042.08537343,rebalance_out,2025-02-03,,
2025-02-04,hanjinkal,한진칼,BUY,24000.0,1100,26400000.0,264000.0,71.01,2346042.0853734314,rebalance_in,2025-02-03,69.87,69.2
2025-02-21,amorepacific,아모레퍼시픽,SELL,35850.0,767,27496950.0,274969.5,69.92,29568022.58537343,rebalance_out,2025-02-20,,
2025-02-21,doosan_fuelcell,두산퓨얼셀/1우,BUY,4820.0,5521,26611220.0,266112.2,71.02,2690690.385373432,rebalance_in,2025-02-20,71.07,70.28
2025-05-22,hanjinkal,한진칼,SELL,36300.0,1100,39930000.0,399300.0,67.79,42221390.38537343,rebalance_out,2025-05-21,,
2025-05-22,amorepacific,아모레퍼시픽,BUY,38000.0,749,28462000.0,284620.0,69.6,13474770.385373428,rebalance_in,2025-05-21,69.18,68.06
2025-06-12,amorepacific,아모레퍼시픽,SELL,46100.0,749,34528900.0,345289.0,66.0,47658381.38537343,rebalance_out,2025-06-11,,
2025-06-12,hanjinkal,한진칼,BUY,43150.0,734,31672100.0,316721.0,72.16,15669560.385373428,rebalance_in,2025-06-11,70.01,67.36
2025-08-27,hanjinkal,한진칼,SELL,38050.0,734,27928700.0,279287.0,65.28,43318973.38537343,rebalance_out,2025-08-26,,
2025-08-27,amorepacific,아모레퍼시픽,BUY,40500.0,812,32886000.0,328860.0,66.42,10104113.385373428,rebalance_in,2025-08-26,66.31,66.19
2025-09-08,amorepacific,아모레퍼시픽,SELL,40150.0,812,32601800.0,326018.0,66.32,42379895.38537343,rebalance_out,2025-09-05,,
2025-09-08,hanjinkal,한진칼,BUY,36550.0,886,32383300.0,323833.0,66.59,9672762.385373428,rebalance_in,2025-09-05,66.3,65.99
2025-11-05,hanjinkal,한진칼,SELL,32550.0,886,28839300.0,288393.0,67.55,38223669.38537343,rebalance_out,2025-11-04,,
2025-11-05,doosan_fuelcell_2pref,두산퓨얼셀/2우B,BUY,11900.0,3045,36235500.0,362355.0,71.15,1625814.3853734285,rebalance_in,2025-11-04,71.1,67.59
2025-11-13,doosan_fuelcell_2pref,두산퓨얼셀/2우B,SELL,12080.0,3045,36783600.0,367836.0,67.26,38041578.38537343,rebalance_out,2025-11-12,,
2025-11-13,daeduck_electronics,대덕전자,BUY,13950.0,2681,37399950.0,373999.5,71.82,267628.88537342846,rebalance_in,2025-11-12,72.77,67.37
2025-11-25,daeduck_electronics,대덕전자,SELL,16900.0,2681,45308900.0,453089.0,68.05,45123439.88537343,rebalance_out,2025-11-24,,
2025-11-25,korea_circuit_2pref,코리아써키트/2우B,BUY,8420.0,4235,35658700.0,356587.0,72.21,9108152.885373428,rebalance_in,2025-11-24,71.36,67.61
2026-04-10,solus,솔루스첨단소재/1우,SELL,2100.0,10467,21980700.0,219807.0,78.33,31428857.88537343,rebalance_out,2026-04-09,,
2026-04-10,daeduck_electronics,대덕전자,BUY,19560.0,1590,31100400.0,311004.0,78.24,17453.885373428464,rebalance_in,2026-04-09,78.16,77.78
2026-04-17,daeduck_electronics,대덕전자,SELL,20150.0,1590,32038500.0,320385.0,78.63,31735568.88537343,rebalance_out,2026-04-16,,
2026-04-17,solus,솔루스첨단소재/1우,BUY,2200.0,14282,31420400.0,314204.0,79.5,964.8853734284639,rebalance_in,2026-04-16,79.47,78.46
2026-05-11,solus,솔루스첨단소재/1우,SELL,2380.0,14282,33991160.0,339911.60000000003,80.62,33652213.28537343,rebalance_out,2026-05-08,,
2026-05-11,doosan_fuelcell_2pref,두산퓨얼셀/2우B,BUY,14240.0,2339,33307360.0,333073.60000000003,85.27,11779.685373425484,rebalance_in,2026-05-08,84.43,80.87
2026-05-19,korea_circuit_2pref,코리아써키트/2우B,SELL,18000.0,4235,76230000.0,762300.0,77.72,75479479.68537343,rebalance_out,2026-05-18,,
2026-05-19,solus,솔루스첨단소재/1우,BUY,2135.0,25161,53718735.0,537187.35,79.9,21223557.335373424,rebalance_in,2026-05-18,80.59,76.86
